46.5099983215332,53.63999938964844,42.51499938964844,44.11000061035156,44.11000061035156,4120700
43.4900016784668,47.0,41.58000183105469,45.9900016784668,45.9900016784668,1142400
46.93999862670898,47.0,43.209999084472656,45.0099983215332,45.0099983215332,741300
44.54999923706055,59.39699935913086,40.630001068115234,51.040000915527344,51.040000915527344,5913800
53.970001220703125,54.09000015258789,50.59999847412109,51.0,51.0,1146800
49.900001525878906,53.09999847412109,48.5,49.59999847412109,49.59999847412109,967500
50.060001373291016,50.93000030517578,45.9370002746582,47.84999847412109,47.84999847412109,584700
48.04999923706055,49.7400016784668,45.5,45.70000076293945,45.70000076293945,391700
45.52999877929688,46.7599983215332,42.54999923706055,44.58000183105469,44.58000183105469,557900
44.58000183105469,53.400001525878906,44.58000183105469,53.369998931884766,53.369998931884766,1164100
52.79999923706055,56.130001068115234,47.59999847412109,48.720001220703125,48.720001220703125,1362000
48.43999862670898,51.88999938964844,48.150001525878906,49.59000015258789,49.59000015258789,305700
50.290000915527344,51.92499923706055,48.77299880981445,49.09999847412109,49.09999847412109,303900
49.20000076293945,50.060001373291016,47.0099983215332,47.38999938964844,47.38999938964844,268900
47.75,48.20000076293945,45.34999847412109,47.5,47.5,361600
46.15999984741211,46.79999923706055,44.810001373291016,44.959999084472656,44.959999084472656,555500
44.470001220703125,44.60699844360352,42.34000015258789,42.400001525878906,42.400001525878906,589800
42.52999877929688,44.87799835205078,42.34999847412109,43.9900016784668,43.9900016784668,547300
44.47999954223633,44.5,43.18999862670898,43.75,43.75,242500
43.43000030517578,44.417999267578125,42.37699890136719,43.619998931884766,43.619998931884766,446100
43.31999969482422,44.34999847412109,42.650001525878906,44.16999816894531,44.16999816894531,293600
44.38999938964844,44.38999938964844,42.59099960327149,43.06999969482422,43.06999969482422,354200
43.0,43.178001403808594,41.7140007019043,42.290000915527344,42.290000915527344,323100
42.20000076293945,43.650001525878906,42.20000076293945,42.93000030517578,42.93000030517578,273100
42.72999954223633,43.58000183105469,42.0,42.2599983215332,42.2599983215332,139800
42.33000183105469,42.97999954223633,40.21099853515625,41.18999862670898,41.18999862670898,401800
41.02999877929688,44.40999984741211,41.02799987792969,44.34999847412109,44.34999847412109,326000
44.02999877929688,46.380001068115234,42.6619987487793,45.310001373291016,45.310001373291016,324100
45.5,46.0,42.220001220703125,42.81999969482422,42.81999969482422,268500
42.93000030517578,42.93000030517578,39.84999847412109,40.400001525878906,40.400001525878906,483700
40.720001220703125,41.33000183105469,38.130001068115234,38.34000015258789,38.34000015258789,329500
38.38999938964844,39.77000045776367,38.0099983215332,38.18000030517578,38.18000030517578,335800
37.93000030517578,38.040000915527344,37.0099983215332,37.130001068115234,37.130001068115234,282200
37.5,37.5,36.15999984741211,37.15999984741211,37.15999984741211,191200
37.0,41.38999938964844,36.9900016784668,40.75,40.75,381600
41.209999084472656,42.630001068115234,40.560001373291016,42.209999084472656,42.209999084472656,249900
42.400001525878906,43.28499984741211,41.650001525878906,42.5099983215332,42.5099983215332,200800
43.290000915527344,46.16999816894531,42.79999923706055,45.970001220703125,45.970001220703125,628500
38.20000076293945,44.09999847412109,38.20000076293945,42.40999984741211,42.40999984741211,1799400
42.650001525878906,42.85300064086914,38.380001068115234,38.5099983215332,38.5099983215332,368000
38.7599983215332,38.7599983215332,35.869998931884766,36.02999877929688,36.02999877929688,513300
35.849998474121094,35.869998931884766,32.099998474121094,34.66999816894531,34.66999816894531,749000
38.38999938964844,39.79999923706055,37.5099983215332,39.7599983215332,39.7599983215332,606500
39.97999954223633,39.97999954223633,37.880001068115234,39.25,39.25,293100
39.09000015258789,40.880001068115234,38.34700012207031,40.560001373291016,40.560001373291016,228200
41.27000045776367,43.619998931884766,41.27000045776367,42.34999847412109,42.34999847412109,279300
42.22999954223633,42.91999816894531,41.31999969482422,41.720001220703125,41.720001220703125,167400
41.81999969482422,42.499000549316406,40.16999816894531,40.2400016784668,40.2400016784668,165200
40.310001373291016,40.59999847412109,39.290000915527344,39.52000045776367,39.52000045776367,299200
39.70000076293945,40.400001525878906,39.150001525878906,39.5099983215332,39.5099983215332,257800
39.56999969482422,40.34999847412109,39.39500045776367,39.90999984741211,39.90999984741211,285900
39.97999954223633,40.334999084472656,38.83000183105469,39.0,39.0,402000
38.84999847412109,39.22499847412109,37.380001068115234,37.41999816894531,37.41999816894531,326000
37.33000183105469,37.9900016784668,36.790000915527344,36.9900016784668,36.9900016784668,779300
37.06999969482422,40.34000015258789,37.025001525878906,39.869998931884766,39.869998931884766,387800
39.540000915527344,39.93999862670898,37.56999969482422,39.619998931884766,39.619998931884766,219100
39.59999847412109,42.255001068115234,38.915000915527344,40.83000183105469,40.83000183105469,387400
40.58000183105469,42.27999877929688,40.54999923706055,41.220001220703125,41.220001220703125,189400
41.31999969482422,42.709999084472656,41.18999862670898,42.220001220703125,42.220001220703125,145600
42.060001373291016,42.5,39.63999938964844,41.0,41.0,293600
40.84999847412109,41.7400016784668,39.810001373291016,40.90999984741211,40.90999984741211,104100
41.119998931884766,42.43999862670898,41.03499984741211,42.27000045776367,42.27000045776367,229600
42.5,43.380001068115234,40.68000030517578,42.470001220703125,42.470001220703125,211200
42.27999877929688,43.060001373291016,41.150001525878906,41.810001373291016,41.810001373291016,220000
41.93999862670898,43.560001373291016,41.380001068115234,43.54999923706055,43.54999923706055,181500
43.619998931884766,44.900001525878906,43.290000915527344,43.4900016784668,43.4900016784668,280700
43.650001525878906,44.06999969482422,41.16999816894531,41.41999816894531,41.41999816894531,334200
41.09999847412109,41.42499923706055,40.060001373291016,40.47999954223633,40.47999954223633,1530500
40.27000045776367,41.5,40.0099983215332,40.95000076293945,40.95000076293945,253800
41.08000183105469,41.36000061035156,38.209999084472656,38.59000015258789,38.59000015258789,840200
38.56999969482422,39.220001220703125,36.5,36.77000045776367,36.77000045776367,350100
36.869998931884766,37.16999816894531,35.59000015258789,35.81999969482422,35.81999969482422,721400
35.59000015258789,36.02000045776367,33.630001068115234,34.93000030517578,34.93000030517578,1239800
37.90999984741211,39.36000061035156,37.09999847412109,37.93000030517578,37.93000030517578,1136600
37.900001525878906,37.900001525878906,35.790000915527344,36.08000183105469,36.08000183105469,370800
36.369998931884766,36.76100158691406,35.68000030517578,35.75,35.75,284100
35.75,35.915000915527344,35.08000183105469,35.13999938964844,35.13999938964844,275200
34.970001220703125,35.32400131225586,33.125,33.77000045776367,33.77000045776367,264900
33.58000183105469,33.91999816894531,32.380001068115234,33.34000015258789,33.34000015258789,718500
33.08000183105469,33.279998779296875,31.56999969482422,32.54999923706055,32.54999923706055,494200
32.650001525878906,33.97999954223633,31.90999984741211,33.11000061035156,33.11000061035156,767200
33.099998474121094,33.630001068115234,32.26499938964844,32.560001373291016,32.560001373291016,807000
33.150001525878906,35.22999954223633,33.06999969482422,34.959999084472656,34.959999084472656,389700
34.689998626708984,35.0099983215332,33.65999984741211,35.0099983215332,35.0099983215332,318200
35.38999938964844,37.27000045776367,34.650001525878906,37.2599983215332,37.2599983215332,323500
37.13999938964844,37.887001037597656,36.0099983215332,37.75,37.75,276600
37.52999877929688,37.755001068115234,35.5,36.47999954223633,36.47999954223633,333100
36.68999862670898,37.19499969482422,34.900001525878906,35.2599983215332,35.2599983215332,210100
35.810001373291016,35.810001373291016,32.435001373291016,34.040000915527344,34.040000915527344,346400
33.470001220703125,33.95000076293945,32.029998779296875,33.52000045776367,33.52000045776367,175400
33.560001373291016,33.939998626708984,31.709999084472656,31.790000915527344,31.790000915527344,220700
32.25,33.5,31.040000915527344,33.119998931884766,33.119998931884766,475200
32.459999084472656,32.970001220703125,30.75,32.88999938964844,32.88999938964844,290800
33.540000915527344,34.0,30.864999771118164,31.51000022888184,31.51000022888184,332900
31.489999771118164,33.2400016784668,31.36100006103516,32.619998931884766,32.619998931884766,204900
33.15999984741211,35.15999984741211,33.0,33.52000045776367,33.52000045776367,257300
33.68000030517578,34.47999954223633,32.04999923706055,34.16999816894531,34.16999816894531,130700
34.209999084472656,34.869998931884766,32.869998931884766,34.20000076293945,34.20000076293945,106300
34.2599983215332,34.2599983215332,32.279998779296875,32.58000183105469,32.58000183105469,122100
32.61000061035156,32.939998626708984,31.76000022888184,31.959999084472656,31.959999084472656,258500
32.459999084472656,33.619998931884766,30.673999786376957,31.75,31.75,579100
34.95000076293945,35.459999084472656,30.559999465942383,31.780000686645508,31.780000686645508,664500
31.5,31.8700008392334,30.0049991607666,31.0,31.0,419300
30.899999618530277,32.11000061035156,30.100000381469727,30.989999771118164,30.989999771118164,349800
31.200000762939453,31.950000762939453,30.71999931335449,31.200000762939453,31.200000762939453,320100
31.450000762939453,31.663000106811523,30.1200008392334,30.309999465942383,30.309999465942383,371600
30.13999938964844,32.220001220703125,30.049999237060547,31.88999938964844,31.88999938964844,194800
31.600000381469727,32.5,30.93000030517578,32.0099983215332,32.0099983215332,172300
31.940000534057617,32.189998626708984,29.600000381469727,29.850000381469727,29.850000381469727,302000
29.030000686645508,30.989999771118164,28.09000015258789,29.63999938964844,29.63999938964844,351500
29.96999931335449,31.479999542236328,29.56999969482422,31.059999465942383,31.059999465942383,182000
30.739999771118164,32.29999923706055,30.020000457763672,31.239999771118164,31.239999771118164,124400
31.299999237060547,32.560001373291016,31.15999984741211,31.540000915527344,31.540000915527344,349400
31.600000381469727,31.864999771118164,30.520000457763672,30.71999931335449,30.71999931335449,177700
31.170000076293945,31.88999938964844,31.170000076293945,31.61000061035156,31.61000061035156,269800
31.6200008392334,32.7400016784668,30.56999969482422,31.90999984741211,31.90999984741211,242200
31.979999542236328,32.61000061035156,31.11000061035156,31.989999771118164,31.989999771118164,155200
32.75,32.81999969482422,31.290000915527344,31.850000381469727,31.850000381469727,158300
31.51000022888184,31.86000061035156,30.15999984741211,30.57999992370605,30.57999992370605,273000
30.100000381469727,30.57999992370605,29.030000686645508,30.0,30.0,498800
29.96999931335449,30.475000381469727,29.0,29.81999969482422,29.81999969482422,279000
29.600000381469727,30.07999992370605,29.0,29.25,29.25,381800
29.6299991607666,30.6200008392334,29.59000015258789,29.850000381469727,29.850000381469727,605500
30.399999618530277,30.850000381469727,29.690000534057617,29.739999771118164,29.739999771118164,1161900
30.940000534057617,31.43000030517578,30.309999465942383,30.780000686645508,30.780000686645508,504900
29.76000022888184,32.380001068115234,29.399999618530277,32.150001525878906,32.150001525878906,441200
31.63999938964844,31.809999465942383,30.43000030517578,30.700000762939453,30.700000762939453,353700
31.020000457763672,31.51000022888184,30.5,31.030000686645508,31.030000686645508,249700
31.0,32.0,30.780000686645508,31.600000381469727,31.600000381469727,499500
31.43000030517578,32.189998626708984,29.8700008392334,30.8799991607666,30.8799991607666,436400
30.770000457763672,30.96999931335449,29.31999969482422,29.700000762939453,29.700000762939453,430400
29.26000022888184,29.989999771118164,28.959999084472656,28.979999542236328,28.979999542236328,89700
28.88999938964844,30.600000381469727,28.88999938964844,30.399999618530277,30.399999618530277,354900
30.0,30.489999771118164,29.31999969482422,30.40999984741211,30.40999984741211,234500
30.700000762939453,31.8799991607666,30.040000915527344,31.1299991607666,31.1299991607666,227500
31.209999084472656,31.57999992370605,30.51000022888184,31.149999618530277,31.149999618530277,298100
30.82999992370605,32.54999923706055,30.670000076293945,32.29999923706055,32.29999923706055,361500
31.81999969482422,32.5,31.149999618530277,31.450000762939453,31.450000762939453,284800
32.060001373291016,33.400001525878906,31.780000686645508,32.36000061035156,32.36000061035156,250000
33.2400016784668,35.0,32.52000045776367,34.77000045776367,34.77000045776367,417100
35.0,37.0,34.30500030517578,36.900001525878906,36.900001525878906,763900
36.68999862670898,38.20000076293945,36.380001068115234,37.52999877929688,37.52999877929688,375200
36.93999862670898,37.38999938964844,36.27999877929688,36.91999816894531,36.91999816894531,313400
36.70000076293945,39.02999877929688,36.505001068115234,38.66999816894531,38.66999816894531,292500
38.16999816894531,38.5,37.20000076293945,38.040000915527344,38.040000915527344,177500
38.02999877929688,38.93999862670898,37.79999923706055,38.40999984741211,38.40999984741211,193900
38.650001525878906,40.11000061035156,38.650001525878906,39.97999954223633,39.97999954223633,250500
39.7599983215332,40.65900039672852,39.400001525878906,40.29999923706055,40.29999923706055,219300
40.72999954223633,42.54999923706055,40.1870002746582,42.16999816894531,42.16999816894531,293400
41.65999984741211,42.02000045776367,39.5,40.09000015258789,40.09000015258789,282400
40.45000076293945,40.45000076293945,39.32799911499024,39.70000076293945,39.70000076293945,307700
39.720001220703125,40.4900016784668,39.65499877929688,40.09999847412109,40.09999847412109,384800
40.459999084472656,41.58000183105469,40.18000030517578,40.79999923706055,40.79999923706055,260300
40.369998931884766,40.369998931884766,39.459999084472656,39.7599983215332,39.7599983215332,488700
39.310001373291016,39.3120002746582,37.54999923706055,38.630001068115234,38.630001068115234,713800
38.540000915527344,39.93000030517578,38.358001708984375,39.709999084472656,39.709999084472656,394900
39.84999847412109,40.119998931884766,39.63999938964844,39.869998931884766,39.869998931884766,438100
39.81999969482422,40.75,39.34999847412109,40.59999847412109,40.59999847412109,604400
40.04999923706055,42.959999084472656,39.68999862670898,42.709999084472656,42.709999084472656,735400
42.79999923706055,43.20000076293945,41.68000030517578,41.959999084472656,41.959999084472656,445800
41.959999084472656,42.334999084472656,41.305999755859375,42.18999862670898,42.18999862670898,623600
41.77999877929688,42.09000015258789,40.08100128173828,41.77000045776367,41.77000045776367,260800
41.619998931884766,43.040000915527344,40.83000183105469,42.7599983215332,42.7599983215332,473100
42.25,43.68999862670898,41.709999084472656,42.0099983215332,42.0099983215332,490800
42.470001220703125,44.70000076293945,42.34000015258789,43.77999877929688,43.77999877929688,953600
47.5,52.20000076293945,47.0,51.0099983215332,51.0099983215332,3732500
50.34000015258789,53.880001068115234,49.47999954223633,50.52000045776367,50.52000045776367,1982500
48.70000076293945,50.16999816894531,48.5,49.970001220703125,49.970001220703125,5325200
49.04999923706055,49.41999816894531,48.209999084472656,48.93999862670898,48.93999862670898,1327200
48.810001373291016,49.41999816894531,47.75,48.880001068115234,48.880001068115234,1828000
48.45000076293945,50.5,48.150001525878906,50.33000183105469,50.33000183105469,2885400
50.5,51.93000030517578,50.13999938964844,51.2400016784668,51.2400016784668,1442900
51.560001373291016,51.59999847412109,49.7400016784668,50.72999954223633,50.72999954223633,1664300
50.97999954223633,52.08000183105469,50.880001068115234,51.5,51.5,1334200
51.16999816894531,52.61000061035156,51.0099983215332,52.41999816894531,52.41999816894531,1116100
52.31999969482422,52.54999923706055,51.790000915527344,52.209999084472656,52.209999084472656,1084800
52.290000915527344,52.36000061035156,49.380001068115234,52.150001525878906,52.150001525878906,2414000
52.72999954223633,52.880001068115234,50.09999847412109,51.52000045776367,51.52000045776367,897700
51.2400016784668,52.63999938964844,50.34999847412109,52.08000183105469,52.08000183105469,1733800
51.93000030517578,52.540000915527344,51.0099983215332,51.70000076293945,51.70000076293945,1280100
51.93000030517578,53.470001220703125,51.85499954223633,52.29999923706055,52.29999923706055,1027400
52.02000045776367,53.310001373291016,51.22999954223633,52.25,52.25,1379400
52.630001068115234,53.84999847412109,52.54999923706055,53.33000183105469,53.33000183105469,1221300
53.29999923706055,54.494998931884766,52.90999984741211,53.93999862670898,53.93999862670898,738700
54.06999969482422,55.93999862670898,53.27000045776367,54.79999923706055,54.79999923706055,1858900
54.63999938964844,55.40999984741211,54.31999969482422,54.66999816894531,54.66999816894531,839700
54.84999847412109,54.84999847412109,53.25,53.95000076293945,53.95000076293945,3399000
54.06999969482422,54.97999954223633,53.63999938964844,54.5,54.5,1029400
54.63999938964844,55.86000061035156,54.36000061035156,55.58000183105469,55.58000183105469,848800
55.380001068115234,56.38999938964844,55.02000045776367,55.77999877929688,55.77999877929688,325700
55.52999877929688,56.79999923706055,55.52999877929688,56.4900016784668,56.4900016784668,403400
56.5,56.5,53.43999862670898,54.5099983215332,54.5099983215332,691900
54.11000061035156,54.94499969482422,53.040000915527344,54.22999954223633,54.22999954223633,436300
54.790000915527344,55.9900016784668,54.720001220703125,55.93999862670898,55.93999862670898,492400
55.880001068115234,55.880001068115234,53.5099983215332,55.0,55.0,547500
55.119998931884766,56.28499984741211,54.7400016784668,56.22999954223633,56.22999954223633,611200
56.59999847412109,56.59999847412109,55.20000076293945,55.790000915527344,55.790000915527344,447800
56.0,56.845001220703125,55.20000076293945,56.540000915527344,56.540000915527344,415400
56.43999862670898,57.0,55.86000061035156,56.84999847412109,56.84999847412109,383000
57.09000015258789,57.25,56.4900016784668,56.619998931884766,56.619998931884766,294300
56.83000183105469,56.83000183105469,54.2400016784668,55.02000045776367,55.02000045776367,550500
55.09000015258789,56.220001220703125,55.0,55.869998931884766,55.869998931884766,290600
55.540000915527344,55.630001068115234,54.16999816894531,55.540000915527344,55.540000915527344,332200
55.45000076293945,55.95500183105469,55.27999877929688,55.470001220703125,55.470001220703125,367800
55.4900016784668,55.93999862670898,54.84000015258789,55.84999847412109,55.84999847412109,532800
55.900001525878906,55.91999816894531,55.130001068115234,55.79999923706055,55.79999923706055,356200
56.68000030517578,57.56999969482422,55.84999847412109,57.08000183105469,57.08000183105469,384600
56.90999984741211,58.25,55.61000061035156,55.91999816894531,55.91999816894531,305700
56.29999923706055,56.720001220703125,55.2599983215332,55.720001220703125,55.720001220703125,193600
55.959999084472656,55.959999084472656,54.43999862670898,55.060001373291016,55.060001373291016,457400
54.79999923706055,55.2599983215332,53.91999816894531,54.79999923706055,54.79999923706055,274000
54.52000045776367,55.720001220703125,54.209999084472656,55.09999847412109,55.09999847412109,265400
55.18000030517578,56.7400016784668,55.060001373291016,56.56999969482422,56.56999969482422,537400
56.77000045776367,57.34999847412109,56.374000549316406,56.68999862670898,56.68999862670898,310100
56.650001525878906,57.2599983215332,55.560001373291016,55.619998931884766,55.619998931884766,223900
55.7599983215332,58.10499954223633,55.18999862670898,57.91999816894531,57.91999816894531,413600
58.209999084472656,59.400001525878906,57.84000015258789,58.900001525878906,58.900001525878906,433500
59.400001525878906,59.84999847412109,58.380001068115234,58.869998931884766,58.869998931884766,569700
59.02999877929688,59.18999862670898,57.680999755859375,58.04999923706055,58.04999923706055,682100
57.95000076293945,58.40999984741211,56.31499862670898,57.59000015258789,57.59000015258789,544100
57.72999954223633,59.400001525878906,57.630001068115234,59.2400016784668,59.2400016784668,311500
57.790000915527344,60.86000061035156,57.52000045776367,59.40999984741211,59.40999984741211,847800
58.77000045776367,60.27000045776367,57.8650016784668,59.56999969482422,59.56999969482422,861200
66.97000122070312,74.9000015258789,65.86000061035156,73.5,73.5,4068400
73.0199966430664,73.5,70.83999633789062,72.97000122070312,72.97000122070312,900500
70.19999694824219,72.26000213623047,70.08999633789062,71.97000122070312,71.97000122070312,1326500
71.02999877929688,71.69999694824219,67.68000030517578,67.73999786376953,67.73999786376953,1359500
68.73999786376953,69.92500305175781,66.16500091552734,69.4000015258789,69.4000015258789,816000
68.47000122070312,69.41999816894531,65.80000305175781,69.26000213623047,69.26000213623047,996500
69.4000015258789,72.55999755859375,68.81500244140625,72.1500015258789,72.1500015258789,1482900
71.0199966430664,74.0199966430664,70.8949966430664,71.25,71.25,954500
69.79000091552734,69.79000091552734,66.8499984741211,67.51000213623047,67.51000213623047,2906300
68.19000244140625,69.06999969482422,67.27999877929688,68.4800033569336,68.4800033569336,1283900
68.31999969482422,70.5999984741211,68.31999969482422,69.73999786376953,69.73999786376953,1422100
68.91000366210938,69.30999755859375,66.26000213623047,68.38999938964844,68.38999938964844,1916200
68.91999816894531,69.73999786376953,68.55000305175781,69.2699966430664,69.2699966430664,3503300
69.73999786376953,72.25,69.18000030517578,71.62000274658203,71.62000274658203,1524200
71.20999908447266,71.98999786376953,69.76000213623047,71.61000061035156,71.61000061035156,1086600
72.08000183105469,74.6500015258789,70.8949966430664,71.51000213623047,71.51000213623047,1186500
70.3499984741211,70.3499984741211,67.23999786376953,67.63999938964844,67.63999938964844,1103900
67.6500015258789,68.06999969482422,64.3499984741211,65.45999908447266,65.45999908447266,958700
64.9800033569336,66.63999938964844,63.76499938964844,65.69999694824219,65.69999694824219,984400
65.95999908447266,69.68000030517578,63.77999877929688,69.48999786376953,69.48999786376953,1364400
70.30000305175781,72.80000305175781,67.05000305175781,72.75,72.75,5367100
72.77999877929688,74.27999877929688,70.04000091552734,72.06999969482422,72.06999969482422,1469600
72.52999877929688,75.33000183105469,70.77999877929688,71.13999938964844,71.13999938964844,1172000
71.16000366210938,71.63999938964844,66.75,67.5,67.5,1968700
67.54000091552734,68.12000274658203,66.5,67.05000305175781,67.05000305175781,714500
67.55000305175781,69.30000305175781,67.19000244140625,67.68000030517578,67.68000030517578,1387300
67.29000091552734,68.15499877929688,65.9000015258789,67.5,67.5,913600
67.80999755859375,69.87000274658203,67.41000366210938,69.44999694824219,69.44999694824219,1103600
70.13999938964844,71.87999725341797,70.0,71.01000213623047,71.01000213623047,1252500
71.30000305175781,73.12999725341797,70.20999908447266,72.66999816894531,72.66999816894531,932200
74.08000183105469,74.73999786376953,72.81999969482422,74.62000274658203,74.62000274658203,1099100
73.98999786376953,74.63999938964844,72.29000091552734,73.04000091552734,73.04000091552734,1651900
73.26000213623047,74.12000274658203,70.08000183105469,70.44000244140625,70.44000244140625,804600
70.37999725341797,71.58000183105469,68.3499984741211,68.61000061035156,68.61000061035156,993800
69.27999877929688,70.0199966430664,68.2300033569336,68.5,68.5,411600
68.69000244140625,71.3550033569336,68.69000244140625,71.01000213623047,71.01000213623047,824800
71.30999755859375,73.0,70.0,72.19999694824219,72.19999694824219,3850200
74.16000366210938,76.4000015258789,73.0199966430664,75.56999969482422,75.56999969482422,898900
75.79000091552734,78.66000366210938,74.51000213623047,78.12000274658203,78.12000274658203,1079300
79.0,80.3499984741211,78.52999877929688,79.45999908447266,79.45999908447266,1789900
79.0,79.56999969482422,77.23999786376953,79.55999755859375,79.55999755859375,475200
79.30000305175781,81.1500015258789,78.19999694824219,79.9000015258789,79.9000015258789,583800
79.7699966430664,80.87000274658203,79.00900268554688,80.83000183105469,80.83000183105469,393100
81.38999938964844,83.33999633789062,80.16500091552734,81.66000366210938,81.66000366210938,1685800
82.0,83.94000244140625,81.36000061035156,83.83999633789062,83.83999633789062,621000
84.02999877929688,84.4800033569336,82.27999877929688,83.16000366210938,83.16000366210938,555400
83.43000030517578,83.5199966430664,82.05999755859375,83.33000183105469,83.33000183105469,602000
82.93000030517578,83.1500015258789,81.36000061035156,82.01000213623047,82.01000213623047,415600
82.81999969482422,86.01499938964844,82.0199966430664,85.27999877929688,85.27999877929688,683200
84.75,85.93000030517578,84.21099853515625,85.75,85.75,613300
86.16000366210938,86.44999694824219,83.69000244140625,83.83000183105469,83.83000183105469,530600
83.93000030517578,84.13999938964844,81.9000015258789,82.54000091552734,82.54000091552734,949600
83.0,83.0,80.6500015258789,82.01000213623047,82.01000213623047,534000
81.83999633789062,83.0199966430664,81.81999969482422,82.9800033569336,82.9800033569336,446500
82.33000183105469,85.05000305175781,81.71499633789062,84.79000091552734,84.79000091552734,955700
85.19999694824219,87.06999969482422,85.1500015258789,86.41999816894531,86.41999816894531,778400
87.05999755859375,87.05999755859375,81.36000061035156,82.63999938964844,82.63999938964844,947800
82.3499984741211,83.56999969482422,81.66999816894531,83.16000366210938,83.16000366210938,697600
83.5999984741211,84.37000274658203,80.37000274658203,81.4800033569336,81.4800033569336,609300
82.02999877929688,84.80000305175781,81.3499984741211,82.12000274658203,82.12000274658203,481000
81.87999725341797,81.87999725341797,78.56999969482422,80.69999694824219,80.69999694824219,479300
76.98999786376953,79.37999725341797,75.5,77.5,77.5,1364100
79.08999633789062,80.43000030517578,77.5999984741211,79.33000183105469,79.33000183105469,558000
78.36000061035156,81.23999786376953,77.375,80.4800033569336,80.4800033569336,911300
89.76000213623047,94.30999755859376,87.54000091552734,89.5,89.5,2424900
89.2300033569336,91.7699966430664,86.66999816894531,89.29000091552734,89.29000091552734,804700
87.33000183105469,87.33000183105469,83.0,84.37999725341797,84.37999725341797,1501100
84.38999938964844,86.13999938964844,82.12999725341797,85.7300033569336,85.7300033569336,1944800
84.23999786376953,84.8499984741211,81.70500183105469,84.33000183105469,84.33000183105469,1041000
84.48999786376953,84.98999786376953,83.0,84.37999725341797,84.37999725341797,1144800
84.8499984741211,86.87999725341797,84.5,85.31999969482422,85.31999969482422,1905000
87.0,87.94000244140625,84.97000122070312,85.06999969482422,85.06999969482422,2112500
84.98999786376953,85.0,83.0,83.9800033569336,83.9800033569336,534200
85.23999786376953,87.06999969482422,83.70999908447266,86.0,86.0,1023600
86.55999755859375,87.86000061035156,85.88999938964844,86.91000366210938,86.91000366210938,1075500
87.12999725341797,88.08000183105469,85.2979965209961,86.06999969482422,86.06999969482422,717900
87.5199966430664,87.72000122070312,84.6500015258789,86.5199966430664,86.5199966430664,1472600
87.5,88.5,85.20999908447266,85.62000274658203,85.62000274658203,900500
85.47000122070312,85.47000122070312,83.01000213623047,84.6500015258789,84.6500015258789,526400
85.16000366210938,86.69000244140625,84.44000244140625,84.88999938964844,84.88999938964844,611800
85.69999694824219,85.69999694824219,81.72000122070312,84.33999633789062,84.33999633789062,784800
83.93000030517578,84.94000244140625,81.1500015258789,81.62000274658203,81.62000274658203,965800
82.5,83.97000122070312,81.5,81.77999877929688,81.77999877929688,807000
82.5,83.95999908447266,81.27999877929688,83.44000244140625,83.44000244140625,974100
84.30000305175781,84.5999984741211,80.76000213623047,81.0999984741211,81.0999984741211,1121800
81.81999969482422,81.81999969482422,73.80000305175781,74.80000305175781,74.80000305175781,1856500
73.0,74.37000274658203,69.81999969482422,71.43000030517578,71.43000030517578,2811600
70.0199966430664,74.08000183105469,70.01000213623047,73.23999786376953,73.23999786376953,1870100
74.0,76.19999694824219,73.05999755859375,75.56999969482422,75.56999969482422,1106800
74.9800033569336,75.1500015258789,71.72000122070312,72.33999633789062,72.33999633789062,1467400
72.16000366210938,73.91000366210938,71.94000244140625,72.80000305175781,72.80000305175781,1048200
73.26000213623047,75.48999786376953,73.13500213623047,75.08000183105469,75.08000183105469,1156400
75.16999816894531,77.08000183105469,74.22000122070312,76.33999633789062,76.33999633789062,1213600
76.37999725341797,79.16000366210938,75.98999786376953,79.08999633789062,79.08999633789062,1735200
80.33000183105469,80.8499984741211,77.05999755859375,79.06999969482422,79.06999969482422,2674000
78.8499984741211,78.94000244140625,76.6500015258789,78.08999633789062,78.08999633789062,784500
78.5,79.0199966430664,72.95999908447266,73.72000122070312,73.72000122070312,1904300
73.30000305175781,74.33000183105469,70.0999984741211,73.94999694824219,73.94999694824219,1546500
73.81999969482422,75.52999877929688,72.54000091552734,72.63999938964844,72.63999938964844,1088800
73.04000091552734,73.19999694824219,67.08000183105469,67.91999816894531,67.91999816894531,1754800
67.80999755859375,68.54000091552734,66.51000213623047,67.29000091552734,67.29000091552734,1291600
67.58000183105469,68.58000183105469,66.36000061035156,66.5999984741211,66.5999984741211,1368200
65.7699966430664,67.04000091552734,64.76000213623047,66.68000030517578,66.68000030517578,904300
66.37000274658203,70.19000244140625,65.0,69.80000305175781,69.80000305175781,1569300
70.37999725341797,71.28500366210938,68.91500091552734,70.16999816894531,70.16999816894531,805000
69.30999755859375,71.0,69.30999755859375,70.58000183105469,70.58000183105469,780500
69.9800033569336,71.44000244140625,69.11000061035156,70.26000213623047,70.26000213623047,555400
70.93000030517578,73.41000366210938,70.3550033569336,73.05999755859375,73.05999755859375,714000
72.44999694824219,73.08999633789062,70.42500305175781,71.4000015258789,71.4000015258789,1314700
73.7699966430664,74.93499755859375,72.5999984741211,73.73999786376953,73.73999786376953,923500
73.7300033569336,74.88999938964844,73.52999877929688,73.97000122070312,73.97000122070312,689100
74.01000213623047,75.19000244140625,73.72000122070312,74.2300033569336,74.2300033569336,388600
73.16000366210938,73.37000274658203,67.55999755859375,68.12000274658203,68.12000274658203,1360600
68.33000183105469,69.37000274658203,67.66999816894531,67.7300033569336,67.7300033569336,796400
67.41000366210938,67.69000244140625,64.19999694824219,66.3499984741211,66.3499984741211,1231600
66.55999755859375,67.31999969482422,65.7300033569336,66.79000091552734,66.79000091552734,582800
67.29000091552734,68.0,64.20999908447266,64.5,64.5,879900
64.31999969482422,67.12000274658203,64.20999908447266,65.55000305175781,65.55000305175781,1022800
66.30000305175781,71.66000366210938,66.30000305175781,71.5,71.5,1453600
71.05999755859375,74.1500015258789,70.80000305175781,72.91999816894531,72.91999816894531,1102800
73.04000091552734,74.94999694824219,72.38500213623047,74.4800033569336,74.4800033569336,1087200
74.45999908447266,74.94999694824219,73.29000091552734,74.11000061035156,74.11000061035156,713800
74.2699966430664,74.62000274658203,72.77999877929688,74.52999877929688,74.52999877929688,439200
74.26000213623047,75.0,70.87000274658203,71.0,71.0,768100
71.41000366210938,72.86000061035156,70.68000030517578,72.68000030517578,72.68000030517578,681200
73.41000366210938,74.63999938964844,70.9000015258789,71.3499984741211,71.3499984741211,756400
72.56999969482422,73.5,69.37000274658203,70.0,70.0,1792900
74.4800033569336,75.4800033569336,69.0199966430664,72.30000305175781,72.30000305175781,2095900
72.77999877929688,72.91000366210938,67.58000183105469,68.75,68.75,1504900
68.58000183105469,71.08999633789062,67.38999938964844,71.01000213623047,71.01000213623047,703300
70.06999969482422,70.9749984741211,68.98999786376953,69.2699966430664,69.2699966430664,651000
68.95999908447266,71.56999969482422,68.4000015258789,71.18000030517578,71.18000030517578,814500
70.48999786376953,72.0199966430664,70.08000183105469,71.7699966430664,71.7699966430664,558500
71.72000122070312,72.2699966430664,70.61000061035156,72.11000061035156,72.11000061035156,510000
72.30999755859375,74.16699981689453,71.43499755859375,72.36000061035156,72.36000061035156,1083700
72.3499984741211,77.18000030517578,72.3499984741211,76.37000274658203,76.37000274658203,1030500
77.0,79.0,76.45500183105469,78.75,78.75,1040400
77.29000091552734,79.58999633789062,76.81999969482422,78.9000015258789,78.9000015258789,1245500
79.0,79.66000366210938,76.19999694824219,77.94000244140625,77.94000244140625,541700
77.7300033569336,78.91999816894531,75.30000305175781,76.37999725341797,76.37999725341797,438900
76.97000122070312,78.91000366210938,76.97000122070312,78.0,78.0,507600
78.01000213623047,80.19999694824219,77.75,79.94999694824219,79.94999694824219,650000
79.94999694824219,80.19999694824219,77.80000305175781,79.25,79.25,506500
79.19999694824219,79.38999938964844,77.93000030517578,78.02999877929688,78.02999877929688,293100
78.18000030517578,78.27999877929688,72.91000366210938,74.44999694824219,74.44999694824219,615400
72.30999755859375,75.62000274658203,72.0,75.47000122070312,75.47000122070312,673200
75.70999908447266,76.43000030517578,74.6449966430664,75.2300033569336,75.2300033569336,319400
75.63999938964844,75.95999908447266,74.23999786376953,75.76000213623047,75.76000213623047,405000
75.94999694824219,76.23999786376953,74.90799713134766,75.58999633789062,75.58999633789062,538600
75.54000091552734,76.05000305175781,72.5,72.83999633789062,72.83999633789062,840500
73.33000183105469,73.4000015258789,71.68000030517578,72.0,72.0,725600
72.06999969482422,72.37000274658203,70.7300033569336,72.0999984741211,72.0999984741211,442300
72.08999633789062,73.04000091552734,70.55000305175781,71.55000305175781,71.55000305175781,586800
71.31999969482422,74.12999725341797,71.31999969482422,72.72000122070312,72.72000122070312,667200
73.56999969482422,75.3499984741211,72.44999694824219,74.20999908447266,74.20999908447266,679600
74.31999969482422,74.66999816894531,72.23999786376953,72.58999633789062,72.58999633789062,411600
72.66000366210938,73.16000366210938,71.30000305175781,71.6500015258789,71.6500015258789,629900
71.61000061035156,73.7699966430664,71.5,73.19999694824219,73.19999694824219,685600
73.9800033569336,74.52999877929688,72.7699966430664,74.2699966430664,74.2699966430664,864600
74.45999908447266,74.80999755859375,72.26000213623047,72.68000030517578,72.68000030517578,688100
73.37000274658203,75.70999908447266,72.77999877929688,75.12999725341797,75.12999725341797,234900
75.0,75.9800033569336,73.94999694824219,74.2699966430664,74.2699966430664,716800
74.68000030517578,75.2699966430664,72.80000305175781,72.9800033569336,72.9800033569336,569700
72.88999938964844,73.05000305175781,70.6500015258789,72.41000366210938,72.41000366210938,657300
71.70999908447266,73.37999725341797,71.68000030517578,73.25,73.25,617200
74.06999969482422,78.13999938964844,73.94999694824219,78.05000305175781,78.05000305175781,807100
77.33000183105469,79.58999633789062,76.73999786376953,78.86000061035156,78.86000061035156,995700
76.80999755859375,80.08000183105469,75.0,80.06999969482422,80.06999969482422,1014800
80.19999694824219,82.62000274658203,80.0999984741211,82.51000213623047,82.51000213623047,1269400
83.0199966430664,83.36000061035156,81.76599884033203,82.13999938964844,82.13999938964844,770900
83.9000015258789,85.16000366210938,82.45999908447266,84.47000122070312,84.47000122070312,839100
84.56999969482422,84.99500274658203,82.79000091552734,83.5999984741211,83.5999984741211,707400
84.06999969482422,85.62999725341797,83.66000366210938,85.4000015258789,85.4000015258789,662200
85.4000015258789,85.43000030517578,84.3290023803711,85.18000030517578,85.18000030517578,693600
85.11000061035156,88.08000183105469,85.05999755859375,86.51000213623047,86.51000213623047,757000
87.58000183105469,87.68000030517578,85.4800033569336,85.87999725341797,85.87999725341797,586000
86.31999969482422,86.97000122070312,83.97000122070312,84.6500015258789,84.6500015258789,423900
84.66999816894531,85.48999786376953,84.2699966430664,84.83000183105469,84.83000183105469,580800
85.58000183105469,87.01000213623047,84.08999633789062,84.25,84.25,564600
84.0,84.23999786376953,82.62000274658203,83.22000122070312,83.22000122070312,505800
83.79000091552734,84.50499725341797,82.01000213623047,82.36000061035156,82.36000061035156,349500
79.7699966430664,82.51000213623047,79.05000305175781,81.91000366210938,81.91000366210938,704200
82.5,83.77999877929688,81.56999969482422,83.33999633789062,83.33999633789062,302100
84.08999633789062,85.48999786376953,83.23999786376953,84.80000305175781,84.80000305175781,372000
84.87999725341797,87.73999786376953,83.95999908447266,87.4800033569336,87.4800033569336,451100
86.94000244140625,87.02999877929688,84.08599853515625,85.13999938964844,85.13999938964844,516800
85.48999786376953,87.8499984741211,85.4800033569336,87.2300033569336,87.2300033569336,454700
89.0,93.4000015258789,88.69000244140625,92.7699966430664,92.7699966430664,1224900
93.33999633789062,93.8000030517578,87.44999694824219,88.5,88.5,1072300
88.5199966430664,89.98999786376953,87.19999694824219,88.63999938964844,88.63999938964844,434000
88.69999694824219,91.18000030517578,87.80999755859375,89.83000183105469,89.83000183105469,371600
89.81999969482422,92.0500030517578,88.6780014038086,91.80999755859376,91.80999755859376,637100
92.2699966430664,92.7699966430664,89.5,90.8499984741211,90.8499984741211,717500
91.01000213623048,93.61000061035156,89.76000213623047,92.68000030517578,92.68000030517578,1252200
91.7300033569336,94.63999938964844,87.06999969482422,91.25,91.25,1913900
91.62999725341795,96.95999908447266,90.66999816894533,92.47000122070312,92.47000122070312,1017400
88.98999786376953,92.20999908447266,88.05999755859375,91.94000244140624,91.94000244140624,1194300
92.52999877929688,92.98999786376952,89.88999938964844,90.18000030517578,90.18000030517578,845700
90.0999984741211,91.58000183105467,86.62000274658203,89.11000061035156,89.11000061035156,864100
88.87000274658203,88.87000274658203,85.81999969482422,87.70999908447266,87.70999908447266,523300
83.87000274658203,86.41000366210938,83.01000213623047,84.8499984741211,84.8499984741211,696500
85.97000122070312,86.58999633789062,82.13099670410156,84.0,84.0,1241000
84.19999694824219,89.15499877929688,84.19999694824219,86.61000061035156,86.61000061035156,1007600
84.12000274658203,86.26000213623047,81.81999969482422,82.97000122070312,82.97000122070312,979100
79.98999786376953,84.83000183105469,78.55999755859375,84.75,84.75,1515500
84.75,85.87999725341797,80.66999816894531,84.98999786376953,84.98999786376953,1166800
85.23999786376953,86.0,78.0,80.88999938964844,80.88999938964844,1363300
82.30999755859375,84.2300033569336,81.22000122070312,84.12999725341797,84.12999725341797,792700
82.54000091552734,83.9000015258789,79.9800033569336,80.51000213623047,80.51000213623047,968600
76.94999694824219,78.8499984741211,74.26000213623047,77.0999984741211,77.0999984741211,1075800
70.11000061035156,75.86000061035156,69.69000244140625,71.54000091552734,71.54000091552734,1446800
73.66000366210938,78.0999984741211,71.55999755859375,77.94000244140625,77.94000244140625,1301700
76.01000213623047,77.6500015258789,71.25,73.1500015258789,73.1500015258789,1365000
66.91000366210938,71.66000366210938,66.55999755859375,67.2699966430664,67.2699966430664,1418000
71.0,74.0,66.02999877929688,72.97000122070312,72.97000122070312,1249500
64.7699966430664,68.0999984741211,58.400001525878906,66.23999786376953,66.23999786376953,1629100
67.0199966430664,73.91000366210938,64.73999786376953,67.6500015258789,67.6500015258789,1108200
62.95000076293945,66.91000366210938,56.380001068115234,58.18999862670898,58.18999862670898,1323100
57.59999847412109,63.0,55.5,57.88999938964844,57.88999938964844,1180500
59.59999847412109,67.5,59.0099983215332,62.0,62.0,1371400
61.08000183105469,67.9800033569336,59.380001068115234,66.66000366210938,66.66000366210938,1241500
69.5999984741211,76.91999816894531,69.12000274658203,74.12999725341797,74.12999725341797,970900
74.4800033569336,80.4000015258789,70.13999938964844,74.76000213623047,74.76000213623047,902200
74.63999938964844,80.04000091552734,73.05999755859375,78.55999755859375,78.55999755859375,836300
76.16000366210938,81.5,75.69000244140625,79.48999786376953,79.48999786376953,1011600
78.58999633789062,80.80999755859375,77.33999633789062,80.33999633789062,80.33999633789062,1250900
80.0199966430664,80.5,74.0,74.5999984741211,74.5999984741211,1139900
72.0199966430664,74.62999725341797,66.01000213623047,66.26000213623047,66.26000213623047,1487000
