17.739999771118164,19.75,17.260000228881836,19.25,19.25,50900
19.01000022888184,19.86000061035156,19.01000022888184,19.700000762939453,19.700000762939453,17000
19.450000762939453,19.5,18.11599922180176,18.33799934387207,18.33799934387207,6000
19.399999618530277,19.399999618530277,18.549999237060547,18.780000686645508,18.780000686645508,11900
18.799999237060547,19.238000869750977,18.75,18.75,18.75,4100
20.0,20.0,17.010000228881836,19.799999237060547,19.799999237060547,18500
19.007999420166016,20.0,19.0,19.38599967956543,19.38599967956543,10700
19.152000427246094,19.18099975585937,18.5,18.5,18.5,6900
18.700000762939453,19.700000762939453,18.5,18.530000686645508,18.530000686645508,58700
19.350000381469727,19.350000381469727,18.5,19.200000762939453,19.200000762939453,31400
19.222000122070312,19.222000122070312,18.600000381469727,18.600000381469727,18.600000381469727,8600
18.559999465942383,19.440000534057617,18.559999465942383,19.440000534057617,19.440000534057617,12500
19.350000381469727,20.489999771118164,19.350000381469727,19.56100082397461,19.56100082397461,8900
19.549999237060547,20.155000686645508,19.549999237060547,19.670000076293945,19.670000076293945,11700
19.600000381469727,20.100000381469727,19.600000381469727,19.790000915527344,19.790000915527344,2000
19.801000595092773,19.98500061035156,19.799999237060547,19.93000030517578,19.93000030517578,2900
20.0,20.0,19.399999618530277,19.76000022888184,19.76000022888184,2600
19.850000381469727,19.989999771118164,19.468000411987305,19.90999984741211,19.90999984741211,5400
19.989999771118164,19.989999771118164,19.799999237060547,19.799999237060547,19.799999237060547,2200
19.93000030517578,19.93000030517578,19.711000442504883,19.8700008392334,19.8700008392334,2600
19.950000762939453,20.100000381469727,19.850000381469727,20.100000381469727,20.100000381469727,3400
19.96999931335449,19.97900009155273,19.850000381469727,19.96999931335449,19.96999931335449,3800
19.799999237060547,19.989999771118164,19.799999237060547,19.989999771118164,19.989999771118164,2400
20.0,20.006000518798828,19.950000762939453,19.950000762939453,19.950000762939453,2100
19.940000534057617,20.940000534057617,19.940000534057617,20.5,20.5,13700
20.61000061035156,20.61000061035156,20.000999450683597,20.600000381469727,20.600000381469727,3300
20.858999252319336,20.989999771118164,20.5,20.989999771118164,20.989999771118164,6300
21.0,21.6200008392334,20.959999084472656,21.600000381469727,21.600000381469727,7700
21.5,21.739999771118164,21.489999771118164,21.489999771118164,21.489999771118164,5600
21.222999572753903,21.700000762939453,21.222999572753903,21.700000762939453,21.700000762939453,2300
21.270000457763672,21.625,21.26000022888184,21.625,21.625,1700
21.57999992370605,21.57999992370605,21.299999237060547,21.56999969482422,21.56999969482422,4500
21.75,22.959999084472656,21.56999969482422,22.86000061035156,22.86000061035156,5900
22.96699905395508,28.049999237060547,22.670000076293945,25.0,25.0,32300
25.88999938964844,25.96199989318848,24.5,24.63999938964844,24.63999938964844,4500
25.32999992370605,25.5,24.51000022888184,24.989999771118164,24.989999771118164,5200
25.270000457763672,26.0,24.881000518798828,26.0,26.0,5900
26.770000457763672,26.770000457763672,25.483999252319336,26.200000762939453,26.200000762939453,2600
26.950000762939453,26.989999771118164,26.649999618530277,26.989999771118164,26.989999771118164,1600
26.989999771118164,27.100000381469727,25.8799991607666,26.31999969482422,26.31999969482422,8300
26.90999984741211,26.90999984741211,26.0,26.399999618530277,26.399999618530277,3400
26.263999938964844,26.31999969482422,25.950000762939453,26.31999969482422,26.31999969482422,1100
26.13599967956543,26.13599967956543,25.5,25.86000061035156,25.86000061035156,3700
25.81999969482422,25.81999969482422,25.81999969482422,25.81999969482422,25.81999969482422,600
25.93000030517578,26.97100067138672,25.809999465942383,26.350000381469727,26.350000381469727,5700
26.621000289916992,27.059999465942383,26.40999984741211,26.799999237060547,26.799999237060547,3000
26.799999237060547,27.489999771118164,26.0,27.440000534057617,27.440000534057617,2000
27.1299991607666,27.399999618530277,26.600000381469727,26.899999618530277,26.899999618530277,3200
27.25,27.5,27.01000022888184,27.5,27.5,2400
26.899999618530277,28.31999969482422,26.700000762939453,27.9689998626709,27.9689998626709,5000
28.32999992370605,29.48900032043457,28.298999786376957,29.25,29.25,7000
29.489999771118164,30.989999771118164,28.722000122070312,29.809999465942383,29.809999465942383,7100
29.989999771118164,30.989999771118164,29.524999618530277,30.149999618530277,30.149999618530277,12700
27.832000732421875,31.799999237060547,27.832000732421875,31.799999237060547,31.799999237060547,6800
32.27399826049805,32.27399826049805,30.600000381469727,31.674999237060547,31.674999237060547,2700
31.040000915527344,33.0099983215332,31.040000915527344,32.25,32.25,3100
34.349998474121094,35.20000076293945,33.775001525878906,34.900001525878906,34.900001525878906,3300
35.29999923706055,41.15999984741211,35.29999923706055,38.29999923706055,38.29999923706055,10800
38.470001220703125,44.0,38.470001220703125,42.59999847412109,42.59999847412109,22600
42.150001525878906,43.880001068115234,42.0,43.400001525878906,43.400001525878906,11300
43.9900016784668,45.0,35.0,43.75,43.75,22600
43.75,44.2400016784668,42.0,42.18999862670898,42.18999862670898,12900
42.08000183105469,43.58000183105469,42.08000183105469,43.31999969482422,43.31999969482422,3900
42.9900016784668,43.5,42.5,43.5,43.5,6200
42.77999877929688,44.97999954223633,42.02999877929688,42.33000183105469,42.33000183105469,7400
42.0,42.2599983215332,37.02999877929688,37.43999862670898,37.43999862670898,7500
38.0,38.0,34.0,34.29999923706055,34.29999923706055,21300
34.29999923706055,36.0,34.29999923706055,35.32500076293945,35.32500076293945,8400
35.500999450683594,38.334999084472656,33.27899932861328,36.79999923706055,36.79999923706055,11200
37.75,37.75,33.15999984741211,33.709999084472656,33.709999084472656,5900
34.0,34.0,31.600000381469727,31.600000381469727,31.600000381469727,6200
31.520000457763672,31.520000457763672,28.0,30.01499938964844,30.01499938964844,16200
30.07999992370605,33.310001373291016,30.07999992370605,32.5,32.5,5200
33.189998626708984,36.88999938964844,33.189998626708984,35.70000076293945,35.70000076293945,11900
35.7400016784668,38.9900016784668,35.7400016784668,38.09999847412109,38.09999847412109,11000
39.11000061035156,39.810001373291016,38.810001373291016,39.0,39.0,4700
41.0,41.928001403808594,40.50600051879883,41.79999923706055,41.79999923706055,23500
41.68999862670898,43.20000076293945,41.68999862670898,42.900001525878906,42.900001525878906,9900
42.09999847412109,43.400001525878906,42.09999847412109,42.875,42.875,5600
43.0,48.4900016784668,40.59999847412109,48.34999847412109,48.34999847412109,7100
48.02999877929688,48.02999877929688,41.0099983215332,45.880001068115234,45.880001068115234,11900
48.0,48.0,42.59999847412109,44.900001525878906,44.900001525878906,1400
44.5,44.5,41.0009994506836,42.900001525878906,42.900001525878906,4400
42.45000076293945,42.45000076293945,39.5099983215332,39.9900016784668,39.9900016784668,5100
39.560001373291016,39.970001220703125,38.40999984741211,38.810001373291016,38.810001373291016,5500
39.0,42.64500045776367,39.0,42.0,42.0,4200
41.5,41.65999984741211,39.79999923706055,40.130001068115234,40.130001068115234,4100
40.2400016784668,41.880001068115234,40.20000076293945,41.880001068115234,41.880001068115234,2600
41.20000076293945,41.20000076293945,40.400001525878906,41.13999938964844,41.13999938964844,900
40.68999862670898,41.880001068115234,40.00299835205078,41.77999877929688,41.77999877929688,2700
41.34999847412109,41.34999847412109,40.150001525878906,40.209999084472656,40.209999084472656,1700
40.25,40.25,38.47999954223633,39.0,39.0,6500
39.11000061035156,39.15999984741211,37.79999923706055,37.79999923706055,37.79999923706055,1300
38.20000076293945,41.72999954223633,37.29999923706055,41.72999954223633,41.72999954223633,1400
41.880001068115234,41.880001068115234,38.400001525878906,39.70000076293945,39.70000076293945,1000
39.29999923706055,39.29999923706055,38.709999084472656,38.7599983215332,38.7599983215332,800
38.52999877929688,39.5,38.52999877929688,39.5,39.5,1300
38.869998931884766,39.70000076293945,38.869998931884766,39.0099983215332,39.0099983215332,700
39.9900016784668,41.7400016784668,39.9900016784668,41.7400016784668,41.7400016784668,1900
41.29999923706055,42.68000030517578,39.5,39.5,39.5,2000
39.5099983215332,39.7859992980957,39.5,39.59999847412109,39.59999847412109,600
39.09999847412109,39.09999847412109,38.060001373291016,38.290000915527344,38.290000915527344,1100
38.150001525878906,38.400001525878906,38.150001525878906,38.36000061035156,38.36000061035156,900
40.0,40.209999084472656,40.0,40.0,40.0,1500
40.0099983215332,41.27999877929688,40.0099983215332,41.27999877929688,41.27999877929688,1000
40.79999923706055,40.79999923706055,40.11000061035156,40.790000915527344,40.790000915527344,600
40.09000015258789,40.13999938964844,39.0099983215332,39.0099983215332,39.0099983215332,3600
39.209999084472656,39.27000045776367,39.20000076293945,39.2599983215332,39.2599983215332,700
39.16999816894531,39.25600051879883,39.0,39.0,39.0,1500
39.63999938964844,39.70000076293945,39.060001373291016,39.150001525878906,39.150001525878906,200
39.43999862670898,39.5,39.04999923706055,39.25,39.25,900
39.20000076293945,39.20000076293945,38.40999984741211,38.40999984741211,38.40999984741211,2800
38.5,40.97100067138672,38.5,40.970001220703125,40.970001220703125,1800
40.7400016784668,40.7400016784668,38.40999984741211,38.40999984741211,38.40999984741211,1200
38.75,39.10900115966797,38.45000076293945,38.5,38.5,2600
38.52000045776367,38.52000045776367,38.15999984741211,38.29999923706055,38.29999923706055,2600
38.400001525878906,38.7400016784668,36.25,36.75,36.75,26400
36.994998931884766,38.0,36.30500030517578,37.959999084472656,37.959999084472656,8400
38.380001068115234,38.380001068115234,37.0,37.09999847412109,37.09999847412109,900
36.70000076293945,42.0,36.70000076293945,40.400001525878906,40.400001525878906,6900
41.5,41.5,38.70000076293945,38.70000076293945,38.70000076293945,1200
41.220001220703125,41.220001220703125,38.5,38.5,38.5,700
40.09999847412109,42.4900016784668,37.56999969482422,40.59000015258789,40.59000015258789,4000
40.630001068115234,40.630001068115234,35.630001068115234,35.75,35.75,7000
35.7599983215332,36.54999923706055,34.0099983215332,35.54999923706055,35.54999923706055,9600
36.650001525878906,37.29999923706055,36.02399826049805,36.5,36.5,1400
36.650001525878906,36.75,36.150001525878906,36.20000076293945,36.20000076293945,2500
38.5,38.5,36.5099983215332,36.5099983215332,36.5099983215332,1200
36.54999923706055,37.22999954223633,36.5,37.22999954223633,37.22999954223633,1100
38.095001220703125,38.095001220703125,38.095001220703125,38.095001220703125,38.095001220703125,300
37.310001373291016,37.54999923706055,37.310001373291016,37.54999923706055,37.54999923706055,400
38.9900016784668,38.9900016784668,38.0,38.0,38.0,2500
39.05199813842773,39.05199813842773,38.04999923706055,38.11000061035156,38.11000061035156,700
38.15999984741211,38.854000091552734,38.15999984741211,38.854000091552734,38.854000091552734,600
38.88999938964844,39.08000183105469,38.88999938964844,39.0,39.0,2500
39.10200119018555,39.422000885009766,39.0,39.422000885009766,39.422000885009766,1900
39.0,39.0,38.59999847412109,38.59999847412109,38.59999847412109,1400
38.27999877929688,38.77999877929688,38.27999877929688,38.27999877929688,38.27999877929688,600
38.27999877929688,38.27999877929688,37.0,37.0,37.0,1400
37.060001373291016,37.060001373291016,37.060001373291016,37.060001373291016,37.060001373291016,200
37.0,37.0,37.0,37.0,37.0,500
36.99700164794922,36.999000549316406,36.869998931884766,36.869998931884766,36.869998931884766,300
36.505001068115234,38.0,36.505001068115234,38.0,38.0,500
40.869998931884766,40.869998931884766,37.220001220703125,39.470001220703125,39.470001220703125,2100
38.5,38.5,38.5,38.5,38.5,500
38.5,38.95000076293945,38.5,38.95000076293945,38.95000076293945,1200
38.84999847412109,39.41999816894531,38.540000915527344,39.04999923706055,39.04999923706055,500
39.470001220703125,39.470001220703125,39.0,39.0,39.0,300
38.97999954223633,39.0,38.0,39.0,39.0,4200
39.0,39.35200119018555,39.0,39.19599914550781,39.19599914550781,700
39.20000076293945,39.28799819946289,38.5,39.0,39.0,12600
38.220001220703125,38.5,37.79999923706055,38.0,38.0,8300
37.07500076293945,37.68000030517578,36.75,36.75,36.75,3800
34.0,35.9900016784668,30.049999237060547,35.97999954223633,35.97999954223633,8200
36.042999267578125,36.47999954223633,35.7599983215332,35.7599983215332,35.7599983215332,3800
35.029998779296875,35.20000076293945,35.0,35.0,35.0,5100
34.5,34.5,28.989999771118164,28.989999771118164,28.989999771118164,11100
30.299999237060547,33.5,30.299999237060547,32.5,32.5,2100
35.0,35.0,32.150001525878906,32.79999923706055,32.79999923706055,3900
32.9900016784668,33.11000061035156,32.9900016784668,33.11000061035156,33.11000061035156,1800
34.72700119018555,35.4379997253418,34.45000076293945,35.349998474121094,35.349998474121094,3300
35.79999923706055,36.27999877929688,35.79999923706055,36.27999877929688,36.27999877929688,4600
36.27999877929688,37.70000076293945,33.84000015258789,33.84000015258789,33.84000015258789,3100
33.62900161743164,36.2599983215332,33.62900161743164,35.20000076293945,35.20000076293945,2300
35.810001373291016,35.810001373291016,35.810001373291016,35.810001373291016,35.810001373291016,200
35.810001373291016,35.810001373291016,35.810001373291016,35.810001373291016,35.810001373291016,0
36.880001068115234,36.880001068115234,35.0,35.0,35.0,1500
35.0,35.0,35.0,35.0,35.0,0
34.470001220703125,35.141998291015625,34.470001220703125,34.999000549316406,34.999000549316406,900
35.060001373291016,35.755001068115234,35.00299835205078,35.599998474121094,35.599998474121094,2400
35.599998474121094,35.599998474121094,35.599998474121094,35.599998474121094,35.599998474121094,0
35.41999816894531,35.5099983215332,35.41999816894531,35.5099983215332,35.5099983215332,1700
34.400001525878906,34.83000183105469,34.04999923706055,34.83000183105469,34.83000183105469,1100
35.02000045776367,35.27000045776367,34.630001068115234,34.630001068115234,34.630001068115234,1400
35.0,35.2599983215332,34.209999084472656,34.209999084472656,34.209999084472656,1500
34.369998931884766,34.369998931884766,34.369998931884766,34.369998931884766,34.369998931884766,300
35.19499969482422,35.25,35.19499969482422,35.25,35.25,900
34.5,34.5,34.0099983215332,34.04999923706055,34.04999923706055,2200
33.84000015258789,34.69599914550781,33.83000183105469,34.69599914550781,34.69599914550781,1000
34.5099983215332,34.70000076293945,34.0,34.06800079345703,34.06800079345703,2100
33.79999923706055,33.79999923706055,29.13599967956543,29.13599967956543,29.13599967956543,6400
32.39500045776367,32.39500045776367,32.39500045776367,32.39500045776367,32.39500045776367,300
34.8849983215332,34.8849983215332,33.869998931884766,33.869998931884766,33.869998931884766,700
33.79999923706055,33.80500030517578,33.79999923706055,33.80500030517578,33.80500030517578,1000
33.43000030517578,33.43000030517578,32.5099983215332,32.5099983215332,32.5099983215332,400
32.5099983215332,32.5099983215332,32.5099983215332,32.5099983215332,32.5099983215332,0
32.5099983215332,32.5099983215332,32.5099983215332,32.5099983215332,32.5099983215332,0
32.08000183105469,32.08000183105469,31.59000015258789,31.59000015258789,31.59000015258789,1200
31.59000015258789,31.59000015258789,31.59000015258789,31.59000015258789,31.59000015258789,0
31.93000030517578,31.93000030517578,31.59000015258789,31.59000015258789,31.59000015258789,1200
31.700000762939453,31.700000762939453,31.700000762939453,31.700000762939453,31.700000762939453,600
31.700000762939453,31.700000762939453,31.700000762939453,31.700000762939453,31.700000762939453,0
31.18000030517578,31.18000030517578,28.450000762939453,28.450000762939453,28.450000762939453,9200
28.040000915527344,30.8700008392334,28.040000915527344,30.86000061035156,30.86000061035156,7800
31.5,31.5,28.500999450683597,29.11000061035156,29.11000061035156,3200
30.0,32.70000076293945,30.0,32.41999816894531,32.41999816894531,3900
32.0,32.0,30.239999771118164,30.239999771118164,30.239999771118164,1100
29.000999450683597,29.000999450683597,29.000999450683597,29.000999450683597,29.000999450683597,300
30.989999771118164,34.0,30.989999771118164,34.0,34.0,1700
31.030000686645508,31.51000022888184,31.030000686645508,31.51000022888184,31.51000022888184,600
31.5,32.0,31.059999465942383,31.059999465942383,31.059999465942383,1400
32.58000183105469,32.58000183105469,32.58000183105469,32.58000183105469,32.58000183105469,200
32.0,32.0,30.040000915527344,30.040000915527344,30.040000915527344,3300
30.39900016784668,30.39900016784668,28.10099983215332,28.61000061035156,28.61000061035156,1700
28.799999237060547,31.0,28.799999237060547,29.07900047302246,29.07900047302246,1500
31.0,31.0,29.0,29.0,29.0,8100
29.09000015258789,30.500999450683597,29.0,30.500999450683597,30.500999450683597,3600
29.100000381469727,29.100000381469727,28.90900039672852,28.93000030517578,28.93000030517578,3500
29.0,29.229999542236328,28.0,28.0,28.0,3800
28.0,28.0,28.0,28.0,28.0,0
27.84199905395508,28.0,27.51000022888184,27.59000015258789,27.59000015258789,1200
27.5,27.799999237060547,27.0,27.799999237060547,27.799999237060547,1200
27.540000915527344,27.940000534057617,26.729999542236328,26.729999542236328,26.729999542236328,13900
26.540000915527344,28.09000015258789,25.739999771118164,25.739999771118164,25.739999771118164,6300
25.739999771118164,27.600000381469727,23.40999984741211,23.40999984741211,23.40999984741211,12500
24.0,27.559999465942383,24.0,25.0,25.0,5500
26.520000457763672,26.520000457763672,25.049999237060547,25.6200008392334,25.6200008392334,4500
26.0,26.399999618530277,25.5,25.96999931335449,25.96999931335449,1500
26.5,29.399999618530277,26.5,28.209999084472656,28.209999084472656,10700
29.299999237060547,31.600000381469727,29.0,31.551000595092773,31.551000595092773,19400
32.0,34.0,30.0,33.93600082397461,33.93600082397461,38700
34.0,34.0,31.839000701904297,32.81999969482422,32.81999969482422,13400
32.0,32.0,25.600000381469727,31.75,31.75,9600
32.025001525878906,32.025001525878906,28.85700035095215,28.85700035095215,28.85700035095215,14100
33.0,33.0,28.0,28.0,28.0,3600
28.0,29.13999938964844,27.0,29.13999938964844,29.13999938964844,9400
27.59000015258789,28.295000076293945,26.26499938964844,26.63999938964844,26.63999938964844,5200
27.804000854492188,27.804000854492188,26.8799991607666,26.920000076293945,26.920000076293945,1900
27.65999984741211,27.95400047302246,27.114999771118164,27.356000900268555,27.356000900268555,2600
27.61000061035156,27.61000061035156,25.270999908447266,26.01000022888184,26.01000022888184,2000
26.59000015258789,27.5,26.049999237060547,27.290000915527344,27.290000915527344,900
27.799999237060547,27.799999237060547,26.11000061035156,26.46999931335449,26.46999931335449,3400
26.05299949645996,26.999000549316406,25.899999618530277,26.999000549316406,26.999000549316406,3300
26.989999771118164,26.989999771118164,26.239999771118164,26.2450008392334,26.2450008392334,1000
26.25,26.6200008392334,26.25,26.6200008392334,26.6200008392334,400
26.530000686645508,26.59000015258789,26.121999740600582,26.34000015258789,26.34000015258789,1900
25.989999771118164,27.399999618530277,25.989999771118164,26.1200008392334,26.1200008392334,700
26.93000030517578,26.93000030517578,25.899999618530277,26.5,26.5,5200
26.200000762939453,26.31999969482422,25.93000030517578,26.145000457763672,26.145000457763672,1900
26.020000457763672,26.399999618530277,26.020000457763672,26.25,26.25,1700
26.270000457763672,26.270000457763672,25.899999618530277,25.899999618530277,25.899999618530277,3900
25.899999618530277,26.149999618530277,24.989999771118164,24.989999771118164,24.989999771118164,9900
25.0,25.200000762939453,22.575000762939453,22.575000762939453,22.575000762939453,8800
23.5,25.184999465942383,21.280000686645508,21.649999618530277,21.649999618530277,13100
21.325000762939453,22.11000061035156,20.429000854492188,20.5,20.5,25900
20.75,21.0,20.26000022888184,20.38999938964844,20.38999938964844,5900
20.440000534057617,23.625,20.299999237060547,21.5,21.5,12300
19.549999237060547,26.899999618530277,19.549999237060547,26.850000381469727,26.850000381469727,11400
28.0,30.5,27.01499938964844,29.0,29.0,25200
29.1200008392334,29.1200008392334,24.290000915527344,27.3700008392334,27.3700008392334,29400
27.049999237060547,27.68000030517578,26.0,26.5,26.5,12400
26.51000022888184,28.15999984741211,25.5,28.0,28.0,41700
28.0,30.299999237060547,26.5,30.299999237060547,30.299999237060547,31600
30.0,30.0,28.059999465942383,28.459999084472656,28.459999084472656,17000
28.0,28.40999984741211,26.8799991607666,26.989999771118164,26.989999771118164,25100
27.309999465942383,27.309999465942383,26.149999618530277,27.299999237060547,27.299999237060547,18000
26.799999237060547,26.88400077819824,26.040000915527344,26.09000015258789,26.09000015258789,17200
26.350000381469727,26.399999618530277,25.989999771118164,26.25,26.25,5900
26.5,27.149999618530277,26.0,27.149999618530277,27.149999618530277,7800
26.899999618530277,26.93000030517578,26.298999786376957,26.5,26.5,7600
26.399999618530277,27.0,26.299999237060547,26.799999237060547,26.799999237060547,10800
26.999000549316406,27.0,26.3799991607666,26.3799991607666,26.3799991607666,7900
26.739999771118164,26.739999771118164,26.450000762939453,26.600000381469727,26.600000381469727,2200
26.450000762939453,26.450000762939453,25.825000762939453,26.299999237060547,26.299999237060547,14800
26.3439998626709,26.459999084472656,26.3439998626709,26.459999084472656,26.459999084472656,600
26.700000762939453,26.700000762939453,25.600000381469727,25.6200008392334,25.6200008392334,12400
25.6200008392334,26.649999618530277,25.600000381469727,26.649999618530277,26.649999618530277,1400
26.950000762939453,27.020000457763672,26.520000457763672,26.520000457763672,26.520000457763672,3200
26.06999969482422,27.0,26.06999969482422,27.0,27.0,2300
26.950000762939453,27.0,26.75,26.770000457763672,26.770000457763672,6100
26.950000762939453,27.0,26.950000762939453,27.0,27.0,400
26.989999771118164,27.049999237060547,26.799999237060547,26.799999237060547,26.799999237060547,1300
26.899999618530277,27.0,26.350000381469727,26.899999618530277,26.899999618530277,3000
27.0,27.049999237060547,26.950000762939453,26.950000762939453,26.950000762939453,2200
27.0,27.049999237060547,26.96999931335449,27.049999237060547,27.049999237060547,11300
27.0,27.049999237060547,26.989999771118164,27.049999237060547,27.049999237060547,12000
26.920000076293945,26.920000076293945,26.920000076293945,26.920000076293945,26.920000076293945,400
27.0,27.0,27.0,27.0,27.0,200
26.549999237060547,27.0,26.549999237060547,27.0,27.0,3400
27.0,27.5,26.78199958801269,27.5,27.5,29400
27.5,31.100000381469727,26.66699981689453,31.100000381469727,31.100000381469727,84900
30.56999969482422,31.0,29.5,30.0,30.0,60400
30.1200008392334,30.46999931335449,30.0,30.0,30.0,9900
30.299999237060547,32.279998779296875,30.0,32.0,32.0,79800
32.060001373291016,33.29999923706055,32.0,33.0,33.0,32300
33.2599983215332,33.2599983215332,31.0,31.100000381469727,31.100000381469727,20100
31.690000534057617,32.97999954223633,29.96999931335449,31.0,31.0,17400
30.76000022888184,31.690000534057617,30.5,30.6200008392334,30.6200008392334,20200
30.899999618530277,30.899999618530277,30.43000030517578,30.43000030517578,30.43000030517578,5200
30.0,30.0,29.200000762939453,29.299999237060547,29.299999237060547,14800
29.049999237060547,29.790000915527344,27.94499969482422,29.790000915527344,29.790000915527344,12600
29.75,29.790000915527344,27.200000762939453,28.790000915527344,28.790000915527344,24800
28.32999992370605,28.32999992370605,27.60099983215332,28.0,28.0,8200
27.989999771118164,28.100000381469727,27.239999771118164,27.26000022888184,27.26000022888184,14300
27.520000457763672,28.11000061035156,26.729999542236328,27.200000762939453,27.200000762939453,16900
27.540000915527344,27.93000030517578,27.530000686645508,27.799999237060547,27.799999237060547,900
28.0,28.0,27.190000534057617,27.690000534057617,27.690000534057617,4700
29.0,29.0,27.520000457763672,27.520000457763672,27.520000457763672,1700
27.399999618530277,27.61000061035156,27.399999618530277,27.600000381469727,27.600000381469727,7000
30.0,30.0,27.399999618530277,27.61000061035156,27.61000061035156,18800
27.798999786376957,27.798999786376957,26.850000381469727,27.3799991607666,27.3799991607666,13200
27.5,27.5,24.739999771118164,27.170000076293945,27.170000076293945,13200
27.0,30.979999542236328,27.0,30.979999542236328,30.979999542236328,23900
30.8700008392334,30.8700008392334,27.309999465942383,27.51000022888184,27.51000022888184,13300
27.99099922180176,29.0,27.0,27.499000549316406,27.499000549316406,19400
27.15999984741211,28.0,26.06999969482422,26.899999618530277,26.899999618530277,12400
26.96999931335449,27.989999771118164,26.70800018310547,27.350000381469727,27.350000381469727,9100
27.5,27.55500030517578,26.76000022888184,26.799999237060547,26.799999237060547,13000
27.0,27.0,26.51000022888184,26.6879997253418,26.6879997253418,14200
26.84000015258789,27.5,26.84000015258789,27.450000762939453,27.450000762939453,10200
27.448999404907227,27.450000762939453,26.100000381469727,26.479999542236328,26.479999542236328,14000
26.5,26.57999992370605,26.149999618530277,26.399999618530277,26.399999618530277,4400
26.200000762939453,27.149999618530277,26.200000762939453,26.290000915527344,26.290000915527344,4000
27.5,28.0,26.479999542236328,28.0,28.0,5600
27.2450008392334,27.799999237060547,27.003999710083008,27.40999984741211,27.40999984741211,6300
27.299999237060547,27.299999237060547,26.799999237060547,26.799999237060547,26.799999237060547,5700
26.25,27.489999771118164,26.25,26.8799991607666,26.8799991607666,10500
26.87299919128418,27.280000686645508,26.87299919128418,27.01000022888184,27.01000022888184,3700
27.100000381469727,27.5,26.600000381469727,26.6200008392334,26.6200008392334,6700
26.825000762939453,27.200000762939453,26.825000762939453,26.8799991607666,26.8799991607666,4600
26.881000518798828,27.100000381469727,26.8799991607666,26.8799991607666,26.8799991607666,2200
26.92300033569336,26.92300033569336,26.13999938964844,26.309999465942383,26.309999465942383,4700
26.700000762939453,27.15999984741211,26.549999237060547,27.0,27.0,6400
26.780000686645508,27.0,26.399999618530277,26.5,26.5,10900
27.799999237060547,27.799999237060547,26.709999084472656,26.780000686645508,26.780000686645508,6500
27.0,27.3799991607666,26.0,27.0,27.0,25800
27.0,27.100000381469727,26.65999984741211,27.100000381469727,27.100000381469727,5900
27.0,27.07999992370605,26.0,27.0,27.0,26300
27.0,27.0,26.88999938964844,26.979999542236328,26.979999542236328,2200
26.90999984741211,26.90999984741211,26.5,26.51000022888184,26.51000022888184,4500
26.899999618530277,26.899999618530277,25.46999931335449,26.0,26.0,9400
26.149999618530277,27.0,26.0629997253418,27.0,27.0,3200
26.8700008392334,27.0,26.65999984741211,26.65999984741211,26.65999984741211,2900
27.0,27.0,26.51000022888184,27.0,27.0,1900
26.9950008392334,27.0,26.38999938964844,27.0,27.0,7400
26.989999771118164,27.0,26.920000076293945,26.989999771118164,26.989999771118164,800
27.0,27.149999618530277,26.959999084472656,27.149999618530277,27.149999618530277,4000
27.53199958801269,27.53199958801269,25.25,25.25,25.25,15200
25.11000061035156,26.399999618530277,25.11000061035156,25.979999542236328,25.979999542236328,4600
25.98900032043457,25.98900032043457,25.98900032043457,25.98900032043457,25.98900032043457,300
26.149999618530277,26.299999237060547,24.350000381469727,24.75900077819824,24.75900077819824,5200
25.100000381469727,25.299999237060547,25.0,25.0,25.0,2500
25.0,25.798999786376957,25.0,25.798999786376957,25.798999786376957,200
25.399999618530277,26.57999992370605,24.75,26.57999992370605,26.57999992370605,1700
25.65999984741211,25.799999237060547,25.65999984741211,25.799999237060547,25.799999237060547,300
25.5,25.5,25.0,25.00900077819824,25.00900077819824,3800
25.27899932861328,25.27899932861328,24.5,24.5,24.5,900
24.799999237060547,24.799999237060547,24.299999237060547,24.5,24.5,3600
24.799999237060547,24.799999237060547,23.5,23.5,23.5,3900
24.799999237060547,26.280000686645508,24.229999542236328,24.450000762939453,24.450000762939453,23800
24.46999931335449,25.23900032043457,24.399999618530277,24.959999084472656,24.959999084472656,6700
24.780000686645508,24.96999931335449,24.200000762939453,24.5,24.5,12300
24.82999992370605,24.96999931335449,24.200000762939453,24.8700008392334,24.8700008392334,8800
24.899999618530277,24.899999618530277,24.51000022888184,24.88999938964844,24.88999938964844,1700
24.989999771118164,24.989999771118164,24.209999084472656,24.979999542236328,24.979999542236328,3300
24.420000076293945,25.51000022888184,24.350000381469727,24.350000381469727,24.350000381469727,6200
24.350000381469727,24.378999710083008,24.200000762939453,24.378999710083008,24.378999710083008,2200
24.200000762939453,24.746000289916992,24.100000381469727,24.46999931335449,24.46999931335449,2000
24.999000549316406,24.999000549316406,23.600000381469727,23.600000381469727,23.600000381469727,16400
23.0,23.350000381469727,20.270000457763672,22.899999618530277,22.899999618530277,5800
21.729999542236328,22.299999237060547,20.38999938964844,20.600000381469727,20.600000381469727,8300
20.51000022888184,21.459999084472656,19.309999465942383,19.309999465942383,19.309999465942383,6000
20.34000015258789,20.34000015258789,19.309999465942383,19.309999465942383,19.309999465942383,4900
19.500999450683597,19.96999931335449,19.5,19.524999618530277,19.524999618530277,1700
19.399999618530277,20.57999992370605,19.149999618530277,20.07999992370605,20.07999992370605,10000
22.09000015258789,22.09000015258789,22.09000015258789,22.09000015258789,22.09000015258789,600
21.549999237060547,22.86000061035156,21.549999237060547,22.450000762939453,22.450000762939453,5000
22.663000106811523,23.229999542236328,22.663000106811523,23.229999542236328,23.229999542236328,1700
23.040000915527344,23.040000915527344,22.71999931335449,23.0,23.0,2800
23.215999603271484,23.5,22.899999618530277,23.0,23.0,1500
23.0,23.030000686645508,23.0,23.0,23.0,2300
23.209999084472656,23.489999771118164,22.799999237060547,22.799999237060547,22.799999237060547,2600
22.950000762939453,22.950000762939453,22.89900016784668,22.89900016784668,22.89900016784668,700
22.690000534057617,22.96999931335449,22.378999710083008,22.96999931335449,22.96999931335449,3900
22.5,22.5,21.799999237060547,21.799999237060547,21.799999237060547,12500
21.700000762939453,22.0,21.5,21.799999237060547,21.799999237060547,8600
21.5,21.76000022888184,21.100000381469727,21.5,21.5,27400
21.450000762939453,22.440000534057617,21.450000762939453,22.0,22.0,5300
22.450000762939453,24.5,22.450000762939453,24.350000381469727,24.350000381469727,8700
24.5,26.979999542236328,24.5,26.35400009155273,26.35400009155273,7800
26.5,26.867000579833984,25.799999237060547,26.03700065612793,26.03700065612793,10100
26.231000900268555,26.231000900268555,25.950000762939453,26.0,26.0,1500
26.065000534057617,26.065000534057617,25.899999618530277,25.899999618530277,25.899999618530277,1000
26.01000022888184,26.01300048828125,25.799999237060547,26.01300048828125,26.01300048828125,900
25.84000015258789,25.9689998626709,25.399999618530277,25.399999618530277,25.399999618530277,4900
26.850000381469727,26.850000381469727,25.31999969482422,25.31999969482422,25.31999969482422,6500
25.5,25.5,25.0,25.0,25.0,3400
25.25,25.5,25.0,25.0,25.0,2300
25.15999984741211,25.7810001373291,25.15999984741211,25.475000381469727,25.475000381469727,2700
25.5,26.100000381469727,25.5,26.100000381469727,26.100000381469727,500
26.100000381469727,26.86400032043457,26.100000381469727,26.399999618530277,26.399999618530277,3900
25.799999237060547,25.799999237060547,25.0,25.0,25.0,5100
25.0,25.200000762939453,25.0,25.01000022888184,25.01000022888184,3200
25.59000015258789,26.07900047302246,25.0,26.07900047302246,26.07900047302246,9500
25.90999984741211,26.100000381469727,24.850000381469727,24.93000030517578,24.93000030517578,5000
24.940000534057617,25.231000900268555,24.799999237060547,24.799999237060547,24.799999237060547,8200
24.76000022888184,24.8700008392334,24.5,24.59000015258789,24.59000015258789,1600
24.59000015258789,24.766000747680664,24.548999786376957,24.766000747680664,24.766000747680664,1000
24.5,24.600000381469727,23.520000457763672,23.53499984741211,23.53499984741211,3000
23.799999237060547,23.799999237060547,23.600000381469727,23.600000381469727,23.600000381469727,2200
23.93000030517578,23.93000030517578,20.100000381469727,20.790000915527344,20.790000915527344,27800
20.799999237060547,21.54199981689453,20.5,20.7450008392334,20.7450008392334,5700
20.51000022888184,20.67300033569336,20.5,20.520000457763672,20.520000457763672,1300
21.38999938964844,22.3799991607666,20.5,20.5,20.5,5500
20.65999984741211,20.722000122070312,19.0,19.34000015258789,19.34000015258789,21600
19.399999618530277,19.399999618530277,19.0,19.200000762939453,19.200000762939453,1300
19.63999938964844,19.850000381469727,19.242000579833984,19.850000381469727,19.850000381469727,2900
20.0,20.0,19.06999969482422,19.88999938964844,19.88999938964844,2200
20.0,20.0,18.0,18.399999618530277,18.399999618530277,5400
19.0,19.0,16.149999618530273,18.74399948120117,18.74399948120117,14300
18.71999931335449,19.1299991607666,18.71999931335449,19.049999237060547,19.049999237060547,6400
19.190000534057617,19.190000534057617,18.399999618530277,18.5,18.5,2900
18.5,18.5,18.5,18.5,18.5,100
19.15999984741211,19.15999984741211,19.15999984741211,19.15999984741211,19.15999984741211,200
19.420000076293945,19.420000076293945,18.600000381469727,18.600000381469727,18.600000381469727,800
18.799999237060547,18.799999237060547,18.799999237060547,18.799999237060547,18.799999237060547,600
19.40999984741211,19.40999984741211,19.280000686645508,19.399999618530277,19.399999618530277,1400
19.989999771118164,19.989999771118164,19.989999771118164,19.989999771118164,19.989999771118164,600
19.989999771118164,19.989999771118164,19.989999771118164,19.989999771118164,19.989999771118164,100
19.899999618530277,19.899999618530277,17.899999618530273,17.899999618530273,17.899999618530273,2700
17.799999237060547,18.799999237060547,17.799999237060547,18.25,18.25,5300
18.200000762939453,18.200000762939453,17.149999618530273,17.149999618530273,17.149999618530273,3700
18.010000228881836,21.56100082397461,18.010000228881836,20.209999084472656,20.209999084472656,67800
20.149999618530277,21.0,20.149999618530277,20.57999992370605,20.57999992370605,24500
20.0,21.100000381469727,20.0,20.700000762939453,20.700000762939453,37100
20.700000762939453,22.18000030517578,20.6200008392334,21.549999237060547,21.549999237060547,6900
21.399999618530277,21.899999618530277,21.224000930786133,21.5,21.5,5100
21.700000762939453,21.899999618530277,21.11000061035156,21.299999237060547,21.299999237060547,7100
21.350000381469727,22.5,21.350000381469727,22.5,22.5,2600
22.09000015258789,23.280000686645508,22.09000015258789,22.899999618530277,22.899999618530277,4900
23.01000022888184,24.270000457763672,23.01000022888184,23.959999084472656,23.959999084472656,1700
23.25,25.0,23.25,24.850000381469727,24.850000381469727,3800
24.51000022888184,25.405000686645508,24.200000762939453,24.200000762939453,24.200000762939453,5200
24.239999771118164,24.61000061035156,23.700000762939453,23.700000762939453,23.700000762939453,4900
23.700000762939453,24.149999618530277,23.700000762939453,23.700000762939453,23.700000762939453,11800
23.700000762939453,23.959999084472656,23.299999237060547,23.299999237060547,23.299999237060547,5200
23.500999450683597,25.0,23.200000762939453,24.25,24.25,5700
24.5,24.5,23.489999771118164,24.11000061035156,24.11000061035156,4400
23.809999465942383,24.5,23.549999237060547,23.59000015258789,23.59000015258789,3900
24.489999771118164,25.790000915527344,23.5,24.11000061035156,24.11000061035156,16800
24.540000915527344,24.540000915527344,24.299999237060547,24.39699935913086,24.39699935913086,4500
24.479999542236328,24.479999542236328,23.3700008392334,23.3700008392334,23.3700008392334,5600
23.650999069213867,24.21999931335449,21.290000915527344,21.299999237060547,21.299999237060547,7500
21.399999618530277,21.399999618530277,20.5,20.600000381469727,20.600000381469727,12500
20.46999931335449,20.5,20.01000022888184,20.200000762939453,20.200000762939453,8800
20.5,20.700000762939453,20.11000061035156,20.399999618530277,20.399999618530277,13600
20.5,20.5,20.299999237060547,20.299999237060547,20.299999237060547,1100
20.200000762939453,21.16200065612793,20.200000762939453,20.399999618530277,20.399999618530277,2600
20.399999618530277,20.399999618530277,18.5,19.799999237060547,19.799999237060547,11500
19.5,19.75,18.700000762939453,19.200000762939453,19.200000762939453,2300
19.09499931335449,19.399999618530277,18.799999237060547,18.999000549316406,18.999000549316406,7300
19.0,19.0,18.069000244140625,19.0,19.0,2600
18.010000228881836,19.200000762939453,18.0,18.5,18.5,2600
19.25,19.25,17.600000381469727,18.0,18.0,7300
18.21999931335449,20.489999771118164,18.21999931335449,19.614999771118164,19.614999771118164,9300
19.31999969482422,19.31999969482422,18.1200008392334,18.75,18.75,1600
18.25,18.92099952697754,17.6299991607666,18.540000915527344,18.540000915527344,3000
18.51000022888184,19.0310001373291,18.5,18.600000381469727,18.600000381469727,3800
18.75,18.809999465942383,18.5,18.5,18.5,1400
18.8700008392334,18.8700008392334,17.190000534057617,18.51000022888184,18.51000022888184,22700
18.530000686645508,19.25,18.3700008392334,19.0,19.0,4400
18.84000015258789,19.440000534057617,18.59000015258789,19.440000534057617,19.440000534057617,2800
19.100000381469727,19.100000381469727,19.100000381469727,19.100000381469727,19.100000381469727,200
19.6200008392334,19.6200008392334,19.15999984741211,19.15999984741211,19.15999984741211,3100
18.67799949645996,18.809999465942383,18.67799949645996,18.809999465942383,18.809999465942383,900
18.90999984741211,18.996999740600582,18.799999237060547,18.799999237060547,18.799999237060547,1100
18.799999237060547,19.0,18.76000022888184,19.0,19.0,1400
18.540000915527344,20.0,18.51000022888184,19.299999237060547,19.299999237060547,3900
19.149999618530277,19.149999618530277,18.850000381469727,18.850000381469727,18.850000381469727,2100
19.11000061035156,19.11000061035156,17.600000381469727,17.600000381469727,17.600000381469727,5400
18.0,18.59499931335449,18.0,18.200000762939453,18.200000762939453,700
18.049999237060547,19.1299991607666,18.040000915527344,18.100000381469727,18.100000381469727,1800
18.549999237060547,18.549999237060547,17.25,18.0,18.0,3000
18.21999931335449,18.21999931335449,17.81999969482422,18.10400009155273,18.10400009155273,800
18.200000762939453,20.229999542236328,18.08799934387207,18.099000930786133,18.099000930786133,2900
18.25,18.5,17.44700050354004,17.645999908447266,17.645999908447266,4400
17.850000381469727,18.270000457763672,17.229999542236328,17.850000381469727,17.850000381469727,2500
17.850000381469727,17.860000610351562,17.850000381469727,17.860000610351562,17.860000610351562,600
17.969999313354492,18.5,17.969999313354492,18.010000228881836,18.010000228881836,2800
18.100000381469727,18.100000381469727,18.010000228881836,18.010000228881836,18.010000228881836,400
18.1200008392334,18.1200008392334,18.049999237060547,18.049999237060547,18.049999237060547,800
18.049999237060547,18.049999237060547,18.049999237060547,18.049999237060547,18.049999237060547,100
18.200000762939453,19.959999084472656,18.06599998474121,19.959999084472656,19.959999084472656,1000
18.100000381469727,19.599000930786133,18.100000381469727,18.100000381469727,18.100000381469727,4100
17.940000534057617,18.25,17.0,18.010000228881836,18.010000228881836,2400
19.100000381469727,19.100000381469727,17.649999618530273,17.770000457763672,17.770000457763672,3900
17.959999084472656,18.209999084472656,17.899999618530273,18.010000228881836,18.010000228881836,1900
18.010000228881836,18.010000228881836,18.010000228881836,18.010000228881836,18.010000228881836,100
18.200000762939453,18.270000457763672,17.899999618530273,17.899999618530273,17.899999618530273,3800
18.190000534057617,19.770000457763672,18.190000534057617,19.770000457763672,19.770000457763672,1000
18.71999931335449,18.729999542236328,18.003999710083008,18.23500061035156,18.23500061035156,2500
18.40999984741211,18.729999542236328,18.003000259399414,18.059999465942383,18.059999465942383,3900
18.11000061035156,18.11000061035156,17.6560001373291,17.770000457763672,17.770000457763672,3500
17.790000915527344,19.5,17.59000015258789,18.030000686645508,18.030000686645508,3800
18.399999618530277,18.399999618530277,18.0,18.100000381469727,18.100000381469727,4800
18.010000228881836,18.780000686645508,17.780000686645508,18.0,18.0,5000
19.68000030517578,19.68000030517578,18.030000686645508,18.21999931335449,18.21999931335449,1700
18.68000030517578,18.979999542236328,18.149999618530277,18.61000061035156,18.61000061035156,3600
18.82999992370605,19.040000915527344,18.25,18.84000015258789,18.84000015258789,3100
18.88999938964844,19.61000061035156,18.40999984741211,18.459999084472656,18.459999084472656,10200
18.8799991607666,18.8799991607666,18.38999938964844,18.38999938964844,18.38999938964844,1500
18.34000015258789,18.34000015258789,18.059999465942383,18.059999465942383,18.059999465942383,900
18.13999938964844,18.13999938964844,17.5,17.709999084472656,17.709999084472656,2300
18.020000457763672,18.020000457763672,17.459999084472656,17.5,17.5,2500
17.510000228881836,17.565000534057617,17.5,17.53499984741211,17.53499984741211,1000
17.5,17.780000686645508,17.5,17.770000457763672,17.770000457763672,900
17.770000457763672,18.030000686645508,17.770000457763672,17.799999237060547,17.799999237060547,8200
18.0,18.0,16.950000762939453,17.110000610351562,17.110000610351562,7600
17.65999984741211,17.65999984741211,17.201000213623047,17.201000213623047,17.201000213623047,2100
17.489999771118164,17.816999435424805,17.489999771118164,17.816999435424805,17.816999435424805,2300
18.100000381469727,18.100000381469727,17.510000228881836,17.510000228881836,17.510000228881836,3400
17.687999725341797,17.722000122070312,17.6299991607666,17.722000122070312,17.722000122070312,500
17.77400016784668,17.77400016784668,17.600000381469727,17.600000381469727,17.600000381469727,400
17.799999237060547,17.799999237060547,17.549999237060547,17.59000015258789,17.59000015258789,1600
17.600000381469727,17.719999313354492,16.5,16.809999465942383,16.809999465942383,8100
16.850000381469727,17.100000381469727,16.690000534057617,16.690000534057617,16.690000534057617,7900
18.15999984741211,18.170000076293945,16.014999389648438,16.014999389648438,16.014999389648438,10500
17.5,18.010000228881836,16.6200008392334,16.670000076293945,16.670000076293945,2500
17.440000534057617,17.440000534057617,16.280000686645508,16.280000686645508,16.280000686645508,3200
16.06999969482422,17.100000381469727,16.06999969482422,16.690000534057617,16.690000534057617,6600
16.719999313354492,16.920000076293945,16.450000762939453,16.780000686645508,16.780000686645508,11700
16.65999984741211,17.0,16.610000610351562,16.920000076293945,16.920000076293945,7200
16.871999740600586,16.899999618530273,16.809999465942383,16.889999389648438,16.889999389648438,2600
16.889999389648438,16.889999389648438,16.889999389648438,16.889999389648438,16.889999389648438,100
16.8799991607666,16.8799991607666,16.320999145507812,16.350000381469727,16.350000381469727,3900
16.190000534057617,16.350000381469727,16.149999618530273,16.170000076293945,16.170000076293945,3300
16.200000762939453,16.499000549316406,15.640000343322754,15.75,15.75,7900
15.59000015258789,15.59000015258789,14.800999641418455,15.345999717712402,15.345999717712402,4200
15.34000015258789,15.399999618530272,15.210000038146973,15.390000343322754,15.390000343322754,7200
15.149999618530272,15.236000061035156,15.0600004196167,15.119999885559082,15.119999885559082,7100
15.100000381469728,15.520000457763672,15.100000381469728,15.470000267028809,15.470000267028809,12000
15.119999885559082,15.720000267028809,15.119999885559082,15.130000114440918,15.130000114440918,25500
15.6899995803833,15.699999809265137,14.199999809265137,14.539999961853027,14.539999961853027,12400
14.539999961853027,14.640000343322754,13.30799961090088,13.949999809265137,13.949999809265137,60100
14.0,14.25,13.800000190734863,14.210000038146973,14.210000038146973,11800
14.329999923706056,14.39799976348877,13.56999969482422,14.149999618530272,14.149999618530272,57300
14.949999809265137,16.972999572753906,14.510000228881836,15.539999961853027,15.539999961853027,14800
15.640000343322754,16.295000076293945,15.0,15.0,15.0,20800
16.0,16.479999542236328,13.0600004196167,13.359999656677246,13.359999656677246,33400
13.399999618530272,15.300000190734863,13.399999618530272,14.5,14.5,87800
14.720000267028809,15.29599952697754,13.670000076293944,14.829999923706056,14.829999923706056,36700
15.277000427246094,15.279999732971191,14.25,14.25,14.25,6700
14.800000190734863,15.085000038146973,14.25,14.479999542236328,14.479999542236328,7800
14.989999771118164,15.0,14.5,14.65999984741211,14.65999984741211,4000
14.6899995803833,15.75,13.845999717712402,14.6899995803833,14.6899995803833,91700
14.399999618530272,15.279999732971191,14.28600025177002,15.260000228881836,15.260000228881836,19600
14.420000076293944,15.300000190734863,14.420000076293944,15.06999969482422,15.06999969482422,8200
15.0,15.300000190734863,14.885000228881836,15.0,15.0,26900
15.300000190734863,16.3700008392334,14.210000038146973,14.6899995803833,14.6899995803833,61900
14.699999809265137,15.300000190734863,14.399999618530272,15.300000190734863,15.300000190734863,31000
14.850000381469728,16.010000228881836,14.760000228881836,15.25,15.25,8900
15.5,15.699999809265137,14.883999824523926,15.510000228881836,15.510000228881836,7700
15.699999809265137,16.440000534057617,15.0,16.290000915527344,16.290000915527344,18800
15.670000076293944,16.39699935913086,15.1899995803833,15.1899995803833,15.1899995803833,11100
15.4399995803833,15.989999771118164,14.390000343322754,14.5,14.5,22100
15.0,15.390000343322754,14.479999542236328,14.510000228881836,14.510000228881836,9800
15.1850004196167,15.1850004196167,14.510000228881836,15.149999618530272,15.149999618530272,5700
15.295000076293944,15.854999542236328,15.25,15.850000381469728,15.850000381469728,19700
16.0,16.389999389648438,14.9399995803833,16.040000915527344,16.040000915527344,32100
15.8149995803833,16.5,15.8149995803833,16.350000381469727,16.350000381469727,19400
16.049999237060547,16.850000381469727,16.0,16.200000762939453,16.200000762939453,30500
16.0,16.479999542236328,15.31999969482422,15.369999885559082,15.369999885559082,24200
15.550000190734863,15.789999961853027,14.904999732971191,15.0,15.0,33200
15.40999984741211,15.425000190734863,15.039999961853027,15.390000343322754,15.390000343322754,19700
15.609999656677246,16.520000457763672,15.300000190734863,15.720000267028809,15.720000267028809,48000
15.920000076293944,17.6299991607666,15.920000076293944,16.899999618530273,16.899999618530273,103900
16.954999923706055,19.33699989318848,16.719999313354492,17.65999984741211,17.65999984741211,97400
17.65999984741211,20.388999938964844,17.649999618530273,20.340999603271484,20.340999603271484,88300
20.799999237060547,22.40800094604492,20.642000198364254,21.149999618530277,21.149999618530277,79200
22.0,22.0,20.030000686645508,21.149999618530277,21.149999618530277,34800
21.86000061035156,22.15999984741211,20.979999542236328,21.799999237060547,21.799999237060547,26100
21.84000015258789,23.100000381469727,21.489999771118164,22.459999084472656,22.459999084472656,38500
23.63999938964844,23.85400009155273,22.5,23.1200008392334,23.1200008392334,20100
23.549999237060547,23.790000915527344,22.5,22.56999969482422,22.56999969482422,17000
22.875,23.01000022888184,20.100000381469727,21.280000686645508,21.280000686645508,27000
21.1200008392334,21.1200008392334,20.415000915527344,20.88999938964844,20.88999938964844,24100
21.0,21.399999618530277,20.15999984741211,20.790000915527344,20.790000915527344,23900
20.63999938964844,21.559999465942383,20.31999969482422,21.559999465942383,21.559999465942383,37300
20.770000457763672,22.5,20.420000076293945,22.5,22.5,58900
22.59000015258789,23.920000076293945,22.4689998626709,23.700000762939453,23.700000762939453,1288100
23.649999618530277,23.850000381469727,23.0,23.850000381469727,23.850000381469727,70800
24.799999237060547,24.799999237060547,23.209999084472656,23.38999938964844,23.38999938964844,52000
23.40999984741211,23.40999984741211,21.280000686645508,21.280000686645508,21.280000686645508,35700
22.989999771118164,22.989999771118164,19.75,20.059999465942383,20.059999465942383,58800
20.459999084472656,20.459999084472656,19.100000381469727,20.209999084472656,20.209999084472656,67600
20.5,20.5,19.549999237060547,20.190000534057617,20.190000534057617,28000
20.239999771118164,20.290000915527344,19.65999984741211,20.06999969482422,20.06999969482422,41200
20.100000381469727,20.11000061035156,19.65999984741211,19.799999237060547,19.799999237060547,19600
19.799999237060547,21.0,19.0,20.700000762939453,20.700000762939453,53000
20.559999465942383,20.56999969482422,19.149999618530277,19.350000381469727,19.350000381469727,32000
19.299999237060547,19.38999938964844,19.020000457763672,19.11000061035156,19.11000061035156,10300
16.889999389648438,16.950000762939453,15.760000228881836,16.8700008392334,16.8700008392334,697900
16.489999771118164,16.604999542236328,15.850000381469728,16.049999237060547,16.049999237060547,85300
16.200000762939453,16.450000762939453,15.770000457763672,16.329999923706055,16.329999923706055,89500
16.219999313354492,16.639999389648438,16.170000076293945,16.219999313354492,16.219999313354492,65600
16.299999237060547,16.440000534057617,16.0,16.209999084472656,16.209999084472656,41800
16.18000030517578,16.524999618530273,16.15999984741211,16.420000076293945,16.420000076293945,31000
16.5,16.549999237060547,16.309999465942383,16.350000381469727,16.350000381469727,35800
16.389999389648438,17.1200008392334,16.389999389648438,16.84000015258789,16.84000015258789,63100
16.850000381469727,16.850000381469727,16.40999984741211,16.530000686645508,16.530000686645508,13700
16.549999237060547,16.799999237060547,16.405000686645508,16.639999389648438,16.639999389648438,56800
16.540000915527344,17.0,16.5,16.760000228881836,16.760000228881836,60800
16.639999389648438,17.09000015258789,16.639999389648438,16.950000762939453,16.950000762939453,64900
16.889999389648438,16.950000762939453,16.399999618530273,16.440000534057617,16.440000534057617,42700
16.360000610351562,16.360000610351562,15.010000228881836,15.329999923706056,15.329999923706056,34100
15.609999656677246,16.459999084472656,15.5,16.459999084472656,16.459999084472656,30100
16.059999465942383,16.989999771118164,15.789999961853027,16.479999542236328,16.479999542236328,18400
16.309999465942383,17.049999237060547,15.489999771118164,16.8799991607666,16.8799991607666,53600
16.90999984741211,17.09000015258789,16.68000030517578,16.90999984741211,16.90999984741211,51800
17.200000762939453,17.200000762939453,16.71500015258789,16.75,16.75,17200
16.850000381469727,17.780000686645508,16.850000381469727,17.0,17.0,17600
16.850000381469727,17.239999771118164,16.0,16.0,16.0,25200
16.399999618530273,16.649999618530273,16.0,16.209999084472656,16.209999084472656,26600
16.34000015258789,17.049999237060547,16.31999969482422,16.670000076293945,16.670000076293945,21000
16.920000076293945,17.1200008392334,16.700000762939453,17.100000381469727,17.100000381469727,7700
16.649999618530273,17.200000762939453,16.649999618530273,16.940000534057617,16.940000534057617,14800
17.020000457763672,17.1299991607666,16.959999084472656,16.969999313354492,16.969999313354492,18700
17.020000457763672,17.05500030517578,16.309999465942383,16.31999969482422,16.31999969482422,14300
16.31999969482422,16.9689998626709,15.399999618530272,15.5,15.5,20600
16.139999389648438,16.149999618530273,15.789999961853027,16.079999923706055,16.079999923706055,4200
16.1299991607666,16.309999465942383,15.699999809265137,16.059999465942383,16.059999465942383,8400
15.920000076293944,16.219999313354492,15.5,15.859999656677246,15.859999656677246,16800
16.0,18.239999771118164,16.0,17.6200008392334,17.6200008392334,138400
18.0049991607666,18.299999237060547,17.719999313354492,18.049999237060547,18.049999237060547,53900
18.309999465942383,19.68000030517578,16.799999237060547,16.920000076293945,16.920000076293945,43600
17.299999237060547,18.395000457763672,17.049999237060547,17.219999313354492,17.219999313354492,40200
17.6200008392334,18.63999938964844,17.0,18.170000076293945,18.170000076293945,49300
18.270000457763672,23.0,18.270000457763672,21.649999618530277,21.649999618530277,60200
21.989999771118164,22.229999542236328,19.100000381469727,19.190000534057617,19.190000534057617,49700
20.0,21.795000076293945,19.8799991607666,20.01000022888184,20.01000022888184,49300
20.15999984741211,20.700000762939453,19.709999084472656,20.559999465942383,20.559999465942383,38700
20.48500061035156,20.48500061035156,19.559999465942383,20.43000030517578,20.43000030517578,20700
20.709999084472656,20.850000381469727,19.71999931335449,20.11000061035156,20.11000061035156,73500
20.0,20.5,19.51000022888184,19.540000915527344,19.540000915527344,39300
20.0,20.0,19.15999984741211,19.15999984741211,19.15999984741211,30700
19.020000457763672,19.63999938964844,18.5,18.520000457763672,18.520000457763672,26300
18.899999618530277,18.899999618530277,17.600000381469727,17.639999389648438,17.639999389648438,54100
17.600000381469727,18.799999237060547,17.600000381469727,17.729999542236328,17.729999542236328,165200
17.3700008392334,19.0,17.3700008392334,17.829999923706055,17.829999923706055,46100
17.555999755859375,18.13999938964844,17.0,17.200000762939453,17.200000762939453,69500
17.200000762939453,17.700000762939453,17.149999618530273,17.510000228881836,17.510000228881836,17300
17.829999923706055,17.829999923706055,17.0,17.1200008392334,17.1200008392334,21400
17.1299991607666,17.799999237060547,17.020000457763672,17.09000015258789,17.09000015258789,27300
17.200000762939453,18.40999984741211,17.200000762939453,18.100000381469727,18.100000381469727,29500
17.22599983215332,18.07999992370605,17.110000610351562,17.25,17.25,24900
17.5,17.937999725341797,17.1299991607666,17.6299991607666,17.6299991607666,33100
17.260000228881836,17.639999389648438,17.260000228881836,17.56999969482422,17.56999969482422,11400
17.520000457763672,17.760000228881836,17.260000228881836,17.670000076293945,17.670000076293945,7400
17.510000228881836,18.700000762939453,17.510000228881836,18.440000534057617,18.440000534057617,24200
17.8700008392334,18.239999771118164,17.540000915527344,17.68000030517578,17.68000030517578,13400
17.719999313354492,17.889999389648438,17.649999618530273,17.75,17.75,11800
17.860000610351562,17.860000610351562,17.020000457763672,17.200000762939453,17.200000762939453,24400
17.3700008392334,18.790000915527344,17.110000610351562,18.489999771118164,18.489999771118164,21400
18.280000686645508,18.31999969482422,17.049999237060547,18.299999237060547,18.299999237060547,28000
18.299999237060547,18.989999771118164,17.934999465942383,18.68000030517578,18.68000030517578,24300
18.25,18.299999237060547,17.600000381469727,18.299999237060547,18.299999237060547,13800
18.299999237060547,18.299999237060547,17.149999618530273,17.459999084472656,17.459999084472656,25400
17.239999771118164,17.350000381469727,16.729999542236328,17.0,17.0,43900
17.31999969482422,17.360000610351562,16.860000610351562,17.219999313354492,17.219999313354492,37500
17.200000762939453,17.520000457763672,16.93000030517578,17.15999984741211,17.15999984741211,20500
16.989999771118164,16.989999771118164,16.010000228881836,16.270000457763672,16.270000457763672,55700
16.639999389648438,16.770000457763672,16.31999969482422,16.770000457763672,16.770000457763672,21200
13.0,13.17099952697754,12.260000228881836,12.279999732971191,12.279999732971191,743300
12.529999732971191,13.079999923706056,12.34000015258789,12.4399995803833,12.4399995803833,179100
12.420000076293944,12.779999732971191,12.241999626159668,12.40999984741211,12.40999984741211,110300
12.34000015258789,12.609999656677246,11.5,11.970000267028809,11.970000267028809,146400
11.869999885559082,12.06999969482422,11.260000228881836,11.829999923706056,11.829999923706056,82400
11.869999885559082,12.920000076293944,11.800000190734863,12.81999969482422,12.81999969482422,59900
12.800000190734863,13.015999794006348,12.449999809265137,12.479999542236328,12.479999542236328,68800
12.5,12.880000114440918,12.5,12.869999885559082,12.869999885559082,52700
12.68000030517578,12.960000038146973,12.68000030517578,12.880000114440918,12.880000114440918,45800
12.710000038146973,12.949999809265137,12.710000038146973,12.90999984741211,12.90999984741211,35100
12.789999961853027,13.0600004196167,12.760000228881836,12.81999969482422,12.81999969482422,37300
12.831000328063965,12.831000328063965,12.270000457763672,12.369999885559082,12.369999885559082,31200
12.260000228881836,12.899999618530272,12.260000228881836,12.550000190734863,12.550000190734863,14900
12.5,12.920000076293944,12.399999618530272,12.600000381469728,12.600000381469728,33000
12.55500030517578,13.0,12.43000030517578,12.850000381469728,12.850000381469728,54300
12.979999542236328,13.390000343322754,12.779999732971191,13.199999809265137,13.199999809265137,56600
13.149999618530272,13.529999732971191,13.114999771118164,13.420000076293944,13.420000076293944,46300
13.550000190734863,14.460000038146973,13.300000190734863,13.699999809265137,13.699999809265137,103200
13.572999954223633,14.100000381469728,13.572999954223633,14.010000228881836,14.010000228881836,96700
14.100000381469728,14.4399995803833,13.850000381469728,13.960000038146973,13.960000038146973,58700
14.15999984741211,14.345000267028809,13.920000076293944,14.34000015258789,14.34000015258789,24500
14.550000190734863,14.800000190734863,14.079999923706056,14.550000190734863,14.550000190734863,106200
14.640000343322754,14.720000267028809,13.149999618530272,13.880000114440918,13.880000114440918,101300
13.869999885559082,13.869999885559082,12.899999618530272,13.010000228881836,13.010000228881836,55500
13.130000114440918,13.130000114440918,12.289999961853027,12.449999809265137,12.449999809265137,42900
12.619999885559082,13.270000457763672,12.0,12.529999732971191,12.529999732971191,87800
13.0,13.390000343322754,12.229999542236328,12.65999984741211,12.65999984741211,84600
12.869999885559082,14.402000427246094,12.869999885559082,13.850000381469728,13.850000381469728,114700
13.729999542236328,14.130000114440918,13.670000076293944,13.68000030517578,13.68000030517578,29500
14.020000457763672,14.210000038146973,13.609999656677246,13.9399995803833,13.9399995803833,121800
14.100000381469728,15.25,13.859999656677246,14.81999969482422,14.81999969482422,72000
15.140000343322754,15.68000030517578,15.0,15.06999969482422,15.06999969482422,82800
15.100000381469728,15.5,14.5,14.93000030517578,14.93000030517578,62800
15.0,15.289999961853027,14.170000076293944,14.289999961853027,14.289999961853027,81000
14.3100004196167,14.800000190734863,14.109999656677246,14.460000038146973,14.460000038146973,49400
14.449999809265137,15.239999771118164,14.3100004196167,14.59000015258789,14.59000015258789,74700
14.800000190734863,15.479999542236328,14.34000015258789,15.130000114440918,15.130000114440918,68600
14.970000267028809,15.109999656677246,14.460000038146973,14.800000190734863,14.800000190734863,76400
14.779999732971191,15.720000267028809,14.779999732971191,15.300000190734863,15.300000190734863,56000
15.329999923706056,15.75,14.899999618530272,15.529999732971191,15.529999732971191,172000
15.739999771118164,15.75,15.029999732971191,15.59000015258789,15.59000015258789,107500
15.399999618530272,15.520000457763672,14.970000267028809,15.220000267028809,15.220000267028809,29100
15.039999961853027,15.640000343322754,14.979999542236328,15.229999542236328,15.229999542236328,33900
15.289999961853027,15.949999809265137,15.170000076293944,15.869999885559082,15.869999885559082,62400
15.979999542236328,15.979999542236328,15.300000190734863,15.779999732971191,15.779999732971191,57000
15.579999923706056,15.630000114440918,15.199999809265137,15.5,15.5,48700
15.539999961853027,15.625,15.25,15.5,15.5,23000
15.420000076293944,15.5649995803833,15.0,15.079999923706056,15.079999923706056,45400
15.0,15.449999809265137,14.699999809265137,15.029999732971191,15.029999732971191,50500
15.199999809265137,15.5600004196167,14.8100004196167,15.279999732971191,15.279999732971191,70600
15.399999618530272,15.770000457763672,15.15999984741211,15.489999771118164,15.489999771118164,44300
15.649999618530272,16.170000076293945,15.550000190734863,16.100000381469727,16.100000381469727,34000
17.219999313354492,18.621000289916992,16.59000015258789,18.46999931335449,18.46999931335449,116800
18.989999771118164,19.520000457763672,17.299999237060547,17.940000534057617,17.940000534057617,124100
17.75,18.010000228881836,17.450000762939453,17.600000381469727,17.600000381469727,65000
17.729999542236328,18.82999992370605,17.450000762939453,18.229999542236328,18.229999542236328,61100
18.43000030517578,18.43000030517578,17.510000228881836,17.649999618530273,17.649999618530273,80800
17.8700008392334,18.06999969482422,17.399999618530273,17.959999084472656,17.959999084472656,113100
17.899999618530273,18.100000381469727,16.520000457763672,16.809999465942383,16.809999465942383,77700
16.889999389648438,17.209999084472656,16.75,16.969999313354492,16.969999313354492,35400
16.75,17.049999237060547,16.5,16.700000762939453,16.700000762939453,41100
16.59000015258789,16.725000381469727,16.25,16.280000686645508,16.280000686645508,22900
15.93000030517578,15.93000030517578,15.15999984741211,15.479999542236328,15.479999542236328,66700
15.5600004196167,16.0,15.06999969482422,15.489999771118164,15.489999771118164,30400
15.460000038146973,15.5600004196167,14.890000343322754,15.010000228881836,15.010000228881836,94000
14.81999969482422,15.369999885559082,14.56999969482422,14.670000076293944,14.670000076293944,25300
14.5600004196167,15.600000381469728,14.5600004196167,15.140000343322754,15.140000343322754,39700
15.119999885559082,15.890000343322754,14.670000076293944,14.829999923706056,14.829999923706056,57000
15.119999885559082,17.84000015258789,15.119999885559082,17.700000762939453,17.700000762939453,144200
18.0,18.09000015258789,17.190000534057617,17.540000915527344,17.540000915527344,90700
17.809999465942383,18.02899932861328,17.100000381469727,17.200000762939453,17.200000762939453,62200
17.889999389648438,17.950000762939453,16.988000869750977,17.059999465942383,17.059999465942383,40600
17.219999313354492,17.829999923706055,16.530000686645508,16.850000381469727,16.850000381469727,43800
16.780000686645508,17.25,16.68000030517578,16.8799991607666,16.8799991607666,34400
17.09000015258789,17.670000076293945,16.649999618530273,17.559999465942383,17.559999465942383,56800
17.559999465942383,17.809999465942383,16.729999542236328,16.90999984741211,16.90999984741211,28200
16.858999252319336,17.25,16.6200008392334,16.729999542236328,16.729999542236328,21500
16.8700008392334,18.26799964904785,16.8700008392334,18.09000015258789,18.09000015258789,53800
18.75,18.75,17.350000381469727,17.559999465942383,17.559999465942383,54500
17.510000228881836,17.6200008392334,17.360000610351562,17.530000686645508,17.530000686645508,17200
17.65999984741211,17.989999771118164,17.20400047302246,17.690000534057617,17.690000534057617,28900
17.549999237060547,17.639999389648438,17.260000228881836,17.59000015258789,17.59000015258789,28700
17.719999313354492,17.780000686645508,16.31999969482422,16.610000610351562,16.610000610351562,52400
16.75,17.5,16.658000946044922,16.81999969482422,16.81999969482422,32500
16.6200008392334,17.139999389648438,16.149999618530273,16.200000762939453,16.200000762939453,36800
15.760000228881836,16.030000686645508,15.0600004196167,15.880000114440918,15.880000114440918,69800
15.859999656677246,15.869999885559082,15.020000457763672,15.479999542236328,15.479999542236328,53500
15.84000015258789,15.869999885559082,14.56999969482422,14.81999969482422,14.81999969482422,43500
15.0,15.892000198364258,14.56999969482422,15.18000030517578,15.18000030517578,17400
15.079999923706056,15.288000106811523,14.369999885559082,14.779999732971191,14.779999732971191,37300
14.199999809265137,14.38700008392334,13.31999969482422,13.640000343322754,13.640000343322754,65100
13.18000030517578,13.369999885559082,11.880000114440918,12.18000030517578,12.18000030517578,60700
12.34000015258789,13.1899995803833,12.0,12.350000381469728,12.350000381469728,55300
12.359999656677246,12.586999893188477,11.079999923706056,11.350000381469728,11.350000381469728,77300
10.770000457763672,11.279000282287598,10.350000381469728,10.359999656677246,10.359999656677246,63100
10.65999984741211,11.279999732971191,9.380000114440918,10.369999885559082,10.369999885559082,91000
9.649999618530272,10.920000076293944,9.649999618530272,9.68000030517578,9.68000030517578,71900
9.6899995803833,11.520000457763672,9.6899995803833,11.520000457763672,11.520000457763672,52400
11.15999984741211,11.600000381469728,10.4399995803833,10.880000114440918,10.880000114440918,40200
10.890000343322754,14.0,10.470999717712402,13.300000190734863,13.300000190734863,66200
13.3100004196167,14.170000076293944,12.890000343322754,14.170000076293944,14.170000076293944,89100
14.5,14.5,13.149999618530272,13.489999771118164,13.489999771118164,37500
13.770000457763672,14.300000190734863,13.15999984741211,14.239999771118164,14.239999771118164,57600
14.039999961853027,14.390000343322754,13.270000457763672,14.109999656677246,14.109999656677246,27700
14.050000190734863,14.100000381469728,12.977999687194824,14.100000381469728,14.100000381469728,31600
13.460000038146973,13.510000228881836,12.5,12.510000228881836,12.510000228881836,28200
12.449999809265137,12.9399995803833,12.34000015258789,12.770000457763672,12.770000457763672,22400
12.5600004196167,13.800000190734863,12.130000114440918,12.8100004196167,12.8100004196167,34700
12.800000190734863,12.989999771118164,12.109999656677246,12.18000030517578,12.18000030517578,28600
