20.399999618530277,20.44099998474121,18.280000686645508,19.5,15.416593551635742,946900
18.71999931335449,19.1200008392334,18.26000022888184,18.450000762939453,14.586469650268556,658500
17.850000381469727,19.0,17.65999984741211,18.899999618530277,14.942237854003906,764600
18.549999237060547,20.0,18.0,19.0,15.021296501159668,648000
19.100000381469727,19.43000030517578,18.520000457763672,18.809999465942383,14.871085166931152,526700
18.299999237060547,19.209999084472656,18.100000381469727,18.899999618530277,14.942237854003906,548200
18.450000762939453,19.25,18.010000228881836,18.75,14.823650360107422,492200
18.549999237060547,19.399999618530277,18.549999237060547,19.0,15.021296501159668,519600
18.75,19.229999542236328,18.75,19.13999938964844,15.131977081298828,366500
18.920000076293945,19.489999771118164,18.899999618530277,19.0,15.021296501159668,359200
18.809999465942383,19.3700008392334,18.6299991607666,19.200000762939453,15.179415702819824,346500
19.049999237060547,19.554000854492188,18.881999969482425,19.450000762939453,15.377062797546388,398000
19.3799991607666,20.399999618530277,19.100000381469727,19.850000381469727,15.693302154541016,415300
19.350000381469727,20.229999542236328,19.25,20.07999992370605,15.875142097473145,450400
19.82999992370605,20.68000030517578,19.7549991607666,20.559999465942383,16.254621505737305,477200
20.270000457763672,20.790000915527344,20.01000022888184,20.399999618530277,16.128129959106445,330300
20.15999984741211,20.8799991607666,20.100000381469727,20.61000061035156,16.29415512084961,485700
20.46999931335449,21.0,20.020000457763672,20.8799991607666,16.507610321044922,426500
20.31999969482422,20.63999938964844,19.799999237060547,20.5,16.207185745239258,584400
20.3799991607666,20.950000762939453,19.81999969482422,20.90999984741211,16.531333923339844,502000
20.63999938964844,20.90999984741211,20.01000022888184,20.440000534057617,16.15974998474121,516300
20.36000061035156,20.989999771118164,20.36000061035156,20.540000915527344,16.238815307617188,525300
20.25,21.0,20.25,20.82999992370605,16.58516502380371,337800
20.76000022888184,21.0,20.63999938964844,20.920000076293945,16.656827926635742,521000
20.950000762939453,21.200000762939453,20.530000686645508,21.049999237060547,16.76033592224121,597600
20.950000762939453,20.98699951171875,20.0,20.51000022888184,16.330373764038086,524100
20.520000457763672,20.82999992370605,20.170000076293945,20.530000686645508,16.346303939819336,284900
20.59000015258789,20.799999237060547,20.030000686645508,20.100000381469727,16.003925323486328,1050300
20.049999237060547,20.222000122070312,18.709999084472656,19.38999938964844,15.438618659973145,995700
19.3799991607666,19.549999237060547,18.76000022888184,18.809999465942383,14.976812362670898,1419600
18.690000534057617,19.06999969482422,18.15999984741211,19.020000457763672,15.144015312194824,1232000
18.979999542236328,19.729999542236328,18.700000762939453,18.739999771118164,14.921075820922852,1292800
18.649999618530277,19.459999084472656,18.649999618530277,18.90999984741211,15.05643367767334,387000
18.729999542236328,19.049999237060547,18.549999237060547,18.770000457763672,14.944966316223145,450700
18.799999237060547,18.950000762939453,18.479999542236328,18.5,14.729987144470217,316400
18.790000915527344,19.0,18.700000762939453,19.0,15.128091812133787,330200
18.90999984741211,19.38500022888184,18.88999938964844,18.950000762939453,15.088282585144045,600200
18.799999237060547,19.38999938964844,18.78499984741211,19.18000030517578,15.389163970947266,448900
19.299999237060547,19.299999237060547,18.899999618530277,18.950000762939453,15.20462131500244,337000
18.899999618530277,19.26000022888184,18.649999618530277,18.920000076293945,15.180550575256348,341400
18.959999084472656,19.36000061035156,18.959999084472656,19.350000381469727,15.52556610107422,390100
19.209999084472656,19.5,19.190000534057617,19.479999542236328,15.629865646362305,242700
19.420000076293945,19.75,19.309999465942383,19.75,15.846510887145996,283900
19.799999237060547,19.989999771118164,19.59499931335449,19.700000762939453,15.806391716003418,187000
19.729999542236328,19.850000381469727,19.600000381469727,19.700000762939453,15.806391716003418,187700
19.739999771118164,19.849000930786133,19.18000030517578,19.700000762939453,15.806391716003418,197400
19.59000015258789,19.71999931335449,19.21999931335449,19.38999938964844,15.557661056518556,153700
19.299999237060547,19.549999237060547,19.11000061035156,19.270000457763672,15.461379051208496,189600
19.0,19.5,18.950000762939453,19.049999237060547,15.28486156463623,297900
19.229999542236328,19.549999237060547,19.030000686645508,19.3799991607666,15.549635887145996,255300
19.350000381469727,19.489999771118164,19.020000457763672,19.420000076293945,15.581727981567385,191400
19.34000015258789,19.96999931335449,19.13999938964844,19.559999465942383,15.694061279296877,322400
19.43000030517578,19.59000015258789,19.0,19.34000015258789,15.517541885375977,223300
19.209999084472656,19.489999771118164,18.809999465942383,18.950000762939453,15.20462131500244,153500
19.01000022888184,19.38999938964844,18.920000076293945,19.200000762939453,15.40521240234375,199000
19.0,19.100000381469727,18.850000381469727,19.030000686645508,15.26881217956543,244600
18.989999771118164,19.30500030517578,18.88999938964844,19.09000015258789,15.316956520080566,185100
18.979999542236328,19.25,18.90999984741211,19.049999237060547,15.28486156463623,187500
18.780000686645508,19.479999542236328,18.68000030517578,19.3700008392334,15.660816192626951,172100
19.31999969482422,19.350000381469727,18.82999992370605,19.040000915527344,15.394007682800291,195800
18.989999771118164,19.6299991607666,18.989999771118164,19.56999969482422,15.822515487670898,273300
19.5,19.652000427246094,19.200000762939453,19.31999969482422,15.62038803100586,205800
19.200000762939453,19.459999084472656,19.06999969482422,19.149999618530277,15.482940673828123,148700
19.1200008392334,19.25,18.90999984741211,19.059999465942383,15.410179138183594,260200
19.059999465942383,19.290000915527344,19.0,19.1200008392334,15.45868682861328,214800
19.07999992370605,19.43000030517578,18.709999084472656,18.790000915527344,15.19188117980957,457200
18.670000076293945,19.489999771118164,18.670000076293945,19.3799991607666,15.668902397155762,351400
19.5,19.86000061035156,19.327999114990234,19.56999969482422,15.822515487670898,289400
19.43000030517578,19.53499984741211,19.100000381469727,19.26000022888184,15.571880340576172,326100
19.309999465942383,19.440000534057617,19.100000381469727,19.399999618530277,15.685067176818848,260600
19.239999771118164,19.799999237060547,19.200000762939453,19.32999992370605,15.628474235534668,389100
19.280000686645508,19.40999984741211,19.200000762939453,19.36000061035156,15.652729988098145,278700
19.36000061035156,19.5,18.959999084472656,19.100000381469727,15.442519187927246,292700
19.049999237060547,19.36000061035156,19.049999237060547,19.34000015258789,15.636560440063477,240400
19.26000022888184,19.46999931335449,19.1200008392334,19.25,15.56379222869873,313600
19.1299991607666,19.290000915527344,19.03700065612793,19.13999938964844,15.47485637664795,396300
19.059999465942383,19.15999984741211,18.90999984741211,19.040000915527344,15.394007682800291,365000
19.06999969482422,19.229999542236328,19.049999237060547,19.059999465942383,15.410179138183594,250900
19.100000381469727,19.350000381469727,18.950000762939453,19.11000061035156,15.450604438781738,374900
19.049999237060547,19.239999771118164,19.01000022888184,19.1299991607666,15.46677589416504,281900
18.989999771118164,19.280000686645508,18.90999984741211,19.09000015258789,15.55231761932373,276600
19.07999992370605,19.15999984741211,18.81999969482422,19.01000022888184,15.487143516540527,821600
19.07999992370605,19.200000762939453,18.989999771118164,19.07999992370605,15.54416561126709,193400
19.149999618530277,19.350000381469727,18.959999084472656,19.13999938964844,15.593046188354492,309600
19.07999992370605,19.170000076293945,18.850000381469727,19.01000022888184,15.487143516540527,308000
18.93000030517578,19.06999969482422,18.850000381469727,18.8799991607666,15.381230354309082,306700
18.979999542236328,19.049999237060547,18.8799991607666,18.8799991607666,15.381230354309082,302000
18.8700008392334,19.0,18.76000022888184,18.780000686645508,15.299762725830078,295700
18.809999465942383,19.3799991607666,18.75,19.239999771118164,15.674518585205078,723400
19.239999771118164,19.299999237060547,18.899999618530277,18.979999542236328,15.462700843811035,392300
18.950000762939453,19.10300064086914,18.75,18.989999771118164,15.470853805541992,648900
18.88999938964844,19.229999542236328,18.86000061035156,19.200000762939453,15.641929626464844,753800
19.030000686645508,19.32999992370605,19.030000686645508,19.31999969482422,15.739694595336914,889600
19.170000076293945,19.670000076293945,19.101999282836918,19.65999984741211,16.016681671142578,828200
19.459999084472656,19.979999542236328,19.459999084472656,19.979999542236328,16.27738380432129,1001300
19.88999938964844,20.049999237060547,19.799999237060547,20.01000022888184,16.301830291748047,706100
20.040000915527344,20.040000915527344,19.520000457763672,19.75,16.090007781982422,727400
19.84000015258789,19.8799991607666,19.520000457763672,19.770000457763672,16.10630226135254,8701400
19.61000061035156,20.5,19.61000061035156,20.489999771118164,16.692873001098633,817100
20.5,21.0,20.392000198364254,20.549999237060547,16.74175453186035,846000
20.65999984741211,20.989999771118164,20.40999984741211,20.459999084472656,16.668426513671875,1228000
20.309999465942383,20.479999542236328,20.1200008392334,20.209999084472656,16.582273483276367,455100
20.13999938964844,20.75,20.13999938964844,20.729999542236328,17.008941650390625,367200
20.549999237060547,20.989999771118164,20.549999237060547,20.920000076293945,17.164831161499023,575300
20.84000015258789,21.18000030517578,20.75,20.899999618530277,17.148426055908203,308900
20.920000076293945,21.25,20.799999237060547,21.209999084472656,17.40277671813965,489700
21.25,21.450000762939453,21.200000762939453,21.450000762939453,17.599699020385742,465400
21.5,21.5,21.25,21.3700008392334,17.534059524536133,349400
21.31999969482422,21.450000762939453,21.020000457763672,21.149999618530277,17.353548049926758,262000
21.059999465942383,21.367000579833984,21.049999237060547,21.059999465942383,17.27970314025879,239600
21.239999771118164,21.440000534057617,21.059999465942383,21.43000030517578,17.583288192749023,245900
21.450000762939453,21.63999938964844,21.36000061035156,21.5,17.640724182128906,262100
21.5,21.56599998474121,21.09000015258789,21.280000686645508,17.460216522216797,265100
21.270000457763672,21.770000457763672,21.200000762939453,21.239999771118164,17.427391052246094,361900
21.229999542236328,21.270000457763672,20.905000686645508,21.100000381469727,17.312524795532227,275500
21.0,21.170000076293945,20.82999992370605,20.899999618530277,17.148426055908203,389700
20.809999465942383,20.979999542236328,20.649999618530277,20.739999771118164,17.017139434814453,350800
20.670000076293945,20.76000022888184,20.424999237060547,20.59000015258789,16.894073486328125,304100
20.59000015258789,20.799999237060547,20.554000854492188,20.63999938964844,16.935096740722656,274200
20.739999771118164,21.229999542236328,20.739999771118164,21.06999969482422,17.28790855407715,287800
21.07999992370605,21.290000915527344,21.0,21.13999938964844,17.3453426361084,198900
21.170000076293945,21.25,20.84000015258789,20.950000762939453,17.1894474029541,223800
20.90999984741211,21.25,20.90999984741211,20.940000534057617,17.30099105834961,208700
20.920000076293945,21.46999931335449,20.899999618530277,21.26000022888184,17.565378189086914,281800
21.309999465942383,21.489999771118164,21.020000457763672,21.18000030517578,17.49928092956543,186400
21.049999237060547,21.450000762939453,21.049999237060547,21.11000061035156,17.441450119018555,240700
21.06999969482422,21.309999465942383,20.93000030517578,21.0,17.350566864013672,232500
21.020000457763672,21.149999618530277,20.84000015258789,21.07999992370605,17.416658401489258,239200
20.75,21.13999938964844,20.06999969482422,20.34000015258789,16.805261611938477,322500
20.3700008392334,20.420000076293945,20.09000015258789,20.290000915527344,16.76395034790039,217600
20.350000381469727,20.575000762939453,20.270000457763672,20.3799991607666,16.83830451965332,177400
20.38999938964844,20.47900009155273,20.049999237060547,20.049999237060547,16.56565284729004,169000
20.0,20.170000076293945,19.850000381469727,19.989999771118164,16.516080856323242,202600
19.90999984741211,20.040000915527344,19.81999969482422,19.950000762939453,16.483036041259766,312600
19.86000061035156,20.06999969482422,19.799999237060547,19.81999969482422,16.375621795654297,253400
19.799999237060547,19.940000534057617,19.600000381469727,19.8799991607666,16.42519760131836,313500
19.84000015258789,20.09000015258789,19.84000015258789,20.09000015258789,16.598703384399414,153900
20.149999618530277,20.280000686645508,19.940000534057617,20.059999465942383,16.573915481567383,174300
20.0,20.200000762939453,20.0,20.09000015258789,16.598703384399414,177600
20.06999969482422,20.26000022888184,20.030000686645508,20.06999969482422,16.58218002319336,157100
20.020000457763672,20.229999542236328,19.979999542236328,20.07999992370605,16.590442657470703,186400
20.09000015258789,20.25,20.0,20.239999771118164,16.72263526916504,228200
20.25,20.32999992370605,19.979999542236328,20.07999992370605,16.590442657470703,207400
20.020000457763672,20.190000534057617,19.959999084472656,20.040000915527344,16.557392120361328,193700
20.020000457763672,20.200000762939453,20.01000022888184,20.18000030517578,16.673067092895508,163200
19.959999084472656,20.1299991607666,19.950000762939453,20.07999992370605,16.71051597595215,171000
19.96999931335449,20.11000061035156,19.88999938964844,20.07999992370605,16.71051597595215,213700
20.01000022888184,20.350000381469727,19.950000762939453,20.030000686645508,16.668903350830078,349800
20.049999237060547,20.46999931335449,20.0,20.43000030517578,17.001781463623047,260500
20.489999771118164,20.700000762939453,20.350000381469727,20.59000015258789,17.13493537902832,249100
20.649999618530277,20.649999618530277,20.170000076293945,20.32999992370605,16.918563842773438,190000
20.36000061035156,21.0,20.36000061035156,21.0,17.476133346557617,719900
20.920000076293945,21.399999618530277,20.88999938964844,21.229999542236328,17.667537689208984,597300
21.170000076293945,21.309999465942383,20.90999984741211,21.239999771118164,17.675861358642578,413900
21.26000022888184,21.489999771118164,21.229999542236328,21.479999542236328,17.87558937072754,597000
21.450000762939453,21.75,21.31999969482422,21.670000076293945,18.03370857238769,471500
21.780000686645508,22.5,21.739999771118164,22.31999969482422,18.57463264465332,1737900
22.25,22.700000762939453,22.209999084472656,22.51000022888184,18.732749938964844,1264300
22.43000030517578,22.920000076293945,22.43000030517578,22.76000022888184,18.9408016204834,1030900
22.799999237060547,23.229999542236328,22.729999542236328,22.8799991607666,19.04066467285156,1389200
22.8799991607666,23.1200008392334,22.809999465942383,23.0,19.140525817871094,5956100
22.8799991607666,22.950000762939453,22.6200008392334,22.81999969482422,18.990732192993164,748400
22.700000762939453,22.809999465942383,22.350000381469727,22.440000534057617,18.67449760437012,453600
22.43000030517578,22.4950008392334,21.90999984741211,21.93000030517578,18.250076293945312,319500
21.850000381469727,21.96999931335449,21.6299991607666,21.809999465942383,18.271015167236328,370000
21.770000457763672,22.09000015258789,21.57999992370605,21.989999771118164,18.421810150146484,393400
22.07999992370605,22.07999992370605,21.690000534057617,21.71999931335449,18.19562721252441,265100
21.63999938964844,21.76000022888184,21.21999931335449,21.309999465942383,17.85215187072754,363200
21.38999938964844,21.489999771118164,21.170000076293945,21.440000534057617,17.961061477661133,318000
21.40999984741211,21.43000030517578,20.81999969482422,21.0,17.592453002929688,326000
21.0,21.299999237060547,20.700000762939453,20.84000015258789,17.458417892456055,214600
20.809999465942383,21.165000915527344,20.809999465942383,21.100000381469727,17.676227569580078,244200
21.049999237060547,21.26000022888184,20.940000534057617,21.149999618530277,17.718116760253906,236700
21.170000076293945,21.40999984741211,20.76000022888184,20.799999237060547,17.42490577697754,299900
20.75,20.88999938964844,20.46999931335449,20.540000915527344,17.207094192504883,389800
20.790000915527344,20.790000915527344,20.270000457763672,20.5,17.173583984375,360700
20.479999542236328,20.75,20.38999938964844,20.6200008392334,17.27411651611328,173200
20.700000762939453,21.100000381469727,20.440000534057617,21.040000915527344,17.625965118408203,245700
20.989999771118164,21.1200008392334,20.729999542236328,20.93000030517578,17.533811569213867,194700
20.8799991607666,21.1299991607666,20.68000030517578,20.770000457763672,17.3997745513916,274900
20.739999771118164,21.0,20.700000762939453,20.93000030517578,17.533811569213867,257500
20.940000534057617,21.209999084472656,20.913000106811523,20.920000076293945,17.525432586669922,184100
20.709999084472656,21.170000076293945,20.6200008392334,21.11000061035156,17.684606552124023,221600
21.13999938964844,21.399999618530277,20.989999771118164,21.09000015258789,17.667850494384766,238100
21.11000061035156,21.559999465942383,20.959999084472656,21.530000686645508,18.036455154418945,342100
21.38999938964844,21.450000762939453,21.040000915527344,21.200000762939453,17.760000228881836,248300
21.40999984741211,21.65999984741211,21.15999984741211,21.299999237060547,17.84377098083496,262800
21.21999931335449,21.739999771118164,21.11000061035156,21.68000030517578,18.286602020263672,226900
21.850000381469727,21.850000381469727,21.32999992370605,21.34000015258789,17.99982261657715,363300
21.299999237060547,21.437000274658203,20.96999931335449,21.229999542236328,17.90703773498535,272900
21.38999938964844,21.399999618530277,21.01000022888184,21.18000030517578,17.8648624420166,176400
21.13999938964844,21.280000686645508,21.0,21.170000076293945,17.856428146362305,278800
20.959999084472656,21.46999931335449,18.950000762939453,19.96999931335449,16.844255447387695,922100
20.149999618530277,20.200000762939453,19.81999969482422,19.920000076293945,16.802078247070312,274500
19.90999984741211,19.940000534057617,19.51000022888184,19.709999084472656,16.62494659423828,397300
19.84000015258789,19.920000076293945,19.649999618530277,19.790000915527344,16.69243049621582,238600
19.739999771118164,19.959999084472656,19.56999969482422,19.56999969482422,16.506860733032227,147400
19.61000061035156,19.75,19.5,19.520000457763672,16.464689254760742,235600
19.51000022888184,19.51499938964844,18.799999237060547,18.8700008392334,15.91642951965332,422100
18.780000686645508,19.040000915527344,18.209999084472656,18.670000076293945,15.747733116149902,403800
18.63999938964844,18.649999618530277,18.309999465942383,18.420000076293945,15.536861419677734,388100
18.459999084472656,18.479999542236328,18.07999992370605,18.13999938964844,15.300687789916992,342400
18.0,18.239999771118164,16.969999313354492,18.049999237060547,15.224777221679688,435700
18.0,18.18000030517578,17.799999237060547,17.81999969482422,15.03077793121338,249100
17.719999313354492,17.8799991607666,17.709999084472656,17.75,14.971731185913086,106200
17.81999969482422,18.0,16.899999618530273,17.25,14.549993515014648,709100
17.200000762939453,17.59000015258789,17.020000457763672,17.139999389648438,14.457209587097168,332900
17.200000762939453,17.579999923706055,17.170000076293945,17.299999237060547,14.59216594696045,336800
17.079999923706055,17.2549991607666,17.040000915527344,17.15999984741211,14.596420288085938,216200
17.06999969482422,17.079999923706055,16.770000457763672,16.969999313354492,14.43480396270752,355500
16.940000534057617,17.18000030517578,16.820999145507812,17.15999984741211,14.596420288085938,265000
17.079999923706055,17.31999969482422,16.81999969482422,16.950000762939453,14.417795181274414,396400
16.8700008392334,17.299999237060547,16.809999465942383,17.200000762939453,14.63044548034668,363000
17.280000686645508,17.44099998474121,16.81999969482422,17.079999923706055,14.528368949890137,363800
16.979999542236328,17.270000457763672,16.940000534057617,17.25,14.672975540161133,321700
17.440000534057617,17.440000534057617,17.0,17.09000015258789,14.536877632141112,336200
17.209999084472656,17.559999465942383,17.1200008392334,17.219999313354492,14.647456169128418,305500
17.200000762939453,17.3799991607666,16.940000534057617,17.059999465942383,14.511358261108398,241000
17.0,17.469999313354492,16.969999313354492,17.0,14.460323333740234,281100
17.079999923706055,17.450000762939453,16.850000381469727,16.920000076293945,14.392271995544434,523800
17.030000686645508,17.389999389648438,16.950000762939453,17.09000015258789,14.536877632141112,408500
17.030000686645508,17.309999465942383,16.850000381469727,16.920000076293945,14.392271995544434,431600
16.84000015258789,17.110000610351562,16.15999984741211,16.3700008392334,13.92444133758545,613700
16.280000686645508,16.739999771118164,15.810999870300291,16.040000915527344,13.6437406539917,1312200
15.93000030517578,15.93000030517578,15.600000381469728,15.600000381469728,13.269474029541016,213400
15.710000038146973,16.299999237060547,15.5600004196167,16.270000457763672,13.83937931060791,376200
16.059999465942383,16.43000030517578,15.619999885559082,16.43000030517578,13.975476264953612,430700
16.260000228881836,16.489999771118164,16.06999969482422,16.280000686645508,13.971185684204102,402600
16.280000686645508,16.329999923706055,15.729999542236328,15.789999961853027,13.550677299499512,736800
15.5600004196167,15.890000343322754,15.390000343322754,15.800000190734863,13.559259414672852,237500
15.8100004196167,15.9399995803833,15.630000114440918,15.720000267028809,13.49060344696045,225400
15.8100004196167,16.280000686645508,15.8100004196167,16.209999084472656,13.911113739013672,223200
16.190000534057617,16.406999588012695,16.030000686645508,16.360000610351562,14.039839744567873,235900
16.489999771118164,16.899999618530273,16.389999389648438,16.850000381469727,14.460349082946776,236500
16.8700008392334,16.93000030517578,16.65999984741211,16.860000610351562,14.468932151794434,181400
16.780000686645508,17.110000610351562,16.729999542236328,16.979999542236328,14.571910858154297,192100
16.889999389648438,17.1299991607666,16.889999389648438,16.989999771118164,14.580496788024902,219700
16.959999084472656,17.059999465942383,16.559999465942383,16.56999969482422,14.220059394836426,203000
16.59000015258789,16.770000457763672,16.5,16.600000381469727,14.245807647705078,222700
16.59000015258789,16.649999618530273,16.469999313354492,16.520000457763672,14.177149772644045,185200
16.399999618530273,16.739999771118164,16.399999618530273,16.579999923706055,14.22864055633545,158300
16.59000015258789,16.71500015258789,16.3799991607666,16.40999984741211,14.082749366760254,217900
16.329999923706055,16.549999237060547,15.739999771118164,15.880000114440918,13.627912521362305,314100
15.880000114440918,16.0,15.56999969482422,15.670000076293944,13.4476957321167,186600
15.630000114440918,15.729999542236328,15.380000114440918,15.619999885559082,13.404784202575684,162800
15.649999618530272,15.949999809265137,15.619999885559082,15.760000228881836,13.524930953979492,209200
15.609999656677246,16.170000076293945,15.501999855041504,16.06999969482422,13.790968894958496,209600
16.110000610351562,16.5,16.059999465942383,16.389999389648438,14.065585136413574,203100
16.270000457763672,16.540000915527344,16.0049991607666,16.469999313354492,14.260398864746094,288200
16.459999084472656,16.760000228881836,16.360000610351562,16.709999084472656,14.468198776245115,470700
16.719999313354492,16.94499969482422,16.6200008392334,16.93000030517578,14.658684730529783,305800
16.950000762939453,17.104999542236328,16.790000915527344,17.020000457763672,14.736613273620604,232300
17.06999969482422,17.34000015258789,16.908000946044922,17.299999237060547,14.979049682617188,307100
17.260000228881836,17.389999389648438,17.079999923706055,17.190000534057617,14.883806228637695,330100
17.15999984741211,17.200000762939453,16.850000381469727,16.899999618530273,14.632710456848145,430700
16.8700008392334,16.979999542236328,16.31999969482422,16.43000030517578,14.225764274597168,281600
16.440000534057617,16.81999969482422,16.440000534057617,16.790000915527344,14.537469863891602,187700
16.799999237060547,16.860000610351562,16.600000381469727,16.829999923706055,14.572101593017578,231200
16.81999969482422,17.31999969482422,16.770000457763672,17.31999969482422,14.996366500854492,278300
17.270000457763672,17.270000457763672,17.020000457763672,17.049999237060547,14.762588500976562,286800
17.15999984741211,17.479999542236328,16.959999084472656,17.459999084472656,15.117581367492676,308300
17.3700008392334,17.510000228881836,17.219999313354492,17.299999237060547,14.979049682617188,281700
17.229999542236328,17.5,17.219999313354492,17.5,15.152214050292969,266500
17.469999313354492,17.649999618530273,17.34000015258789,17.6299991607666,15.264774322509766,194200
17.690000534057617,17.969999313354492,17.649999618530273,17.850000381469727,15.455260276794434,198300
17.8700008392334,17.989999771118164,17.65999984741211,17.709999084472656,15.334040641784668,280600
17.68000030517578,17.829999923706055,17.479999542236328,17.700000762939453,15.325385093688965,205800
17.540000915527344,17.670000076293945,17.43000030517578,17.6299991607666,15.390857696533203,196300
17.649999618530273,17.860000610351562,17.350000381469727,17.43000030517578,15.216259956359863,377800
17.209999084472656,17.209999084472656,16.40999984741211,16.489999771118164,14.395645141601562,609100
16.540000915527344,16.889999389648438,16.079999923706055,16.149999618530273,14.098830223083496,443500
16.1200008392334,16.34000015258789,16.06999969482422,16.209999084472656,14.15120792388916,284100
16.06999969482422,16.139999389648438,15.40999984741211,15.68000030517578,13.688521385192873,639100
15.699999809265137,16.040000915527344,15.619999885559082,15.640000343322754,13.653603553771973,350100
15.59000015258789,15.84000015258789,15.550000190734863,15.649999618530272,13.662331581115724,293800
15.720000267028809,16.170000076293945,15.6899995803833,16.020000457763672,13.98534107208252,306800
16.0,16.1200008392334,15.920000076293944,16.059999465942383,14.020259857177734,273600
16.059999465942383,16.219999313354492,15.699999809265137,15.699999809265137,13.70598316192627,330300
15.670000076293944,15.739999771118164,15.350000381469728,15.510000228881836,13.54011344909668,405700
15.529999732971191,15.649999618530272,15.31999969482422,15.510000228881836,13.54011344909668,915500
15.529999732971191,15.979000091552734,15.529999732971191,15.720000267028809,13.723443031311035,310700
15.6899995803833,16.020000457763672,15.640000343322754,15.850000381469728,13.836933135986328,270000
15.859999656677246,16.040000915527344,15.708000183105469,15.800000190734863,13.793283462524414,204600
15.81999969482422,16.1299991607666,15.789999961853027,15.81999969482422,13.810741424560549,282600
15.8100004196167,16.030000686645508,15.489999771118164,15.579999923706056,13.601224899291992,408000
15.579999923706056,15.81999969482422,15.329999923706056,15.649999618530272,13.662331581115724,234500
15.739999771118164,15.890000343322754,15.600000381469728,15.789999961853027,13.784551620483398,200900
15.779999732971191,15.859999656677246,15.5600004196167,15.779999732971191,13.775823593139648,295100
15.699999809265137,15.90999984741211,15.59000015258789,15.90999984741211,14.018121719360352,155300
15.970000267028809,16.0,15.609999656677246,15.65999984741211,13.797849655151367,358800
15.670000076293944,15.949999809265137,15.670000076293944,15.949999809265137,14.053364753723145,195600
15.970000267028809,16.05500030517578,15.710000038146973,15.869999885559082,13.982877731323242,251100
15.9399995803833,16.030000686645508,15.720000267028809,15.789999961853027,13.912389755249023,199200
15.75,15.960000038146973,15.75,15.920000076293944,14.026933670043944,168100
15.989999771118164,16.149999618530273,15.890000343322754,16.110000610351562,14.194340705871582,237400
16.06999969482422,16.149999618530273,15.9399995803833,16.09000015258789,14.176716804504396,232200
15.979999542236328,16.075000762939453,15.760000228881836,15.779999732971191,13.903579711914062,261200
15.789999961853027,15.960000038146973,15.779999732971191,15.829999923706056,13.947633743286133,234400
15.779999732971191,15.970000267028809,15.6899995803833,15.699999809265137,13.83309268951416,163900
15.699999809265137,15.847000122070312,15.699999809265137,15.770000457763672,13.894769668579102,142400
15.829999923706056,15.83199977874756,15.5600004196167,15.5600004196167,13.70974063873291,161300
15.56999969482422,15.6850004196167,15.350000381469728,15.460000038146973,13.621631622314451,244500
15.420000076293944,15.489999771118164,15.199999809265137,15.229999542236328,13.418981552124023,240700
15.170000076293944,15.399999618530272,15.170000076293944,15.31999969482422,13.49827766418457,223500
15.220000267028809,15.390000343322754,15.220000267028809,15.359999656677246,13.533522605895996,248500
15.350000381469728,15.729999542236328,15.300000190734863,15.479999542236328,13.639251708984377,243700
15.420000076293944,15.699999809265137,15.380000114440918,15.529999732971191,13.683307647705078,205100
15.510000228881836,15.619999885559082,15.329999923706056,15.529999732971191,13.683307647705078,255700
15.579999923706056,15.699999809265137,15.460000038146973,15.649999618530272,13.789036750793455,146500
15.539999961853027,15.829999923706056,15.520000457763672,15.640000343322754,13.909099578857422,378900
15.56999969482422,15.649999618530272,15.354999542236328,15.539999961853027,13.82016658782959,484100
15.489999771118164,15.710000038146973,15.42099952697754,15.550000190734863,13.829056739807127,269400
15.640000343322754,15.770000457763672,15.5600004196167,15.670000076293944,13.93577766418457,157600
15.789999961853027,15.949999809265137,15.789999961853027,15.920000076293944,14.158109664916992,202800
15.760000228881836,15.9399995803833,15.630000114440918,15.850000381469728,14.095857620239258,215600
15.789999961853027,15.920000076293944,15.56999969482422,15.68000030517578,13.944671630859377,255900
15.68000030517578,15.94499969482422,15.600000381469728,15.68000030517578,13.944671630859377,270900
15.5,15.68000030517578,15.149999618530272,15.420000076293944,13.713446617126465,409700
15.420000076293944,16.05500030517578,15.362000465393066,16.0,14.229256629943848,326400
15.800000190734863,15.9399995803833,15.59000015258789,15.699999809265137,13.962458610534668,404900
15.670000076293944,16.010000228881836,15.59000015258789,15.960000038146973,14.193681716918944,329600
15.869999885559082,15.975000381469728,15.800000190734863,15.9399995803833,14.175896644592283,222100
15.899999618530272,16.184999465942383,15.829999923706056,15.970000267028809,14.20257568359375,213100
15.84000015258789,16.06999969482422,15.800000190734863,15.829999923706056,14.078069686889648,159000
15.760000228881836,15.904000282287598,15.699999809265137,15.789999961853027,14.042498588562012,187200
15.779999732971191,16.0,15.779999732971191,15.899999618530272,14.140324592590332,212800
15.890000343322754,15.949999809265137,15.6899995803833,15.739999771118164,13.99803066253662,154900
15.59000015258789,15.739999771118164,15.5,15.649999618530272,13.91798973083496,185700
15.699999809265137,15.960000038146973,15.699999809265137,15.859999656677246,14.104750633239746,165500
15.84000015258789,15.970000267028809,15.630000114440918,15.630000114440918,13.9002046585083,343600
15.56999969482422,15.670000076293944,15.390000343322754,15.579999923706056,13.85573673248291,282100
15.5,15.609999656677246,15.289999961853027,15.369999885559082,13.797388076782228,417400
15.210000038146973,15.369999885559082,15.15999984741211,15.210000038146973,13.653759002685549,525700
15.279999732971191,15.5,15.199999809265137,15.390000343322754,13.815343856811523,237500
15.539999961853027,15.619999885559082,15.440999984741213,15.609999656677246,14.012832641601562,206500
15.65999984741211,15.699000358581545,15.420000076293944,15.56999969482422,13.976924896240234,216000
15.760000228881836,15.8100004196167,15.4399995803833,15.800000190734863,14.183390617370604,288900
15.800000190734863,15.84000015258789,15.550000190734863,15.670000076293944,14.066693305969238,170300
15.68000030517578,15.8100004196167,15.600000381469728,15.739999771118164,14.129530906677246,224500
15.8100004196167,15.84000015258789,15.539999961853027,15.5600004196167,13.96794891357422,178300
15.619999885559082,15.710000038146973,15.375,15.40999984741211,13.833295822143556,199800
15.43000030517578,15.600000381469728,15.399999618530272,15.510000228881836,13.92306423187256,194500
15.5,15.600000381469728,15.31999969482422,15.329999923706056,13.761480331420898,210300
15.270000457763672,15.399999618530272,15.149999618530272,15.359999656677246,13.788412094116213,449300
15.43000030517578,15.65999984741211,15.34000015258789,15.460000038146973,13.878180503845217,181200
15.489999771118164,15.5,15.300000190734863,15.40999984741211,13.833295822143556,212800
15.479999542236328,15.54300022125244,15.369999885559082,15.479999542236328,13.89613151550293,307000
15.5,15.5600004196167,15.44499969482422,15.460000038146973,13.878180503845217,1335700
15.489999771118164,15.579999923706056,15.4399995803833,15.510000228881836,13.92306423187256,373500
15.550000190734863,15.6899995803833,15.475000381469728,15.520000457763672,13.93204116821289,250900
15.520000457763672,15.59000015258789,15.229999542236328,15.270000457763672,13.70762062072754,271000
15.100000381469728,15.34000015258789,15.100000381469728,15.3100004196167,13.875284194946287,244900
15.289999961853027,15.55500030517578,15.289999961853027,15.5,14.047477722167969,687000
15.539999961853027,15.600000381469728,15.420000076293944,15.539999961853027,14.083730697631836,269500
15.579999923706056,15.600000381469728,15.43000030517578,15.5600004196167,14.101856231689451,212100
15.600000381469728,15.699999809265137,15.529999732971191,15.649999618530272,14.183420181274414,159000
15.56999969482422,15.630000114440918,15.449999809265137,15.579999923706056,14.119982719421388,198700
15.579999923706056,15.81999969482422,15.5600004196167,15.670000076293944,14.201549530029297,410000
15.640000343322754,15.760000228881836,15.520000457763672,15.619999885559082,14.15623378753662,224000
15.65999984741211,15.779999732971191,15.609999656677246,15.649999618530272,14.183420181274414,210900
15.699999809265137,15.710000038146973,15.5600004196167,15.609999656677246,14.14716911315918,230300
15.609999656677246,15.854999542236328,15.609999656677246,15.770000457763672,14.292177200317385,223100
15.800000190734863,15.90999984741211,15.800000190734863,15.890000343322754,14.400931358337402,290300
15.869999885559082,16.079999923706055,15.81999969482422,15.949999809265137,14.455307960510254,257300
15.90999984741211,15.9399995803833,15.739999771118164,15.869999885559082,14.382804870605469,212800
15.829999923706056,15.880000114440918,15.699999809265137,15.8100004196167,14.328428268432615,160300
15.770000457763672,15.850000381469728,15.699999809265137,15.739999771118164,14.264986038208008,185300
15.75,15.890000343322754,15.699999809265137,15.789999961853027,14.310302734375,186600
15.81999969482422,15.989999771118164,15.779999732971191,15.970000267028809,14.473433494567873,184700
15.920000076293944,16.000999450683594,15.829999923706056,15.949999809265137,14.455307960510254,187700
15.93000030517578,15.989999771118164,15.770000457763672,15.899999618530272,14.409995079040527,205900
15.93000030517578,16.06999969482422,15.91100025177002,16.059999465942383,14.554998397827148,250900
16.06999969482422,16.25,16.06999969482422,16.239999771118164,14.718130111694336,253900
16.020000457763672,16.31999969482422,16.020000457763672,16.229999542236328,14.841583251953123,237100
16.229999542236328,16.360000610351562,16.100000381469727,16.200000762939453,14.8141508102417,357400
16.219999313354492,16.34000015258789,15.989999771118164,16.010000228881836,14.640403747558594,297900
16.010000228881836,16.049999237060547,15.649999618530272,16.040000915527344,14.667839050292969,243900
15.989999771118164,16.049999237060547,15.420000076293944,15.609999656677246,14.27462100982666,264000
15.649999618530272,15.84000015258789,15.470000267028809,15.649999618530272,14.311200141906738,228700
15.59000015258789,16.0,15.460000038146973,15.899999618530272,14.53981590270996,231200
15.920000076293944,16.079999923706055,15.789999961853027,16.049999237060547,14.67698097229004,209600
16.079999923706055,16.079999923706055,15.0600004196167,15.130000114440918,13.835684776306152,432800
15.029999732971191,15.039999961853027,13.920000076293944,14.050000190734863,12.848074913024902,474400
14.119999885559082,14.34000015258789,13.949999809265137,14.010000228881836,12.811498641967772,367300
13.949999809265137,13.949999809265137,13.40999984741211,13.449999809265137,12.299402236938477,431500
13.510000228881836,13.55799961090088,12.539999961853027,12.880000114440918,11.778164863586426,742000
12.920000076293944,13.109999656677246,12.75,13.050000190734863,11.933623313903809,357000
13.100000381469728,13.170000076293944,12.710000038146973,13.0,11.887899398803713,406100
13.06999969482422,13.279999732971191,12.949999809265137,13.09000015258789,11.970200538635254,332900
13.06999969482422,13.109999656677246,12.800000190734863,12.81999969482422,11.723297119140623,423800
12.739999771118164,13.0600004196167,12.550000190734863,12.90999984741211,11.805597305297852,483200
12.880000114440918,12.994999885559082,12.425000190734863,12.5600004196167,11.485540390014648,404600
12.6899995803833,12.899999618530272,12.585000038146973,12.81999969482422,11.723297119140623,296800
12.859999656677246,12.970999717712402,12.5600004196167,12.5600004196167,11.485540390014648,354300
12.489999771118164,12.720000267028809,12.449999809265137,12.649999618530272,11.567838668823242,308200
12.550000190734863,12.640000343322754,12.420000076293944,12.5600004196167,11.618719100952148,223000
12.539999961853027,12.699999809265137,12.460000038146973,12.529999732971191,11.590965270996094,540600
12.529999732971191,12.75,12.470000267028809,12.720000267028809,11.766728401184082,289300
12.789999961853027,12.914999961853027,12.720000267028809,12.800000190734863,11.840731620788574,176400
12.859999656677246,13.06999969482422,12.789999961853027,12.979999542236328,12.007241249084473,337800
13.020000457763672,13.279999732971191,12.890000343322754,13.25,12.257007598876951,354500
13.350000381469728,13.649999618530272,13.239999771118164,13.449999809265137,12.442018508911133,360300
13.399999618530272,13.699999809265137,13.204999923706056,13.529999732971191,12.516023635864258,674100
13.670000076293944,13.859999656677246,13.420000076293944,13.6899995803833,12.664032936096191,380800
13.65999984741211,13.9399995803833,13.43000030517578,13.800000190734863,12.765789031982422,470300
13.829999923706056,14.09000015258789,13.800000190734863,14.0600004196167,13.006303787231444,380000
14.050000190734863,14.390000343322754,13.9399995803833,14.31999969482422,13.246817588806152,307200
14.260000228881836,14.460000038146973,14.154999732971191,14.40999984741211,13.330074310302734,343500
14.4399995803833,14.479999542236328,14.229999542236328,14.40999984741211,13.330074310302734,321400
14.470000267028809,14.5,14.25,14.4399995803833,13.357826232910156,306000
14.40999984741211,14.484999656677246,14.251999855041504,14.31999969482422,13.246817588806152,530200
14.239999771118164,14.399999618530272,14.119999885559082,14.3100004196167,13.237566947937012,380300
14.369999885559082,14.449999809265137,14.15999984741211,14.289999961853027,13.219067573547363,293900
14.289999961853027,14.600000381469728,14.289999961853027,14.5,13.413328170776367,239700
14.489999771118164,14.65999984741211,14.350000381469728,14.600000381469728,13.505834579467772,289900
14.4399995803833,14.579999923706056,14.350000381469728,14.460000038146973,13.510507583618164,258500
14.520000457763672,14.60099983215332,14.359999656677246,14.460000038146973,13.510507583618164,417000
14.56999969482422,14.56999969482422,14.199999809265137,14.199999809265137,13.267578125,219700
14.109999656677246,14.166000366210938,13.359999656677246,13.890000343322754,12.977934837341309,751400
13.949999809265137,13.96500015258789,13.670000076293944,13.890000343322754,12.977934837341309,340100
13.9399995803833,14.029999732971191,13.800000190734863,14.020000457763672,13.099398612976074,278700
14.0,14.024999618530272,13.800000190734863,13.859999656677246,12.949904441833496,193100
13.789999961853027,13.93000030517578,13.710000038146973,13.739999771118164,12.837783813476562,270800
13.869999885559082,13.9399995803833,13.739999771118164,13.81999969482422,12.912530899047852,203000
13.890000343322754,14.09000015258789,13.829999923706056,13.890000343322754,12.977934837341309,226200
13.9399995803833,14.18000030517578,13.9399995803833,14.020000457763672,13.099398612976074,255800
13.9399995803833,13.979999542236328,13.59000015258789,13.630000114440918,12.735007286071776,299800
13.640000343322754,13.970000267028809,13.625,13.960000038146973,13.043336868286133,395600
13.899999618530272,14.06999969482422,13.739999771118164,13.899999618530272,12.987277030944824,255300
13.970000267028809,14.109999656677246,13.869999885559082,14.109999656677246,13.183486938476562,357700
14.020000457763672,14.289999961853027,14.010000228881836,14.109999656677246,13.183486938476562,432100
14.220000267028809,14.380000114440918,14.119999885559082,14.289999961853027,13.35166835784912,296300
14.300000190734863,14.449999809265137,14.199999809265137,14.390000343322754,13.44510269165039,239800
14.399999618530272,14.579999923706056,14.31999969482422,14.550000190734863,13.594595909118652,241700
14.5600004196167,14.579999923706056,14.375,14.5,13.547880172729492,232700
14.529999732971191,14.609999656677246,14.390000343322754,14.4399995803833,13.491819381713867,159700
14.4399995803833,14.649999618530272,14.4399995803833,14.619999885559082,13.65999984741211,240600
14.619999885559082,14.739999771118164,14.538999557495115,14.65999984741211,13.697373390197754,284800
14.5600004196167,14.65999984741211,14.149999618530272,14.399999618530272,13.588850021362305,349700
14.380000114440918,14.479999542236328,14.130000114440918,14.329999923706056,13.522793769836426,339100
14.380000114440918,14.56999969482422,14.260000228881836,14.460000038146973,13.645472526550291,222100
14.550000190734863,14.57800006866455,14.25,14.359999656677246,13.551103591918944,232700
14.390000343322754,14.43000030517578,14.079999923706056,14.199999809265137,13.400115966796877,255800
14.199999809265137,14.300000190734863,14.109999656677246,14.260000228881836,13.456738471984863,203600
14.260000228881836,14.529999732971191,14.095999717712402,14.25,13.44729995727539,282800
13.550000190734863,13.550000190734863,11.300000190734863,11.75,11.088126182556152,2521500
11.850000381469728,11.859999656677246,11.18000030517578,11.289999961853027,10.65403652191162,789000
11.600000381469728,12.380000114440918,11.451000213623049,12.0,11.32404327392578,2541300
11.960000038146973,12.039999961853027,11.6899995803833,11.770000457763672,11.1069974899292,870500
11.920000076293944,12.359999656677246,11.850000381469728,12.3100004196167,11.616580963134766,570200
12.300000190734863,12.699999809265137,12.25,12.68000030517578,11.965738296508787,498000
12.600000381469728,13.359999656677246,12.600000381469728,13.0,12.26771354675293,1723900
13.130000114440918,13.449999809265137,13.09000015258789,13.18000030517578,12.437573432922363,632500
13.15999984741211,13.260000228881836,13.039999961853027,13.050000190734863,12.314896583557127,519200
13.109999656677246,13.109999656677246,12.880000114440918,12.9399995803833,12.211091995239258,390000
12.960000038146973,12.989999771118164,12.649999618530272,12.8100004196167,12.088417053222656,511700
13.119999885559082,13.390000343322754,13.0,13.31999969482422,12.569687843322754,743200
13.25,13.479999542236328,13.109999656677246,13.15999984741211,12.418700218200684,447100
13.09000015258789,13.149999618530272,12.979999542236328,13.119999885559082,12.475752830505373,304500
13.130000114440918,13.270000457763672,13.0,13.25,12.696139335632324,185700
13.279999732971191,13.31999969482422,13.109999656677246,13.140000343322754,12.590737342834473,309300
13.119999885559082,13.199999809265137,12.949999809265137,13.109999656677246,12.56199073791504,290200
13.130000114440918,13.579999923706056,13.130000114440918,13.520000457763672,12.954853057861328,523100
13.510000228881836,13.600000381469728,13.420000076293944,13.460000038146973,12.897360801696776,432000
13.520000457763672,13.93000030517578,13.520000457763672,13.8100004196167,13.232730865478516,635000
13.8100004196167,14.149999618530272,13.739999771118164,13.8100004196167,13.232730865478516,463600
13.789999961853027,13.93000030517578,13.699999809265137,13.789999961853027,13.213566780090332,548300
13.720000267028809,13.920000076293944,13.510000228881836,13.5600004196167,12.993181228637695,413800
13.510000228881836,13.770000457763672,13.5,13.510000228881836,12.945271492004396,419000
13.43000030517578,13.609999656677246,13.390000343322754,13.550000190734863,12.983599662780762,348400
13.539999961853027,13.760000228881836,13.539999961853027,13.56999969482422,13.002761840820312,383200
13.5600004196167,13.899999618530272,13.539999961853027,13.859999656677246,13.2806396484375,522600
13.859999656677246,13.859999656677246,13.630000114440918,13.68000030517578,13.10816478729248,523400
13.65999984741211,13.899999618530272,13.600000381469728,13.899999618530272,13.318967819213867,475800
13.890000343322754,14.09000015258789,13.539999961853027,13.59000015258789,13.021925926208496,1948900
13.640000343322754,13.645999908447266,13.350000381469728,13.43000030517578,12.86861515045166,738500
13.479999542236328,13.479999542236328,13.239999771118164,13.359999656677246,12.80154037475586,338100
13.399999618530272,13.460000038146973,13.149999618530272,13.239999771118164,12.68655776977539,464300
13.270000457763672,13.347000122070312,13.170000076293944,13.229999542236328,12.676974296569824,441500
13.109999656677246,13.220000267028809,12.960000038146973,12.979999542236328,12.532150268554688,506200
12.960000038146973,13.220000267028809,12.920000076293944,13.15999984741211,12.705940246582031,638300
13.229999542236328,13.25,12.960000038146973,13.010000228881836,12.561116218566896,383700
12.9399995803833,13.260000228881836,12.911999702453612,13.229999542236328,12.773524284362791,363400
13.199999809265137,13.489999771118164,13.100000381469728,13.43000030517578,12.96662425994873,317200
13.479999542236328,13.56999969482422,13.350000381469728,13.520000457763672,13.053519248962402,338500
13.520000457763672,13.699999809265137,13.449999809265137,13.5600004196167,13.09213924407959,418100
13.619999885559082,13.6899995803833,13.479999542236328,13.510000228881836,13.043864250183104,214400
13.460000038146973,13.619999885559082,13.434000015258787,13.579999923706056,13.111449241638184,288600
13.59000015258789,13.65999984741211,13.449999809265137,13.649999618530272,13.179034233093262,284000
13.670000076293944,13.800000190734863,13.550000190734863,13.729999542236328,13.25627326965332,428600
13.760000228881836,13.949999809265137,13.73900032043457,13.869999885559082,13.391443252563477,362300
13.899999618530272,14.010000228881836,13.6899995803833,13.770000457763672,13.294894218444824,438300
13.789999961853027,13.789999961853027,13.390000343322754,13.399999618530272,12.937658309936523,494700
13.34000015258789,13.399999618530272,13.170000076293944,13.260000228881836,12.802489280700684,450300
13.260000228881836,13.3100004196167,13.050000190734863,13.09000015258789,12.638355255126951,359500
13.06999969482422,13.25,12.979999542236328,13.149999618530272,12.696285247802734,350800
13.15999984741211,13.199999809265137,12.8100004196167,12.859999656677246,12.41629123687744,432600
12.75,12.850000381469728,12.550000190734863,12.630000114440918,12.194226264953612,409200
12.619999885559082,12.850000381469728,12.43000030517578,12.529999732971191,12.09767723083496,541000
12.510000228881836,12.609999656677246,12.40999984741211,12.520000457763672,12.088022232055664,512200
12.31999969482422,12.5,12.234999656677246,12.399999618530272,12.068556785583496,607500
12.270000457763672,12.489999771118164,12.210000038146973,12.449999809265137,12.117219924926758,1498600
12.460000038146973,12.6899995803833,12.460000038146973,12.5,12.16588306427002,453000
12.56999969482422,12.800000190734863,12.520000457763672,12.770000457763672,12.428667068481444,324500
12.90999984741211,12.979999542236328,12.75,12.800000190734863,12.45786476135254,449400
12.93000030517578,13.020000457763672,12.829999923706056,12.869999885559082,12.525993347167969,383600
12.859999656677246,13.020000457763672,12.789999961853027,13.0,12.65251922607422,347500
12.989999771118164,13.1899995803833,12.899999618530272,13.100000381469728,12.74984645843506,419300
13.06999969482422,13.279999732971191,13.06999969482422,13.199999809265137,12.847173690795898,474100
13.260000228881836,13.5,13.210000038146973,13.359999656677246,13.002896308898926,492300
13.34000015258789,13.34000015258789,13.149999618530272,13.270000457763672,12.915302276611328,315600
13.279999732971191,13.359999656677246,13.130000114440918,13.220000267028809,12.86663818359375,285800
13.210000038146973,13.4399995803833,13.050000190734863,13.359999656677246,13.002896308898926,537300
13.460000038146973,13.460000038146973,13.239999771118164,13.34000015258789,12.983430862426758,344300
13.300000190734863,13.59000015258789,13.300000190734863,13.579999923706056,13.217015266418455,517800
13.600000381469728,13.970000267028809,13.520000457763672,13.920000076293944,13.547927856445312,727500
13.649999618530272,13.890000343322754,13.510000228881836,13.789999961853027,13.42140293121338,725400
13.84000015258789,13.859999656677246,12.949999809265137,13.050000190734863,12.70118236541748,700700
13.109999656677246,13.3100004196167,12.729999542236328,12.770000457763672,12.428667068481444,578900
12.489999771118164,12.720000267028809,12.0,12.119999885559082,11.889142990112305,816800
12.1899995803833,13.505000114440918,12.140000343322754,12.729999542236328,12.487523078918455,1647000
12.800000190734863,13.210000038146973,12.192999839782717,13.100000381469728,12.850476264953612,840300
13.170000076293944,13.630000114440918,12.449999809265137,12.710000038146973,12.467905044555664,575000
12.859999656677246,12.979999542236328,12.630000114440918,12.869999885559082,12.62485694885254,666600
12.68000030517578,12.869999885559082,12.130000114440918,12.289999961853027,12.055904388427734,898900
11.949999809265137,12.170000076293944,11.470000267028809,11.960000038146973,11.732190132141112,747200
11.279999732971191,11.300000190734863,10.079999923706056,10.119999885559082,9.927238464355469,777800
10.4399995803833,10.710000038146973,9.600000381469728,10.140000343322754,9.946857452392578,733900
9.789999961853027,9.789999961853027,9.079999923706056,9.140000343322754,8.96590518951416,854200
8.079999923706055,8.1899995803833,6.929999828338623,7.320000171661377,7.180571556091309,1293000
7.760000228881836,7.902999877929687,6.519999980926514,7.079999923706055,6.94514274597168,1094400
5.980000019073486,6.360000133514404,5.179999828338623,5.179999828338623,5.081333160400391,1275400
5.380000114440918,5.423999786376953,4.400000095367432,4.400000095367432,4.316190719604492,1943500
4.090000152587891,4.340000152587891,3.009999990463257,3.2300000190734863,3.168476104736328,1713300
3.2300000190734863,3.509999990463257,2.720000028610229,2.9200000762939453,2.8643810749053955,2186700
2.9600000381469727,3.700000047683716,2.609999895095825,2.809999942779541,2.756476163864136,2070100
2.619999885559082,3.240000009536743,2.4600000381469727,3.119999885559082,3.0605714321136475,1437600
3.309999942779541,3.4800000190734863,2.943000078201294,3.109999895095825,3.0507616996765137,1378500
3.0999999046325684,3.809999942779541,2.7799999713897705,3.5,3.433333396911621,1893700
3.5899999141693115,5.760000228881836,3.575000047683716,5.46999979019165,5.365809440612793,1729200
5.929999828338623,5.929999828338623,5.119999885559082,5.25,5.150000095367432,1198800
5.159999847412109,5.289999961853027,4.119999885559082,4.269999980926514,4.269999980926514,820100
4.260000228881836,4.39900016784668,3.819999933242798,3.940000057220459,3.940000057220459,874200
3.630000114440918,3.650000095367432,3.071000099182129,3.259999990463257,3.259999990463257,1060800
