223.5500030517578,223.5500030517578,223.5500030517578,223.5500030517578,223.5500030517578,2355
234.6999969482422,234.6999969482422,234.6999969482422,234.6999969482422,234.6999969482422,1384
246.3999938964844,246.3999938964844,246.3999938964844,246.3999938964844,246.3999938964844,8182
246.3999938964844,246.3999938964844,246.3999938964844,246.3999938964844,246.3999938964844,0
258.70001220703125,258.70001220703125,258.70001220703125,258.70001220703125,258.70001220703125,9128
271.6000061035156,271.6000061035156,245.8000030517578,249.8000030517578,249.8000030517578,44652
256.8999938964844,256.8999938964844,237.4499969482422,238.0500030517578,238.0500030517578,1733
240.0,240.0,226.1499938964844,226.1499938964844,226.1499938964844,10205
215.0,234.0,215.0,225.0,225.0,2044
225.0,236.25,225.0,232.9499969482422,232.9499969482422,3286
234.8999938964844,236.0,220.0,221.8999938964844,221.8999938964844,4831
220.0,225.0,211.3000030517578,221.5500030517578,221.5500030517578,5002
215.0,215.0,192.6999969482422,209.5,209.5,3747
244.8999938964844,251.3999938964844,215.0500030517578,251.3999938964844,251.3999938964844,25244
270.0,289.70001220703125,245.0500030517578,256.45001220703125,256.45001220703125,64300
246.1499938964844,265.0,246.1000061035156,261.25,261.25,7551
264.8500061035156,275.0,257.04998779296875,272.54998779296875,272.54998779296875,9512
261.1000061035156,283.0,260.0,267.45001220703125,267.45001220703125,5660
243.6499938964844,246.3999938964844,234.0,244.5500030517578,244.5500030517578,15924
231.0,258.95001220703125,231.0,251.9499969482422,251.9499969482422,1876
263.0,263.0,235.0,236.3999938964844,236.3999938964844,5950
235.5500030517578,236.0,228.0500030517578,231.1000061035156,231.1000061035156,1372
239.9499969482422,240.0,228.0,230.3500061035156,230.3500061035156,1416
228.6999969482422,237.9499969482422,228.3999938964844,233.0500030517578,233.0500030517578,8162
233.0500030517578,233.0500030517578,233.0500030517578,233.0500030517578,233.0500030517578,0
234.9499969482422,238.8999938964844,223.1499938964844,235.1499938964844,235.1499938964844,3176
237.0500030517578,245.0,237.0,241.0500030517578,241.0500030517578,1080
242.9499969482422,243.8000030517578,231.0500030517578,235.0500030517578,235.0500030517578,12622
232.0500030517578,239.9499969482422,231.0500030517578,235.3500061035156,235.3500061035156,4304
234.0500030517578,236.0,229.0500030517578,230.6000061035156,230.6000061035156,2009
226.0,229.3500061035156,217.25,223.9499969482422,223.9499969482422,4573
221.6499938964844,226.0,221.6499938964844,224.8500061035156,224.8500061035156,1405
220.5500030517578,229.0,220.5500030517578,222.5,222.5,1821
211.1999969482422,225.0500030517578,211.1999969482422,224.9499969482422,224.9499969482422,1832
221.0500030517578,230.0,211.0,228.8000030517578,228.8000030517578,10770
224.0,225.5500030517578,220.1000061035156,220.5,220.5,1592
220.0,220.6000061035156,215.1000061035156,216.9499969482422,216.9499969482422,1877
215.1000061035156,216.3999938964844,207.0,210.4499969482422,210.4499969482422,1661
209.5,209.9499969482422,201.6499938964844,204.25,204.25,952
210.0,210.0,190.9499969482422,195.1999969482422,195.1999969482422,3663
200.0,207.75,196.1999969482422,202.3500061035156,202.3500061035156,142
200.0500030517578,218.0,200.0500030517578,210.6999969482422,210.6999969482422,3915
206.9499969482422,231.75,205.9499969482422,219.0500030517578,219.0500030517578,1437
219.0500030517578,219.0500030517578,219.0500030517578,219.0500030517578,219.0500030517578,0
220.0,229.75,220.0,225.0,225.0,2752
217.0500030517578,234.3999938964844,217.0500030517578,228.6499938964844,228.6499938964844,1321
226.0,237.0,220.0,221.6999969482422,221.6999969482422,1300
225.0500030517578,234.9499969482422,225.0500030517578,227.3999938964844,227.3999938964844,1023
224.4499969482422,229.0,218.3999938964844,225.4499969482422,225.4499969482422,4308
225.0,230.0,220.5500030517578,222.1999969482422,222.1999969482422,1641
222.1999969482422,222.1999969482422,222.1999969482422,222.1999969482422,222.1999969482422,0
221.0500030517578,230.8500061035156,220.0,222.6000061035156,222.6000061035156,795
219.0500030517578,224.0500030517578,215.1999969482422,217.6999969482422,217.6999969482422,1167
221.0500030517578,226.5500030517578,216.0,220.0500030517578,220.0500030517578,10440
234.3999938964844,234.3999938964844,208.3999938964844,211.0,211.0,1719
219.8500061035156,219.9499969482422,208.5,213.6499938964844,213.6499938964844,1174
208.0500030517578,219.4499969482422,204.0,207.8999938964844,207.8999938964844,1576
214.0,218.9499969482422,209.1999969482422,210.0,210.0,1283
212.0500030517578,217.0500030517578,204.1000061035156,205.1000061035156,205.1000061035156,1936
210.0500030517578,218.8999938964844,206.0,208.5,208.5,1264
210.0,217.9499969482422,206.4499969482422,217.1000061035156,217.1000061035156,687
213.0500030517578,215.8999938964844,207.6000061035156,215.8999938964844,215.8999938964844,400
209.4499969482422,215.0,201.9499969482422,208.3999938964844,208.3999938964844,716
208.3999938964844,208.3999938964844,208.3999938964844,208.3999938964844,208.3999938964844,0
208.3999938964844,219.3999938964844,208.3999938964844,216.75,216.75,855
213.0500030517578,215.9499969482422,210.3500061035156,214.0,214.0,664
211.0500030517578,214.8999938964844,204.3000030517578,209.8999938964844,209.8999938964844,902
208.3999938964844,219.6499938964844,202.0,207.3500061035156,207.3500061035156,3113
206.0500030517578,214.0,206.0,207.8999938964844,207.8999938964844,502
220.1000061035156,220.1000061035156,207.1000061035156,219.25,219.25,849
211.0500030517578,217.6999969482422,208.1999969482422,209.3999938964844,209.3999938964844,269
209.1499938964844,214.9499969482422,207.0,213.3500061035156,213.3500061035156,313
202.0,214.75,201.75,207.4499969482422,207.4499969482422,316
219.0,225.0,212.0500030517578,222.1000061035156,222.1000061035156,987
220.1999969482422,228.0500030517578,220.1999969482422,224.9499969482422,224.9499969482422,4783
221.6999969482422,229.8500061035156,221.6499938964844,223.4499969482422,223.4499969482422,11151
222.8000030517578,227.0,222.5,226.3500061035156,226.3500061035156,2089
225.5500030517578,233.8999938964844,225.5500030517578,230.0,230.0,1729
231.0,242.4499969482422,231.0,237.5,237.5,3101
234.0500030517578,235.0,231.0,232.8500061035156,232.8500061035156,1212
230.0500030517578,237.5,230.0,236.9499969482422,236.9499969482422,2230
237.0,242.0,235.0,240.4499969482422,240.4499969482422,2417
248.9499969482422,248.9499969482422,236.25,241.5,241.5,3033
205.0,216.9499969482422,196.1999969482422,215.1999969482422,215.1999969482422,2045
211.0500030517578,211.0500030517578,208.5,209.4499969482422,209.4499969482422,898
207.1499938964844,213.0500030517578,205.0,211.8000030517578,211.8000030517578,1024
205.0,213.5,205.0,211.1999969482422,211.1999969482422,1080
212.9499969482422,213.5,210.1999969482422,211.8500061035156,211.8500061035156,1413
207.25,215.0,207.25,212.3000030517578,212.3000030517578,832
214.0500030517578,214.0500030517578,210.6000061035156,213.8999938964844,213.8999938964844,247
212.0500030517578,214.8000030517578,212.0,213.8000030517578,213.8000030517578,1160
211.0500030517578,215.5,207.0,214.3000030517578,214.3000030517578,995
211.0500030517578,219.3999938964844,211.0500030517578,213.8000030517578,213.8000030517578,1027
215.9499969482422,215.9499969482422,210.1000061035156,214.9499969482422,214.9499969482422,626
214.6999969482422,215.0,211.1499938964844,214.0,214.0,255
215.0,215.0,210.6999969482422,211.3500061035156,211.3500061035156,1168
210.9499969482422,214.9499969482422,209.0,214.3000030517578,214.3000030517578,391
219.8999938964844,257.1499938964844,215.0500030517578,223.3999938964844,223.3999938964844,26306
232.0,232.0,220.0,220.8000030517578,220.8000030517578,3308
216.3999938964844,224.0,214.1000061035156,217.8000030517578,217.8000030517578,4059
211.0500030517578,218.8999938964844,211.0500030517578,218.0,218.0,172
217.9499969482422,239.0,213.5,229.6999969482422,229.6999969482422,14846
216.25,231.0,216.1999969482422,225.6499938964844,225.6499938964844,1116
233.0,233.8999938964844,226.0500030517578,227.3999938964844,227.3999938964844,1864
229.0500030517578,232.5,225.0500030517578,227.6499938964844,227.6499938964844,3970
235.0,236.9499969482422,229.9499969482422,231.6000061035156,231.6000061035156,3766
231.0500030517578,234.6999969482422,229.9499969482422,230.25,230.25,2237
233.0,235.5,227.5,234.5,234.5,1934
236.9499969482422,243.0,235.0500030517578,238.1000061035156,238.1000061035156,3101
238.0500030517578,242.0,231.0,231.5500030517578,231.5500030517578,5766
235.0,240.0,232.0,235.8500061035156,235.8500061035156,1482
237.0500030517578,241.5,235.6000061035156,237.8500061035156,237.8500061035156,3206
234.4499969482422,244.3999938964844,234.3999938964844,238.0,238.0,2251
235.0500030517578,255.0,235.0500030517578,246.75,246.75,7468
249.0,256.79998779296875,248.5,254.5500030517578,254.5500030517578,8340
259.95001220703125,260.0,252.9499969482422,253.3999938964844,253.3999938964844,5072
254.0500030517578,259.8500061035156,250.0,252.6999969482422,252.6999969482422,3129
249.1000061035156,255.0,244.0,247.3999938964844,247.3999938964844,3687
247.1000061035156,256.04998779296875,247.0500030517578,255.1499938964844,255.1499938964844,7562
260.0,288.29998779296875,258.04998779296875,264.45001220703125,264.45001220703125,6741
260.0,260.0,251.0,252.9499969482422,252.9499969482422,3777
252.9499969482422,255.0,247.1000061035156,250.0,250.0,3966
248.0500030517578,258.0,248.0500030517578,251.9499969482422,251.9499969482422,3594
252.0500030517578,256.5,243.0,246.3000030517578,246.3000030517578,2855
245.4499969482422,252.9499969482422,245.4499969482422,248.1999969482422,248.1999969482422,3251
258.0,258.79998779296875,242.0500030517578,249.8999938964844,249.8999938964844,8956
254.0,254.0,244.75,246.25,246.25,1878
244.0500030517578,246.1999969482422,235.5,240.8000030517578,240.8000030517578,2348
258.54998779296875,258.54998779296875,231.0,241.5500030517578,241.5500030517578,6073
242.0,257.0,242.0,244.8500061035156,244.8500061035156,4168
242.5,248.8500061035156,238.0,238.9499969482422,238.9499969482422,2866
243.9499969482422,253.8000030517578,241.0,246.4499969482422,246.4499969482422,2348
245.8000030517578,246.0,239.1000061035156,242.8999938964844,242.8999938964844,2624
241.25,242.0,232.0,239.1999969482422,239.1999969482422,2411
240.0,240.9499969482422,231.9499969482422,232.8000030517578,232.8000030517578,1377
225.0,235.0,210.5500030517578,212.3999938964844,212.3999938964844,8606
210.1000061035156,225.0,200.0,216.4499969482422,216.4499969482422,4308
215.0,225.0,209.5,215.0,215.0,1429
221.9499969482422,222.0,214.0,218.9499969482422,218.9499969482422,1410
238.6499938964844,245.0,219.0500030517578,220.3999938964844,220.3999938964844,1571
207.8999938964844,216.0,207.8999938964844,212.0500030517578,212.0500030517578,1271
212.3500061035156,216.0,210.3000030517578,211.9499969482422,211.9499969482422,970
217.8999938964844,219.9499969482422,213.5500030517578,215.8999938964844,215.8999938964844,2561
216.8500061035156,223.0,214.0,222.0,222.0,5220
223.9499969482422,225.0500030517578,219.5,222.5500030517578,222.5500030517578,1834
222.5500030517578,222.5500030517578,222.5500030517578,222.5500030517578,222.5500030517578,0
218.6499938964844,244.9499969482422,216.1000061035156,219.4499969482422,219.4499969482422,11345
226.8500061035156,226.8500061035156,218.6000061035156,224.6000061035156,224.6000061035156,1476
237.0,237.0,221.25,229.0,229.0,4121
237.8500061035156,237.8500061035156,229.8999938964844,230.5,230.5,2377
228.6999969482422,234.0,228.6999969482422,233.5,233.5,622
231.9499969482422,234.0,231.9499969482422,234.0,234.0,809
233.8500061035156,235.0,231.5,232.0,232.0,2846
241.8999938964844,242.0,232.6000061035156,233.5500030517578,233.5500030517578,1086
238.9499969482422,238.9499969482422,233.0,233.3999938964844,233.3999938964844,1594
233.8000030517578,238.9499969482422,233.0,236.1999969482422,236.1999969482422,1208
236.0,237.9499969482422,232.8999938964844,233.5,233.5,1691
244.6999969482422,244.75,234.1000061035156,241.4499969482422,241.4499969482422,5742
235.1499938964844,248.8000030517578,235.1000061035156,245.8000030517578,245.8000030517578,1135
254.75,263.0,246.0,256.1499938964844,256.1499938964844,7220
265.0,268.79998779296875,254.3999938964844,262.3999938964844,262.3999938964844,1969
262.0,265.04998779296875,251.0,253.1499938964844,253.1499938964844,2086
253.1499938964844,253.1499938964844,253.1499938964844,253.1499938964844,253.1499938964844,0
281.0,281.0,250.75,257.3500061035156,257.3500061035156,5054
248.5500030517578,268.6499938964844,248.5500030517578,254.6999969482422,254.6999969482422,1192
253.0,256.79998779296875,253.0,256.3500061035156,256.3500061035156,303
255.0,262.0,254.1000061035156,255.1999969482422,255.1999969482422,671
259.8500061035156,264.0,256.1000061035156,258.3500061035156,258.3500061035156,1129
253.25,258.79998779296875,253.0,257.6000061035156,257.6000061035156,110
265.0,267.95001220703125,257.54998779296875,259.95001220703125,259.95001220703125,1465
254.0500030517578,266.0,254.0500030517578,262.29998779296875,262.29998779296875,2371
254.0,260.95001220703125,253.1999969482422,257.5,257.5,606
246.0,255.0,246.0,247.0,247.0,3513
236.0,262.95001220703125,236.0,257.3999938964844,257.3999938964844,2028
271.0,272.79998779296875,256.0,258.6000061035156,258.6000061035156,6989
258.6000061035156,258.6000061035156,258.6000061035156,258.6000061035156,258.6000061035156,0
258.6000061035156,258.6000061035156,258.6000061035156,258.6000061035156,258.6000061035156,0
255.8999938964844,260.0,250.0,250.1499938964844,250.1499938964844,2664
258.3999938964844,277.29998779296875,258.3999938964844,274.04998779296875,274.04998779296875,11049
276.0,278.0,269.0,273.75,273.75,7670
281.45001220703125,281.45001220703125,271.0,274.6499938964844,274.6499938964844,5200
274.0,278.95001220703125,273.0,273.5,273.5,1637
270.0,278.79998779296875,263.1000061035156,266.29998779296875,266.29998779296875,11264
266.29998779296875,266.29998779296875,266.29998779296875,266.29998779296875,266.29998779296875,0
277.0,277.0,269.0,270.6000061035156,270.6000061035156,7319
270.25,278.0,270.25,274.95001220703125,274.95001220703125,2037
270.0,284.0,270.0,274.75,274.75,1087
270.0,279.45001220703125,270.0,274.0,274.0,1741
266.54998779296875,278.6499938964844,266.54998779296875,273.20001220703125,273.20001220703125,1385
274.8999938964844,274.8999938964844,270.1000061035156,273.3999938964844,273.3999938964844,643
274.95001220703125,279.3999938964844,270.25,273.1000061035156,273.1000061035156,908
275.0,310.0,273.5,300.1000061035156,300.1000061035156,14503
305.1000061035156,323.0,279.79998779296875,284.1000061035156,284.1000061035156,32054
292.0,298.29998779296875,282.25,291.95001220703125,291.95001220703125,4420
302.8999938964844,302.8999938964844,280.1000061035156,288.1000061035156,288.1000061035156,2679
295.0,313.0,294.0,302.5,302.5,7296
308.79998779296875,311.6000061035156,297.04998779296875,300.6000061035156,300.6000061035156,3977
310.0,334.20001220703125,300.1000061035156,327.8999938964844,327.8999938964844,24549
344.0,345.0,325.54998779296875,340.6000061035156,340.6000061035156,6545
330.0,349.0,330.0,338.6000061035156,338.6000061035156,7432
348.0,348.0,325.1000061035156,329.79998779296875,329.79998779296875,5691
346.0,346.0,327.0,329.3500061035156,329.3500061035156,10928
330.0,344.0,328.0,331.6499938964844,331.6499938964844,9052
330.0,335.0,325.1000061035156,332.75,332.75,13217
339.95001220703125,339.95001220703125,326.0,328.0,328.0,4708
325.1000061035156,330.0,315.54998779296875,318.6000061035156,318.6000061035156,11299
320.0,336.0,319.0,319.75,319.75,22553
327.0,327.0,316.6000061035156,318.29998779296875,318.29998779296875,3901
318.6000061035156,328.45001220703125,316.1000061035156,319.6499938964844,319.6499938964844,5140
320.0,328.79998779296875,318.04998779296875,319.3999938964844,319.3999938964844,9545
320.04998779296875,322.8500061035156,315.0,317.6000061035156,317.6000061035156,3506
312.0,315.0,307.3999938964844,308.8999938964844,308.8999938964844,3728
314.79998779296875,314.79998779296875,296.1000061035156,300.0,300.0,14513
301.0,304.75,295.1000061035156,299.5,299.5,5796
300.0,312.75,298.1000061035156,300.8999938964844,300.8999938964844,6605
18.0,19.0,17.15999984741211,17.440000534057617,17.440000534057617,3864100
17.75,18.18000030517578,16.530000686645508,17.950000762939453,17.950000762939453,709300
17.950000762939453,17.950000762939453,16.65999984741211,16.940000534057617,16.940000534057617,201000
16.950000762939453,17.43000030517578,16.600000381469727,16.760000228881836,16.760000228881836,255500
16.770000457763672,16.781999588012695,14.80500030517578,15.050000190734863,15.050000190734863,423000
15.029999732971191,15.65999984741211,14.65999984741211,15.149999618530272,15.149999618530272,140300
15.100000381469728,15.380000114440918,14.329999923706056,14.739999771118164,14.739999771118164,178100
14.739999771118164,14.890000343322754,14.40999984741211,14.81999969482422,14.81999969482422,102200
14.699999809265137,15.449999809265137,14.5600004196167,15.18000030517578,15.18000030517578,100700
15.079999923706056,15.489999771118164,14.510000228881836,14.600000381469728,14.600000381469728,124100
14.699999809265137,14.979999542236328,13.15999984741211,14.039999961853027,14.039999961853027,112500
14.15999984741211,14.300000190734863,13.024999618530272,13.31999969482422,13.31999969482422,76000
13.15999984741211,13.541999816894531,13.100000381469728,13.1899995803833,13.1899995803833,31100
13.050000190734863,13.479999542236328,12.970000267028809,13.260000228881836,13.260000228881836,221900
13.199999809265137,13.5,12.829999923706056,12.979999542236328,12.979999542236328,84900
13.170000076293944,13.18000030517578,12.130000114440918,12.18000030517578,12.18000030517578,100200
12.869999885559082,13.56999969482422,12.220000267028809,13.4399995803833,13.4399995803833,687700
13.699999809265137,13.899999618530272,13.210000038146973,13.579999923706056,13.579999923706056,226800
13.75,13.954999923706056,12.65999984741211,12.779999732971191,12.779999732971191,162000
12.869999885559082,13.029999732971191,12.324999809265137,12.5,12.5,123300
12.579999923706056,12.989999771118164,12.399999618530272,12.640000343322754,12.640000343322754,99400
12.640000343322754,13.829999923706056,12.640000343322754,13.029999732971191,13.029999732971191,204800
13.039999961853027,13.350000381469728,12.8100004196167,13.0,13.0,69700
12.920000076293944,13.46500015258789,12.550000190734863,12.9399995803833,12.9399995803833,132600
12.800000190734863,12.885000228881836,11.77400016784668,12.600000381469728,12.600000381469728,163900
12.65999984741211,13.086999893188477,11.800000190734863,11.880000114440918,11.880000114440918,121100
11.93000030517578,13.0600004196167,11.890000343322754,13.0,13.0,131000
13.010000228881836,13.399999618530272,12.600000381469728,12.9399995803833,12.9399995803833,219000
12.899999618530272,13.199999809265137,12.6899995803833,12.739999771118164,12.739999771118164,137800
12.6899995803833,13.18000030517578,12.5,12.90999984741211,12.90999984741211,88400
12.859999656677246,13.149999618530272,12.71500015258789,13.050000190734863,13.050000190734863,185700
12.960000038146973,13.279999732971191,12.847000122070312,13.149999618530272,13.149999618530272,125600
13.239999771118164,13.75,13.239999771118164,13.6899995803833,13.6899995803833,181800
13.600000381469728,13.770000457763672,12.720000267028809,12.729999542236328,12.729999542236328,167600
12.800000190734863,13.3100004196167,12.699999809265137,13.119999885559082,13.119999885559082,99700
12.960000038146973,13.015000343322754,12.100000381469728,12.460000038146973,12.460000038146973,116900
12.449999809265137,13.5,12.211000442504885,13.18000030517578,13.18000030517578,135600
13.1899995803833,13.720000267028809,12.793999671936035,13.270000457763672,13.270000457763672,262700
13.199999809265137,13.489999771118164,12.649999618530272,13.210000038146973,13.210000038146973,147400
13.039999961853027,13.470000267028809,12.90999984741211,13.3100004196167,13.3100004196167,87300
13.380000114440918,13.899999618530272,13.380000114440918,13.729999542236328,13.729999542236328,135400
13.75,14.010000228881836,13.635000228881836,13.960000038146973,13.960000038146973,117700
13.850000381469728,13.989999771118164,13.093000411987305,13.460000038146973,13.460000038146973,63800
13.550000190734863,13.550000190734863,12.6899995803833,12.779999732971191,12.779999732971191,112300
12.65999984741211,13.489999771118164,12.520000457763672,13.43000030517578,13.43000030517578,108600
13.4399995803833,13.59000015258789,12.746999740600586,13.010000228881836,13.010000228881836,122700
13.039999961853027,13.550000190734863,12.890000343322754,13.489999771118164,13.489999771118164,126100
13.5,13.699999809265137,13.050000190734863,13.479999542236328,13.479999542236328,296700
13.520000457763672,13.888999938964844,13.199999809265137,13.510000228881836,13.510000228881836,122700
13.68000030517578,13.960000038146973,13.0,13.199999809265137,13.199999809265137,197900
13.279999732971191,13.59000015258789,12.5,12.93000030517578,12.93000030517578,212500
12.899999618530272,13.100000381469728,11.989999771118164,12.130000114440918,12.130000114440918,142600
12.220000267028809,12.390000343322754,11.93000030517578,12.039999961853027,12.039999961853027,178800
12.119999885559082,12.520000457763672,12.01099967956543,12.460000038146973,12.460000038146973,355700
12.619999885559082,13.25,12.550000190734863,12.970000267028809,12.970000267028809,268900
13.329999923706056,13.550000190734863,12.428999900817873,12.539999961853027,12.539999961853027,181000
12.640000343322754,13.75,12.550000190734863,13.699999809265137,13.699999809265137,237900
13.739999771118164,14.010000228881836,13.031999588012695,13.850000381469728,13.850000381469728,221300
13.970000267028809,15.239999771118164,13.911999702453612,15.050000190734863,15.050000190734863,473400
15.1899995803833,15.300000190734863,14.550000190734863,14.720000267028809,14.720000267028809,422700
14.800000190734863,15.029999732971191,12.390000343322754,13.210000038146973,13.210000038146973,361500
13.300000190734863,13.59000015258789,13.109999656677246,13.199999809265137,13.199999809265137,192300
13.220000267028809,13.5,12.770000457763672,12.829999923706056,12.829999923706056,146300
12.869999885559082,13.329999923706056,12.812999725341797,13.229999542236328,13.229999542236328,98500
13.350000381469728,13.850000381469728,13.010000228881836,13.25,13.25,1322000
13.199999809265137,13.399999618530272,12.829999923706056,12.979999542236328,12.979999542236328,356300
13.0,13.399999618530272,12.779999732971191,13.289999961853027,13.289999961853027,67200
13.5,13.550000190734863,12.970000267028809,13.390000343322754,13.390000343322754,77000
13.5,14.359999656677246,13.31999969482422,14.149999618530272,14.149999618530272,226700
14.220000267028809,14.5600004196167,13.510000228881836,13.649999618530272,13.649999618530272,112300
13.579999923706056,13.895000457763672,13.34000015258789,13.539999961853027,13.539999961853027,65200
13.640000343322754,14.579999923706056,13.369999885559082,14.31999969482422,14.31999969482422,136500
14.210000038146973,14.59000015258789,13.66800022125244,14.300000190734863,14.300000190734863,119500
14.300000190734863,14.539999961853027,13.350000381469728,13.470000267028809,13.470000267028809,127000
13.489999771118164,14.13599967956543,13.399999618530272,13.760000228881836,13.760000228881836,56900
14.0,14.65999984741211,13.81999969482422,13.869999885559082,13.869999885559082,71100
13.899999618530272,16.0,13.420000076293944,14.8100004196167,14.8100004196167,336600
14.84000015258789,15.0600004196167,14.170000076293944,14.81999969482422,14.81999969482422,65700
14.800000190734863,15.479999542236328,13.6899995803833,13.90999984741211,13.90999984741211,88400
13.9399995803833,14.329999923706056,13.75,14.010000228881836,14.010000228881836,51200
14.050000190734863,14.050000190734863,13.239999771118164,13.550000190734863,13.550000190734863,87600
13.630000114440918,13.630000114440918,12.5,12.949999809265137,12.949999809265137,238400
12.779999732971191,13.335000038146973,12.460000038146973,12.880000114440918,12.880000114440918,153600
12.989999771118164,13.109999656677246,12.760000228881836,12.960000038146973,12.960000038146973,31900
13.149999618530272,13.350000381469728,12.75,13.300000190734863,13.300000190734863,75000
13.220000267028809,13.270000457763672,12.8100004196167,13.18000030517578,13.18000030517578,26100
13.12399959564209,13.5,12.630000114440918,12.869999885559082,12.869999885559082,39800
12.880000114440918,13.229999542236328,11.850000381469728,11.9399995803833,11.9399995803833,128900
11.960000038146973,12.630000114440918,11.56999969482422,11.6899995803833,11.6899995803833,151200
11.630000114440918,11.979999542236328,11.25,11.399999618530272,11.399999618530272,87300
11.460000038146973,11.75,11.050000190734863,11.489999771118164,11.489999771118164,92600
11.489999771118164,11.579999923706056,11.164999961853027,11.18000030517578,11.18000030517578,73100
11.1899995803833,11.944000244140623,10.5,10.979999542236328,10.979999542236328,167300
11.1899995803833,11.1899995803833,8.70199966430664,9.1899995803833,9.1899995803833,303200
9.210000038146973,9.600000381469728,9.210000038146973,9.270000457763672,9.270000457763672,208400
9.34000015258789,9.600000381469728,8.8100004196167,9.170000076293944,9.170000076293944,135600
9.050000190734863,9.609999656677246,8.899999618530273,9.43000030517578,9.43000030517578,131500
9.25,9.31999969482422,8.59000015258789,8.829999923706055,8.829999923706055,138200
8.970000267028809,9.484999656677246,8.800000190734863,9.369999885559082,9.369999885559082,207900
9.43000030517578,9.8100004196167,9.399999618530272,9.760000228881836,9.760000228881836,58700
9.829999923706056,10.079999923706056,9.609999656677246,9.869999885559082,9.869999885559082,63900
9.960000038146973,9.960000038146973,9.21500015258789,9.329999923706056,9.329999923706056,58600
9.3100004196167,9.774999618530272,8.600000381469727,8.710000038146973,8.710000038146973,109900
8.6899995803833,8.949999809265137,8.170000076293945,8.319999694824219,8.319999694824219,100900
8.390000343322754,8.630000114440918,7.800000190734863,8.300000190734863,8.300000190734863,76300
8.359999656677246,8.670000076293945,7.949999809265137,8.199999809265137,8.199999809265137,78400
8.149999618530273,8.5600004196167,8.010000228881836,8.390000343322754,8.390000343322754,30900
8.4399995803833,8.579999923706055,8.09000015258789,8.399999618530273,8.399999618530273,38300
8.390000343322754,8.680000305175781,8.109999656677246,8.520000457763672,8.520000457763672,36200
8.520000457763672,8.520000457763672,8.020000457763672,8.100000381469727,8.100000381469727,61700
8.1899995803833,8.34000015258789,8.069999694824219,8.210000038146973,8.210000038146973,43200
8.3100004196167,8.489999771118164,8.1899995803833,8.300000190734863,8.300000190734863,38700
8.130000114440918,8.520000457763672,8.130000114440918,8.1899995803833,8.1899995803833,72600
8.220000267028809,8.343999862670898,7.909999847412109,8.050000190734863,8.050000190734863,68100
8.100000381469727,8.199999809265137,7.909999847412109,8.029999732971191,8.029999732971191,85000
8.0600004196167,10.210000038146973,7.889999866485596,9.800000190734863,9.800000190734863,818700
10.380000114440918,11.315999984741213,9.720000267028809,9.989999771118164,9.989999771118164,360200
10.15999984741211,10.364999771118164,9.553999900817873,9.800000190734863,9.800000190734863,92400
10.0600004196167,10.300000190734863,9.600000381469728,9.65999984741211,9.65999984741211,194900
9.720000267028809,10.18000030517578,9.70699977874756,9.920000076293944,9.920000076293944,104400
10.010000228881836,10.069000244140623,9.619999885559082,9.760000228881836,9.760000228881836,120800
9.75,10.229999542236328,9.600000381469728,10.050000190734863,10.050000190734863,152700
10.079999923706056,10.227999687194824,9.600000381469728,9.65999984741211,9.65999984741211,134900
9.869999885559082,10.100000381469728,9.43000030517578,9.460000038146973,9.460000038146973,145900
9.539999961853027,10.086000442504885,9.399999618530272,10.029999732971191,10.029999732971191,244300
10.050000190734863,10.130000114440918,9.380000114440918,9.390000343322754,9.390000343322754,254700
9.4399995803833,9.687000274658203,8.760000228881836,8.9399995803833,8.9399995803833,431300
8.949999809265137,9.390000343322754,8.5,8.885000228881836,8.885000228881836,148700
9.0,9.0,8.100000381469727,8.390000343322754,8.390000343322754,219400
8.399999618530273,8.40999984741211,7.630000114440918,7.739999771118164,7.739999771118164,229300
7.75,7.809999942779541,7.269999980926514,7.519999980926514,7.519999980926514,139400
7.429999828338623,7.718999862670898,7.150000095367432,7.590000152587891,7.590000152587891,167700
7.610000133514404,7.699999809265137,7.199999809265137,7.559999942779541,7.559999942779541,201600
7.760000228881836,7.789999961853027,7.400000095367432,7.699999809265137,7.699999809265137,333200
7.75,7.75,7.260000228881836,7.510000228881836,7.510000228881836,249800
7.510000228881836,7.550000190734863,7.309999942779541,7.429999828338623,7.429999828338623,262600
7.5,7.5,7.110000133514404,7.409999847412109,7.409999847412109,384400
7.449999809265137,7.449999809265137,7.130000114440918,7.21999979019165,7.21999979019165,182100
7.21999979019165,7.21999979019165,6.789999961853027,6.900000095367432,6.900000095367432,138300
6.800000190734863,6.920000076293945,6.599999904632568,6.869999885559082,6.869999885559082,295500
6.909999847412109,6.920000076293945,6.519999980926514,6.599999904632568,6.599999904632568,140600
6.630000114440918,6.940000057220459,6.545000076293945,6.809999942779541,6.809999942779541,152700
6.760000228881836,6.809999942779541,6.369999885559082,6.429999828338623,6.429999828338623,118100
6.46999979019165,6.77400016784668,6.331999778747559,6.599999904632568,6.599999904632568,207200
6.630000114440918,6.763999938964844,6.527999877929688,6.690000057220459,6.690000057220459,169100
6.690000057220459,6.690000057220459,6.239999771118164,6.400000095367432,6.400000095367432,142100
6.5,6.53000020980835,6.25,6.320000171661377,6.320000171661377,150900
6.300000190734863,6.679999828338623,6.25,6.389999866485596,6.389999866485596,243400
6.480000019073486,6.611000061035156,6.28000020980835,6.5,6.5,314900
6.53000020980835,6.619999885559082,6.329999923706055,6.480000019073486,6.480000019073486,397900
6.5,6.6579999923706055,6.420000076293945,6.539999961853027,6.539999961853027,157400
6.519999980926514,6.755000114440918,6.46999979019165,6.489999771118164,6.489999771118164,195000
6.539999961853027,6.829999923706055,6.449999809265137,6.550000190734863,6.550000190734863,273100
6.659999847412109,6.739999771118164,6.559999942779541,6.639999866485596,6.639999866485596,302400
6.710000038146973,7.170000076293945,6.570000171661377,6.880000114440918,6.880000114440918,2491900
7.0,8.149999618530273,6.849999904632568,8.109999656677246,8.109999656677246,1315900
8.149999618530273,8.75,7.570000171661377,8.520000457763672,8.520000457763672,1081800
8.40999984741211,9.039999961853027,8.210000038146973,9.0,9.0,973900
9.039999961853027,9.100000381469728,8.25,8.505000114440918,8.505000114440918,885100
8.399999618530273,9.15999984741211,8.15999984741211,8.989999771118164,8.989999771118164,436100
9.399999618530272,9.550000190734863,8.579999923706055,9.470000267028809,9.470000267028809,663300
9.550000190734863,11.93000030517578,9.43000030517578,11.800000190734863,11.800000190734863,1727600
11.789999961853027,12.390000343322754,10.899999618530272,12.109999656677246,12.109999656677246,1590000
12.140000343322754,12.670000076293944,11.859999656677246,12.65999984741211,12.65999984741211,833000
12.899999618530272,13.010000228881836,12.359999656677246,12.550000190734863,12.550000190734863,865300
12.600000381469728,13.100000381469728,12.149999618530272,12.489999771118164,12.489999771118164,533800
12.470000267028809,12.479999542236328,11.649999618530272,12.210000038146973,12.210000038146973,531100
12.18000030517578,13.920000076293944,12.170000076293944,13.654999732971191,13.654999732971191,1024300
13.789999961853027,15.1899995803833,13.75,14.630000114440918,14.630000114440918,1220500
14.760000228881836,16.520000457763672,14.470000267028809,16.15999984741211,16.15999984741211,1498500
16.260000228881836,18.299999237060547,16.15999984741211,18.18000030517578,18.18000030517578,1458200
18.1299991607666,18.61000061035156,16.829999923706055,17.770000457763672,17.770000457763672,753900
17.75,18.1299991607666,16.610000610351562,16.90999984741211,16.90999984741211,1579000
16.09000015258789,17.014999389648438,16.030000686645508,16.850000381469727,16.850000381469727,1753300
17.020000457763672,17.139999389648438,16.360000610351562,16.639999389648438,16.639999389648438,1290700
16.6200008392334,19.0,16.399999618530273,18.51000022888184,18.51000022888184,1676100
18.700000762939453,20.670000076293945,18.600000381469727,19.65999984741211,19.65999984741211,1531400
22.0,23.670000076293945,9.345000267028809,9.5,9.5,9384700
10.130000114440918,10.5,9.510000228881836,9.579999923706056,9.579999923706056,3631200
9.649999618530272,9.960000038146973,9.300000190734863,9.81999969482422,9.81999969482422,1525200
9.869999885559082,10.1899995803833,9.600000381469728,9.770000457763672,9.770000457763672,906800
9.84000015258789,10.34000015258789,9.600000381469728,10.289999961853027,10.289999961853027,1241900
10.399999618530272,11.1850004196167,10.039999961853027,10.899999618530272,10.899999618530272,1499500
10.84000015258789,11.130000114440918,10.710000038146973,10.970000267028809,10.970000267028809,862100
10.800000190734863,12.550000190734863,10.779999732971191,12.18000030517578,12.18000030517578,1263900
12.25,12.550000190734863,11.609999656677246,12.09000015258789,12.09000015258789,1253000
12.100000381469728,14.949999809265137,11.949999809265137,14.31999969482422,14.31999969482422,5998300
14.890000343322754,16.579999923706055,14.6899995803833,14.90999984741211,14.90999984741211,2237800
14.869999885559082,15.109999656677246,14.420000076293944,14.600000381469728,14.600000381469728,669600
14.449999809265137,14.890000343322754,13.600000381469728,14.729999542236328,14.729999542236328,989900
14.760000228881836,14.765999794006348,13.8100004196167,14.050000190734863,14.050000190734863,784200
14.020000457763672,14.1899995803833,12.920000076293944,13.520000457763672,13.520000457763672,776300
13.3100004196167,14.039999961853027,13.220000267028809,13.890000343322754,13.890000343322754,728300
14.109999656677246,14.34000015258789,12.600000381469728,13.140000343322754,13.140000343322754,726200
12.890000343322754,13.359999656677246,12.699999809265137,13.239999771118164,13.239999771118164,558700
13.020000457763672,13.31999969482422,12.68000030517578,13.270000457763672,13.270000457763672,492000
13.3100004196167,13.859999656677246,12.710000038146973,13.770000457763672,13.770000457763672,743800
13.670000076293944,15.039999961853027,13.300000190734863,15.010000228881836,15.010000228881836,800200
15.050000190734863,15.06999969482422,14.43000030517578,14.729999542236328,14.729999542236328,744000
14.84000015258789,15.039999961853027,14.406000137329102,14.699999809265137,14.699999809265137,476600
15.0,15.050000190734863,13.38599967956543,13.529999732971191,13.529999732971191,912700
13.5,13.600000381469728,12.65999984741211,13.359999656677246,13.359999656677246,520500
13.380000114440918,13.399999618530272,11.4399995803833,11.630000114440918,11.630000114440918,1313100
11.619999885559082,11.65999984741211,10.630000114440918,11.09000015258789,11.09000015258789,1843900
11.1899995803833,11.460000038146973,10.510000228881836,10.68000030517578,10.68000030517578,801400
10.81999969482422,11.1899995803833,10.5,10.630000114440918,10.630000114440918,579200
10.510000228881836,10.850000381469728,10.100000381469728,10.260000228881836,10.260000228881836,565800
10.260000228881836,10.699999809265137,9.859999656677246,10.100000381469728,10.100000381469728,765700
10.15999984741211,10.289999961853027,9.720000267028809,9.93000030517578,9.93000030517578,722800
9.93000030517578,10.017999649047852,9.420000076293944,9.579999923706056,9.579999923706056,994100
9.649999618530272,9.800000190734863,8.770000457763672,9.119999885559082,9.119999885559082,772500
9.119999885559082,9.270000457763672,8.774999618530273,8.960000038146973,8.960000038146973,584900
8.899999618530273,8.972000122070312,8.1899995803833,8.3100004196167,8.3100004196167,727200
8.260000228881836,8.390000343322754,7.809999942779541,8.09000015258789,8.09000015258789,775500
8.100000381469727,8.350000381469727,7.710000038146973,8.220000267028809,8.220000267028809,685400
8.3100004196167,8.6899995803833,8.020000457763672,8.1899995803833,8.1899995803833,538300
8.260000228881836,8.600000381469727,8.029999732971191,8.350000381469727,8.350000381469727,475200
8.420000076293945,8.9399995803833,8.369999885559082,8.6899995803833,8.6899995803833,626000
8.84000015258789,8.930000305175781,8.109999656677246,8.220000267028809,8.220000267028809,719900
8.289999961853027,8.569999694824219,8.1899995803833,8.489999771118164,8.489999771118164,504100
8.489999771118164,8.574999809265137,7.860000133514404,7.960000038146973,7.960000038146973,587400
8.0,8.3100004196167,7.880000114440918,8.260000228881836,8.260000228881836,675200
8.199999809265137,8.4399995803833,7.960000038146973,8.40999984741211,8.40999984741211,495100
8.40999984741211,8.449999809265137,8.100000381469727,8.270000457763672,8.270000457763672,366100
8.300000190734863,8.449999809265137,8.050000190734863,8.180000305175781,8.180000305175781,232700
8.15999984741211,8.329999923706055,7.980000019073486,8.239999771118164,8.239999771118164,386300
8.270000457763672,8.300000190734863,7.929999828338623,8.0600004196167,8.0600004196167,374400
8.079999923706055,8.229999542236328,7.869999885559082,8.010000228881836,8.010000228881836,332900
7.900000095367432,8.329999923706055,7.389999866485596,8.239999771118164,8.239999771118164,407400
8.359999656677246,8.359999656677246,7.849999904632568,8.010000228881836,8.010000228881836,526200
8.050000190734863,8.734000205993652,7.949999809265137,8.0600004196167,8.0600004196167,544400
7.900000095367432,8.119999885559082,7.570000171661377,7.659999847412109,7.659999847412109,691000
7.550000190734863,8.050000190734863,7.400000095367432,8.010000228881836,8.010000228881836,502200
8.199999809265137,8.234000205993652,7.579999923706055,7.920000076293945,7.920000076293945,597900
7.900000095367432,8.170000076293945,7.650000095367432,8.0,8.0,546400
8.069999694824219,8.25,7.78000020980835,8.109999656677246,8.109999656677246,428300
8.25,8.729999542236328,8.020000457763672,8.279999732971191,8.279999732971191,687200
8.079999923706055,8.480999946594238,7.829999923706055,8.020000457763672,8.020000457763672,480700
7.71999979019165,7.920000076293945,7.110000133514404,7.190000057220459,7.190000057220459,531000
8.119999885559082,8.130000114440918,7.0,7.570000171661377,7.570000171661377,502400
7.570000171661377,7.840000152587891,6.289000034332275,6.489999771118164,6.489999771118164,634200
5.949999809265137,6.090000152587891,5.239999771118164,5.420000076293945,5.420000076293945,788000
5.840000152587891,6.199999809265137,5.355999946594238,6.179999828338623,6.179999828338623,608800
5.599999904632568,6.5,5.0,5.050000190734863,5.050000190734863,739400
5.179999828338623,6.0,4.989999771118164,5.820000171661377,5.820000171661377,498900
5.460000038146973,5.949999809265137,5.070000171661377,5.389999866485596,5.389999866485596,365300
5.309999942779541,6.179999828338623,5.25,5.71999979019165,5.71999979019165,471800
5.889999866485596,6.142000198364258,5.25,5.300000190734863,5.300000190734863,420400
5.329999923706055,5.769000053405762,5.300000190734863,5.659999847412109,5.659999847412109,260100
6.010000228881836,6.150000095367432,5.519999980926514,5.960000038146973,5.960000038146973,310000
6.0,6.079999923706055,5.590000152587891,5.820000171661377,5.820000171661377,265400
5.809999942779541,6.300000190734863,5.78000020980835,6.039999961853027,6.039999961853027,327000
5.889999866485596,6.480000019073486,5.715000152587891,6.190000057220459,6.190000057220459,298500
6.389999866485596,6.480000019073486,5.900000095367432,6.179999828338623,6.179999828338623,264000
6.090000152587891,6.315000057220459,5.849999904632568,6.03000020980835,6.03000020980835,316100
5.869999885559082,5.925000190734863,5.21999979019165,5.269999980926514,5.269999980926514,421800
