1202.0,1206.0,1200.0,1202.0,1202.0,1300
1220.0,1230.0,1200.0,1216.0,1216.0,200
1228.0,1318.0,1212.0,1311.0,1311.0,600
1360.0,1360.0,1300.0,1358.0,1358.0,200
1312.0,1336.0,1280.0,1320.0,1320.0,200
1242.0,1350.0,1242.0,1350.0,1350.0,300
1294.0,1356.0,1278.0,1308.0,1308.0,300
1278.0,1336.199951171875,1278.0,1280.0,1280.0,100
1280.0,1296.0,1200.0,1244.0,1244.0,300
1240.0,1284.0,1218.0,1238.0,1238.0,100
1218.0,1258.0,1218.0,1222.0,1222.0,0
1224.0,1260.0,1224.0,1230.0,1230.0,200
1228.0,1312.0,1224.0,1232.0,1232.0,1500
1230.0,1300.0,1200.0,1218.0,1218.0,200
1224.0,1292.0,1224.0,1234.0,1234.0,100
1232.0,1232.0,1202.0,1220.0,1220.0,0
1228.0,1250.0,1228.0,1230.0,1230.0,100
1216.0,1244.0,1126.0,1136.0,1136.0,600
1186.0,1196.0,1138.0,1180.0,1180.0,300
1194.0,1194.0,1062.0,1074.0,1074.0,200
1082.0,1210.0,1082.0,1194.0,1194.0,200
1204.0,1300.0,1150.0,1218.0,1218.0,300
1218.0,1266.0,1218.0,1258.0,1258.0,900
1300.0,1476.0,1250.0,1400.0,1400.0,700
1482.0,1496.0,1328.0,1340.0,1340.0,300
1398.0,1516.0,1342.0,1446.0,1446.0,700
1446.0,1510.0,1231.5999755859375,1302.0,1302.0,600
1240.0,1360.0,1188.0,1208.0,1208.0,200
1208.0,1240.0,1150.0,1220.0,1220.0,100
1228.0,1260.0,1202.0,1241.5999755859375,1241.5999755859375,200
1240.0,1280.0,1202.0,1212.0,1212.0,200
1204.0,1292.0,1162.0,1218.0,1218.0,200
1176.0,1248.0,1160.0,1182.0,1182.0,100
1170.0,1258.0,1163.0,1174.0,1174.0,100
1214.0,1214.0,1150.0,1154.0,1154.0,100
1180.0,1204.800048828125,1172.0,1200.0,1200.0,0
1180.0,1188.0,1170.0,1170.0,1170.0,0
1178.0,1202.0,1154.0,1154.0,1154.0,100
1190.199951171875,1190.199951171875,1150.0,1150.0,1150.0,0
1150.0,1206.0,1096.0,1114.0,1114.0,300
1121.0,1121.0,1060.0,1064.0,1064.0,0
1076.0,1088.0,1040.0,1084.0,1084.0,0
1080.0,1088.0,946.0,964.0,964.0,0
990.0,1036.0,990.0,992.0,992.0,0
1000.0,1054.0,968.0,982.0,982.0,0
987.7999877929688,1008.0,982.0,982.0,982.0,0
988.0,988.0,910.0,950.0,950.0,0
960.0,960.0,920.0,920.0,920.0,0
920.0,930.0,828.0,884.0,884.0,0
850.0,866.0,820.0,834.0,834.0,0
862.0,933.7999877929688,850.0,853.2000122070312,853.2000122070312,0
894.0,926.0,891.0,926.0,926.0,0
928.0,940.0,928.0,940.0,940.0,0
956.0,960.0,858.0,876.0,876.0,0
884.0,950.0,884.0,908.2000122070312,908.2000122070312,0
916.0,1040.0,900.0,910.0,910.0,100
1022.0,1022.0,914.0,936.0,936.0,0
936.0,938.0,932.0,932.0,932.0,0
938.0,944.0,900.0,904.2000122070312,904.2000122070312,0
900.0,901.7999877929688,900.0,900.0,900.0,0
914.0,922.0,902.0,913.2000122070312,913.2000122070312,0
918.0,920.0,842.0,852.0,852.0,0
872.0,932.0,870.0,872.0,872.0,0
928.0,928.0,910.0,926.0,926.0,0
894.5999755859375,934.0,894.0,934.0,934.0,0
908.0,928.0,892.5999755859375,922.0,922.0,0
917.7999877929688,917.7999877929688,880.0,880.0,880.0,0
882.0,886.4000244140625,880.0,880.0,880.0,0
906.0,920.0,870.0,876.0,876.0,0
866.0,866.0,831.0,842.0,842.0,0
842.0,852.0,830.0,838.0,838.0,0
914.0,918.0,850.0,850.0,850.0,0
892.0,936.0,886.0,903.2000122070312,903.2000122070312,0
936.0,940.0,878.0,930.0,930.0,0
926.0,946.0,860.0,860.0,860.0,100
902.0,932.0,884.0,884.0,884.0,0
918.0,946.0,902.0,906.0,906.0,0
956.0,956.0,880.0,880.0,880.0,0
880.0,902.0,880.0,902.0,902.0,0
950.0,950.0,882.0,898.0,898.0,0
900.0,929.7999877929688,880.0,910.0,910.0,0
956.0,960.0,896.0,904.0,904.0,0
900.0,942.0,874.0,894.0,894.0,0
938.0,938.0,890.0,932.0,932.0,0
918.0,927.7999877929688,890.0,903.0,903.0,0
914.0,933.2000122070312,876.0,876.0,876.0,0
874.0,921.2000122070312,850.2000122070312,921.2000122070312,921.2000122070312,0
920.0,920.0,808.0,816.0,816.0,0
864.0,864.0,800.0,800.0,800.0,0
822.0,822.0,770.0,790.0,790.0,0
764.0,764.0,716.2000122070312,722.0,722.0,0
738.0,756.0,730.0,731.5999755859375,731.5999755859375,0
732.0,734.0,732.0,734.0,734.0,0
734.0,749.7999877929688,716.0,746.4000244140625,746.4000244140625,0
752.0,760.0,726.0,730.0,730.0,0
754.0,754.0,726.0,726.0,726.0,100
726.0,726.0,660.0,701.0,701.0,0
694.0,728.0,690.0,722.0,722.0,0
721.0,760.0,714.0,760.0,760.0,100
764.0,938.0,764.0,784.0,784.0,0
816.0,820.0,764.0,796.0,796.0,0
796.0,834.0,780.0,780.0,780.0,0
796.0,796.0,786.0,788.0,788.0,0
796.0,796.0,742.0,775.0,775.0,100
750.0,752.0,702.0,702.0,702.0,0
702.0,702.0,702.0,702.0,702.0,0
762.0,762.0,684.5999755859375,742.0,742.0,0
740.0,740.0,714.4000244140625,722.0,722.0,0
900.0,900.0,792.0,820.0,820.0,200
810.0,820.0,756.0,798.0,798.0,200
796.0,800.0,750.0,790.0,790.0,0
768.0,822.0,758.0,758.0,758.0,0
760.0,794.0,750.0,750.0,750.0,0
810.0,810.0,760.0,776.0,776.0,0
770.0,778.0,751.0,754.0,754.0,0
774.0,774.0,748.0,748.0,748.0,0
750.0,772.0,738.0,738.0,738.0,100
778.0,778.0,742.0,770.0,770.0,100
800.0,800.0,743.7999877929688,762.0,762.0,100
770.0,770.0,744.0,750.7999877929688,750.7999877929688,0
882.0,888.0,754.0,788.0,788.0,100
774.0,800.0,762.0,792.0,792.0,100
776.0,880.0,764.0,832.2000122070312,832.2000122070312,0
832.0,886.0,826.0,870.0,870.0,0
870.0,872.0,856.0,856.0,856.0,0
1000.0,1096.0,882.0,1050.0,1050.0,100
1400.0,1430.0,1152.0,1276.0,1276.0,300
1330.0,1388.0,1200.0,1202.0,1202.0,100
1135.199951171875,1244.0,1118.0,1122.0,1122.0,0
1124.0,1196.0,1124.0,1196.0,1196.0,0
1164.0,1200.0,1160.0,1178.0,1178.0,500
1180.0,1200.0,1176.0,1176.0,1176.0,0
1196.0,1200.0,1146.0,1150.0,1150.0,0
1174.0,1176.0,1140.0,1148.0,1148.0,0
1150.0,1176.0,1146.5999755859375,1174.0,1174.0,0
1130.0,1176.0,1120.0,1160.0,1160.0,0
1121.800048828125,1160.0,1120.0,1124.0,1124.0,0
1120.0,1120.0,1087.199951171875,1100.0,1100.0,0
1065.800048828125,1088.0,1064.4000244140625,1078.4000244140625,1078.4000244140625,200
1089.5999755859375,1148.0,1089.5999755859375,1100.0,1100.0,0
1140.0,1150.0,1088.0,1100.0,1100.0,0
1139.0,1340.0,1139.0,1176.4000244140625,1176.4000244140625,0
1320.0,1320.0,1170.0,1182.0,1182.0,0
1192.0,1230.0,1192.0,1230.0,1230.0,0
1220.0,1220.0,1142.0,1196.0,1196.0,0
1190.0,1229.800048828125,1162.0,1229.800048828125,1229.800048828125,200
1198.0,1230.0,1198.0,1206.0,1206.0,0
1200.0,1216.0,1134.0,1136.0,1136.0,0
1172.0,1180.0,1140.0,1150.0,1150.0,0
1144.0,1149.199951171875,1140.0,1149.199951171875,1149.199951171875,0
1180.0,1180.0,1140.0,1176.0,1176.0,0
1200.0,1220.0,1196.0,1216.0,1216.0,100
1196.0,1218.0,1150.0,1150.0,1150.0,0
1174.0,1174.0,1156.0,1158.0,1158.0,0
1172.0,1180.0,1150.0,1162.0,1162.0,0
1180.0,1200.0,1170.0,1178.0,1178.0,100
1210.0,1210.0,1160.0,1182.4000244140625,1182.4000244140625,100
1170.0,1188.0,1026.0,1100.0,1100.0,400
1120.0,1162.0,1080.0,1088.0,1088.0,0
1090.0,1092.0,1040.0,1046.0,1046.0,0
1066.0,1116.0,1032.0,1060.0,1060.0,0
1068.0,1072.0,1060.0,1070.0,1070.0,0
1060.0,1079.5999755859375,1060.0,1070.0,1070.0,0
1060.0,1108.0,1060.0,1064.0,1064.0,0
1080.0,1100.0,1062.0,1086.0,1086.0,0
1049.0,1118.0,1042.199951171875,1104.0,1104.0,0
1066.0,1127.0,1066.0,1100.0,1100.0,0
1080.0,1200.0,1080.0,1160.0,1160.0,0
1160.0,1174.0,1152.0,1174.0,1174.0,0
1200.0,1212.0,1130.0,1152.0,1152.0,0
1172.0,1210.0,1159.0,1172.0,1172.0,100
1186.0,1224.0,1174.0,1204.0,1204.0,0
1222.0,1222.0,1188.0,1196.0,1196.0,0
1182.0,1224.0,1130.0,1200.0,1200.0,300
1224.0,1224.0,1160.0,1162.0,1162.0,300
1196.0,1196.0,1142.0,1142.0,1142.0,0
1146.0,1146.0,1080.0,1080.0,1080.0,0
1136.0,1188.0,900.0,930.0,930.0,200
930.0,1050.0,928.0,990.0,990.0,0
1016.0,1016.0,954.0,956.0,956.0,0
974.0,1021.7999877929688,940.0,954.0,954.0,0
978.0,996.0,960.0,960.0,960.0,0
952.0,978.0,952.0,968.0,968.0,0
990.0,1058.0,970.7999877929688,980.0,980.0,0
1010.0,1110.0,1000.0,1108.0,1108.0,0
1110.0,1172.0,1060.0,1164.0,1164.0,100
1170.0,1172.0,1059.199951171875,1130.0,1130.0,100
1128.0,1128.0,944.0,1022.0,1022.0,300
1072.0,1150.0,1072.0,1150.0,1150.0,200
1100.0,1208.0,1092.0,1200.0,1200.0,200
1156.0,1190.0,1120.4000244140625,1186.0,1186.0,0
1096.0,1134.4000244140625,1086.0,1116.0,1116.0,0
1130.0,1164.0,1120.0,1140.0,1140.0,0
1168.0,1279.199951171875,1140.0,1210.0,1210.0,300
1100.0,1198.0,1090.0,1172.0,1172.0,100
1176.0,1200.0,1148.0,1162.0,1162.0,0
1186.0,1186.0,1084.0,1084.0,1084.0,0
1142.0,1150.0,1040.0,1096.0,1096.0,100
1078.0,1094.0,1070.0,1086.0,1086.0,100
1044.0,1048.0,970.0,984.0,984.0,200
1000.0,1028.0,972.0,998.0,998.0,100
982.0,1000.0,970.0,972.0,972.0,0
970.0,990.0,956.0,956.0,956.0,0
974.0,974.0,852.0,900.0,900.0,0
918.0,918.0,860.0,866.0,866.0,100
860.0,968.0,818.0,966.0,966.0,100
928.0,968.0,874.0,874.0,874.0,300
882.0,970.0,882.0,930.0,930.0,200
904.0,994.0,880.0,946.0,946.0,200
948.0,1044.0,912.0,942.0,942.0,0
976.0,976.0,924.0,924.0,924.0,0
928.0,969.0,900.0,900.0,900.0,0
902.0,954.4000244140624,900.0,906.0,906.0,0
902.0,936.0,900.0,900.0,900.0,0
912.0,929.5999755859376,910.0,914.0,914.0,0
910.0,989.0,910.0,989.0,989.0,0
916.0,992.4000244140624,912.0,952.0,952.0,0
966.0,986.0,920.0,944.0,944.0,0
962.0,1024.0,952.0,1016.0,1016.0,100
1040.0,1040.0,958.7999877929688,1010.0,1010.0,0
1024.0,1024.0,964.0,992.0,992.0,100
992.0,992.0,910.0,920.0,920.0,0
932.0,1006.0,932.0,946.0,946.0,0
988.0,1000.0,964.0,982.0,982.0,100
988.0,996.0,914.0,960.0,960.0,0
992.0,1034.4000244140625,948.0,972.0,972.0,0
998.0,1038.0,992.0,1028.0,1028.0,100
1026.0,1140.0,1012.0,1112.0,1112.0,200
1100.0,1120.0,1050.0,1078.0,1078.0,0
1098.0,1098.0,992.0,1062.0,1062.0,0
1004.0,1055.199951171875,1000.0,1000.0,1000.0,0
998.0,1030.0,994.0,994.0,994.0,0
1060.0,1060.0,998.0,1044.0,1044.0,0
998.0,1070.4000244140625,998.0,1020.0,1020.0,0
1072.0,1088.0,1040.0,1042.0,1042.0,100
1040.0,1072.0,980.0,980.0,980.0,300
1000.0,1020.0,982.0,1000.0,1000.0,0
1016.0,1044.800048828125,1006.0,1010.0,1010.0,200
1002.0,1078.0,990.0,998.0,998.0,300
1026.0,1030.0,990.0,998.0,998.0,0
1000.0,1010.0,990.0,1004.0,1004.0,0
998.0,1030.0,998.0,1002.0,1002.0,100
1000.0,1020.0,992.0,1003.0,1003.0,100
1008.0,1030.0,1000.0,1030.0,1030.0,0
1044.0,1060.0,1020.0,1052.0,1052.0,0
1057.199951171875,1064.0,1056.0,1056.0,1056.0,0
1032.0,1034.0,1002.0,1022.0,1022.0,0
1038.0,1047.0,990.0,1014.0,1014.0,0
1026.0,1060.0,1020.0,1024.0,1024.0,0
1021.7999877929688,1034.0,1021.7999877929688,1024.0,1024.0,0
1004.0,1024.0,1002.0,1018.0,1018.0,0
1000.0,1018.0,980.0,994.0,994.0,0
1000.0,1008.0,980.0,986.0,986.0,400
1000.0,1009.5999755859376,992.0,1000.0,1000.0,100
990.0,1004.0,990.0,1002.0,1002.0,0
1005.7999877929688,1005.7999877929688,980.0,1000.0,1000.0,100
1000.0,1018.0,996.0,1002.0,1002.0,100
1008.0,1010.0,994.0,1008.0,1008.0,0
1000.0,1013.0,998.0,1002.0,1002.0,100
1004.0,1011.5999755859376,1003.0,1004.0,1004.0,0
990.0,1008.0,980.0,1000.0,1000.0,200
1000.0,1004.0,990.0,996.0,996.0,100
986.0,1000.0,960.0,969.0,969.0,100
958.0,958.0,825.0,856.0,856.0,300
860.0,918.0,850.0,910.0,910.0,0
910.0,964.0,885.2000122070312,954.0,954.0,0
960.0,1000.0,956.0,982.0,982.0,0
968.0,992.0,950.0,972.0,972.0,400
978.0,1000.0,950.0,951.0,951.0,0
940.0,962.0,886.0,920.0,920.0,100
908.0,916.0,856.0,860.0,860.0,100
876.0,934.0,850.0,862.0,862.0,0
872.0,900.0,856.0,864.0,864.0,0
877.2000122070312,928.0,876.0,889.0,889.0,300
896.0,926.0,896.0,920.0,920.0,0
992.0,992.0,906.0,944.0,944.0,900
932.0,940.0,902.0,936.0,936.0,0
967.7999877929688,967.7999877929688,946.0,946.0,946.0,0
940.0,940.0,846.0,866.0,866.0,0
866.0,884.4000244140625,866.0,878.0,878.0,0
868.0,888.0,864.0,888.0,888.0,0
872.0,889.7999877929688,872.0,876.0,876.0,0
886.0,886.0,868.0,880.0,880.0,0
862.0,862.0,862.0,862.0,862.0,0
862.0,862.0,848.0,852.0,852.0,0
846.0,990.0,808.0,914.0,914.0,300
900.0,960.0,830.0,862.0,862.0,400
830.0,899.2000122070312,704.0,706.0,706.0,300
700.0,778.0,700.0,700.0,700.0,0
751.0,751.0,684.0,712.0,712.0,0
730.0,730.0,700.0,702.0,702.0,100
740.0,740.0,670.0,674.0,674.0,0
676.0,698.0,668.0,688.0,688.0,0
680.0,686.0,668.7999877929688,668.7999877929688,668.7999877929688,0
680.0,680.0,650.0,667.0,667.0,0
660.0,676.0,658.0,672.0,672.0,0
664.0,694.0,664.0,694.0,694.0,100
694.0,694.0,660.0,675.0,675.0,0
680.0,682.0,662.0,666.0,666.0,0
678.0,716.0,672.0,690.0,690.0,0
794.0,794.0,676.0,707.0,707.0,0
696.0,760.0,690.0,760.0,760.0,0
760.0,788.4000244140625,716.0,740.0,740.0,0
754.0,798.0,752.0,762.0,762.0,0
790.0,792.0,756.0,766.0,766.0,0
786.0,832.0,766.0,784.0,784.0,600
794.0,800.0,784.0,788.0,788.0,100
798.0,798.0,770.0,786.0,786.0,0
786.0,798.0,770.0,772.0,772.0,0
784.0,827.2000122070312,760.0,760.0,760.0,0
780.0,780.0,770.0,780.0,780.0,0
772.0,834.0,766.0,778.0,778.0,0
778.0,812.0,764.0,776.0,776.0,0
784.0,784.0,740.0,740.0,740.0,0
791.7999877929688,791.7999877929688,726.0,726.0,726.0,100
790.0,790.0,720.0,734.0,734.0,0
801.2000122070312,801.2000122070312,720.0,738.0,738.0,0
764.0,764.0,730.0,734.0,734.0,0
740.0,740.0,728.0,728.0,728.0,0
754.0,754.0,726.0,728.0,728.0,100
770.0,788.0,630.0,634.0,634.0,300
634.0,674.0,630.0,636.0,636.0,0
634.0,644.0,604.0,604.0,604.0,0
624.0,640.0,622.0,626.0,626.0,0
680.0,688.0,642.0,662.0,662.0,0
650.0,678.0,650.0,651.4000244140625,651.4000244140625,0
652.0,700.0,648.0,650.0,650.0,200
652.0,776.0,652.0,672.0,672.0,0
684.0,712.0,664.0,678.0,678.0,0
686.0,712.0,658.0,670.0,670.0,0
700.0,746.0,682.0,702.0,702.0,0
724.0,736.0,716.0,722.0,722.0,0
740.0,747.5999755859375,714.0,747.5999755859375,747.5999755859375,0
752.0,796.0,730.0,730.0,730.0,100
750.0,750.0,710.0,710.0,710.0,0
720.0,720.0,680.0,684.0,684.0,0
720.0,740.0,670.0,698.0,698.0,100
706.0,706.0,610.0,617.7999877929688,617.7999877929688,100
648.0,760.0,642.0,756.0,756.0,200
748.0,754.0,644.0,680.0,680.0,400
682.0,682.0,646.0,664.0,664.0,0
693.0,694.0,670.0,680.0,680.0,0
720.0,764.0,690.0,693.0,693.0,200
706.0,723.0,678.0,684.0,684.0,0
684.0,726.0,660.0,662.0,662.0,100
666.0,680.0,630.0,636.0,636.0,100
658.0,678.0,632.0,644.0,644.0,100
648.0,690.0,636.0,664.0,664.0,400
716.0,716.0,651.0,673.7999877929688,673.7999877929688,0
780.0,998.0,750.0,834.0,834.0,4600
946.0,1020.0,844.0,878.0,878.0,15000
870.0,1076.0,862.0,1000.0,1000.0,7700
1020.0,1026.0,920.0,960.0,960.0,3300
960.0,1040.0,940.0,978.0,978.0,4100
1004.0,1022.0,984.0,1016.0,1016.0,2600
1056.0,1268.0,1038.800048828125,1188.0,1188.0,15600
1220.0,1592.0,1200.0,1558.0,1558.0,34200
1530.0,1530.0,1306.0,1416.0,1416.0,13900
1510.0,1534.0,1070.0,1138.0,1138.0,10200
1180.0,1180.5999755859375,942.0,1030.0,1030.0,4100
1040.0,1066.0,922.0,938.0,938.0,2100
950.0,1106.0,950.0,992.0,992.0,9800
994.0,1024.0,900.0,992.0,992.0,3300
948.0,948.0,860.0,880.0,880.0,1800
906.0,924.0,804.0,826.0,826.0,1500
804.0,868.0,750.0,846.0,846.0,1300
854.0,874.0,796.0,826.0,826.0,800
836.0,848.0,812.0,838.0,838.0,500
834.0,898.0,828.0,844.0,844.0,600
840.0,896.0,840.0,878.0,878.0,1700
884.0,1046.0,876.0,944.0,944.0,4500
936.0,938.0,878.0,900.0,900.0,1100
900.0,932.0,866.0,896.0,896.0,700
890.0,890.0,820.0,858.0,858.0,500
846.0,869.5999755859375,798.0,810.0,810.0,400
820.0,820.0,760.0,782.0,782.0,700
814.0,870.0,789.0,838.0,838.0,600
830.0,856.0,786.2000122070312,814.0,814.0,400
830.0,856.0,798.0,844.0,844.0,900
840.0,908.0,826.2000122070312,842.0,842.0,800
838.0,844.0,800.0,818.0,818.0,400
820.0,850.0,792.0,840.0,840.0,400
870.0,886.0,816.0,870.0,870.0,500
892.0,924.0,884.0,906.0,906.0,700
904.0,908.0,864.0,886.0,886.0,400
894.0,912.0,842.0,866.0,866.0,200
856.0,874.0,822.0,858.0,858.0,200
864.0,864.0,830.0,844.0,844.0,200
822.0,886.7999877929688,822.0,858.0,858.0,300
848.0,890.0,834.4000244140625,886.0,886.0,200
880.0,954.0,872.0,936.0,936.0,1500
954.0,966.0,916.0,950.0,950.0,800
942.0,992.0,940.0,950.0,950.0,700
948.0,958.0,870.0,938.0,938.0,2500
944.0,966.0,900.0,930.0,930.0,1700
932.0,954.0,882.0,916.0,916.0,1400
916.0,924.0,886.0,900.0,900.0,1000
890.0,958.0,884.0,940.0,940.0,400
946.0,988.0,900.2000122070312,916.0,916.0,600
916.0,930.0,900.0,912.0,912.0,400
912.0,916.0,850.0,880.0,880.0,600
896.0,924.0,873.5999755859375,902.0,902.0,500
920.0,962.0,902.0,958.0,958.0,1000
968.0,968.0,878.0,894.0,894.0,500
888.0,888.0,780.0,800.0,800.0,1800
802.0,808.0,760.0,766.0,766.0,600
772.0,790.0,743.2000122070312,750.0,750.0,600
756.0,784.0,740.0,764.0,764.0,300
766.0,782.0,740.0,762.0,762.0,600
756.0,764.0,712.0,712.0,712.0,600
700.0,716.0,656.0,686.0,686.0,400
690.0,706.0,650.0,676.0,676.0,300
676.0,680.0,640.0,672.0,672.0,500
682.0,734.0,674.0,700.0,700.0,600
710.0,744.0,710.0,728.0,728.0,600
743.7999877929688,743.7999877929688,704.0,722.0,722.0,300
726.0,766.0,710.0,734.0,734.0,500
736.0,765.7999877929688,730.0,736.0,736.0,200
734.0,824.0,734.0,824.0,824.0,1200
838.0,844.5999755859375,804.0,824.0,824.0,400
816.0,892.0,764.0,864.0,864.0,1000
874.0,890.0,844.0,854.0,854.0,400
846.0,876.0,814.0,828.0,828.0,300
832.0,860.0,820.0,848.0,848.0,200
852.0,879.4000244140625,826.0,846.0,846.0,100
850.0,870.0,846.0,864.0,864.0,300
872.0,872.0,846.0,866.0,866.0,300
876.0,876.0,846.0,858.0,858.0,200
850.0,862.0,812.0,830.0,830.0,400
824.0,850.0,788.0,820.0,820.0,900
824.0,856.0,824.0,848.0,848.0,100
842.0,854.0,806.0,812.0,812.0,100
824.0,824.0,770.0,800.0,800.0,400
798.0,800.0,762.0,794.0,794.0,200
780.0,828.0,780.0,782.0,782.0,800
772.0,778.0,730.0,732.0,732.0,200
724.0,730.0,702.0,728.0,728.0,400
724.0,728.0,702.0,712.0,712.0,0
718.0,718.0,682.0,706.0,706.0,600
702.0,706.0,662.0,666.0,666.0,300
658.0,681.2000122070312,634.0,634.0,634.0,300
634.0,668.0,628.0,656.0,656.0,300
656.0,770.0,656.0,706.0,706.0,800
688.0,726.0,624.0,706.0,706.0,700
714.0,736.7999877929688,648.0,662.0,662.0,800
652.0,662.0,626.0,626.0,626.0,300
630.0,660.0,620.7999877929688,650.0,650.0,300
652.0,656.0,640.0,652.0,652.0,200
648.0,660.0,646.0,646.0,646.0,100
648.0,654.0,628.0,648.0,648.0,100
648.0,668.0,630.0,654.0,654.0,100
650.0,661.7999877929688,642.0,650.0,650.0,100
658.0,658.0,636.0,648.0,648.0,200
648.0,676.0,644.0,672.0,672.0,100
682.0,684.0,674.0,674.0,674.0,100
678.0,700.0,675.4000244140625,692.0,692.0,0
690.0,720.0,656.0,668.0,668.0,300
662.0,700.0,640.0,686.0,686.0,200
700.0,744.0,700.0,718.0,718.0,200
716.0,732.0,702.0,714.0,714.0,0
710.0,769.7999877929688,702.7999877929688,750.0,750.0,300
752.0,774.0,720.0,728.0,728.0,100
723.4000244140625,742.0,704.0,710.0,710.0,100
714.0,714.0,667.0,680.0,680.0,200
690.0,690.0,650.0,654.0,654.0,200
652.0,702.0,652.0,696.0,696.0,200
692.0,720.0,680.0,696.0,696.0,200
712.0,840.0,694.0,802.0,802.0,1100
806.0,809.0,750.0,784.0,784.0,200
780.0,858.0,780.0,828.0,828.0,800
854.0,873.7999877929688,764.0,786.0,786.0,900
796.0,810.0,770.0,784.0,784.0,200
786.0,836.0,780.0,810.0,810.0,200
814.0,830.0,776.0,800.0,800.0,100
770.0,794.4000244140625,736.0,764.0,764.0,300
760.0,784.0,710.0,776.0,776.0,400
820.0,868.0,800.0,864.0,864.0,600
884.0,884.0,848.0,864.0,864.0,500
860.0,882.0,822.0,838.0,838.0,200
836.0,880.0,816.0,872.0,872.0,200
872.0,879.0,842.0,860.0,860.0,200
862.0,862.0,816.0,818.0,818.0,100
816.0,843.5999755859375,784.0,806.0,806.0,400
804.0,844.0,794.0,818.0,818.0,200
818.0,842.0,800.0,806.0,806.0,200
816.0,833.5999755859375,772.0,804.0,804.0,500
802.0,802.0,710.0,730.0,730.0,400
732.0,764.0,720.0,746.0,746.0,400
750.0,750.4000244140625,720.0,732.0,732.0,100
772.0,801.2000122070312,726.0,740.0,740.0,700
746.0,770.0,730.0,754.0,754.0,400
754.0,790.0,754.0,762.0,762.0,300
772.0,792.0,750.0,754.0,754.0,200
760.0,780.0,740.0,740.0,740.0,200
750.0,767.0,738.0,752.0,752.0,200
762.0,800.0,738.0,780.0,780.0,300
780.0,832.0,780.0,814.0,814.0,500
818.0,864.5999755859375,790.0,802.0,802.0,300
804.0,812.0,784.0,802.0,802.0,200
810.0,852.0,810.0,828.0,828.0,500
828.0,842.0,762.0,806.0,806.0,600
814.0,814.0,782.0,790.0,790.0,200
798.0,978.0,786.0,946.0,946.0,3900
970.0,973.7999877929688,910.0,924.0,924.0,1700
948.0,970.0,890.0,898.0,898.0,700
896.0,910.4000244140624,855.0,864.0,864.0,800
874.0,874.0,824.0,870.0,870.0,400
878.0,896.0,862.0,874.0,874.0,300
876.0,907.0,845.0,856.0,856.0,600
864.0,865.7999877929688,720.0,758.0,758.0,1600
760.0,778.7999877929688,758.0,768.0,768.0,1100
890.0,1090.0,820.0,1070.0,1070.0,16000
456.0,464.0,390.0,430.0,430.0,64800
440.0,450.0,412.0,424.0,424.0,10900
420.0,420.0,400.0,404.0,404.0,8400
406.0,410.0,402.0,406.0,406.0,3100
408.0,410.6000061035156,400.0,408.0,408.0,4800
408.0,408.0,400.0,406.0,406.0,2900
406.0,418.0,394.0,414.0,414.0,3100
412.0,412.0,402.0,406.0,406.0,1200
402.0,407.0,392.0,396.0,396.0,2200
396.0,396.0,363.2000122070313,370.0,370.0,2800
360.0,368.0,340.0,342.0,342.0,5100
346.0,358.0,330.0,342.0,342.0,1500
334.0,340.0,324.0,330.0,330.0,3900
328.0,332.0,324.0,328.0,328.0,1200
332.0,332.0,310.0,316.0,316.0,3000
342.0,394.0,340.0,364.0,364.0,17600
384.0,384.0,330.0,336.0,336.0,4700
352.0,356.0,332.0,338.0,338.0,1800
348.0,350.0,322.0,328.0,328.0,1500
330.0,336.0,320.0,330.0,330.0,900
332.0,340.0,320.0,334.0,334.0,2000
340.0,344.0,324.0,334.0,334.0,900
326.0,340.0,322.0,330.0,330.0,700
332.0,338.0,326.0,326.0,326.0,1100
336.0,352.0,332.0,352.0,352.0,1500
360.0,360.0,336.0,342.0,342.0,700
344.0,354.0,332.0,340.0,340.0,600
340.0,356.0,338.0,346.0,346.0,800
352.0,356.0,342.0,352.0,352.0,800
350.0,358.0,342.0,348.0,348.0,400
348.0,352.0,342.0,346.0,346.0,300
352.0,354.0,340.0,350.0,350.0,300
350.0,350.0,330.0,334.0,334.0,500
334.0,348.0,334.0,343.0,343.0,300
344.0,345.79998779296875,324.0,328.0,328.0,600
330.0,338.0,320.0,328.0,328.0,400
326.0,328.0,320.79998779296875,324.0,324.0,400
330.0,340.0,315.6000061035156,316.0,316.0,1000
310.0,324.0,290.0,296.0,296.0,1300
294.0,294.0,278.0,282.0,282.0,900
274.0,286.0,242.0,248.0,248.0,1700
248.0,278.0,246.0,254.0,254.0,1600
256.0,274.0,250.0,254.0,254.0,1700
256.0,264.0,249.8000030517578,250.0,250.0,1700
252.0,264.0,250.0,256.0,256.0,600
258.0,273.6000061035156,257.0,264.0,264.0,1500
264.0,270.0,242.0,244.0,244.0,1700
248.0,252.0,243.1999969482422,250.0,250.0,600
250.0,252.0,226.0,228.0,228.0,1100
230.0,236.0,200.0,214.0,214.0,1300
214.0,220.0,202.0,212.0,212.0,1000
206.0,220.0,196.0,206.0,206.0,1200
206.0,216.0,200.0,200.0,200.0,800
204.0,214.0,194.0,200.0,200.0,900
198.1999969482422,200.0,176.0,179.8000030517578,179.8000030517578,500
178.0,188.1999969482422,176.0,180.0,180.0,800
180.0,198.0,180.0,196.6000061035156,196.6000061035156,800
197.1999969482422,210.0,170.0,184.0,184.0,1300
170.0,200.0,168.0,194.0,194.0,700
208.0,212.0,180.0,208.0,208.0,1600
214.0,228.0,196.0,224.0,224.0,1700
230.0,242.0,228.0,239.1999969482422,239.1999969482422,1500
244.0,250.0,226.0,244.0,244.0,1100
246.0,248.0,236.0,244.0,244.0,600
242.0,244.0,236.0,244.0,244.0,400
244.0,244.0,242.0,242.0,242.0,300
258.0,258.0,242.0,247.3999938964844,247.3999938964844,500
248.0,256.0,242.0,248.0,248.0,400
248.0,248.0,242.0,242.0,242.0,200
254.0,254.0,242.0,248.0,248.0,0
250.0,250.0,244.0,246.0,246.0,200
246.0,248.0,242.0,246.0,246.0,600
246.0,246.0,240.0,240.0,240.0,300
240.0,242.3999938964844,236.0,240.0,240.0,200
232.0,241.1999969482422,232.0,232.0,232.0,200
230.0,238.1999969482422,230.0,232.0,232.0,500
236.0,244.0,234.0,240.3999938964844,240.3999938964844,600
246.0,290.0,240.0,290.0,290.0,2500
300.0,300.0,260.0,262.0,262.0,1700
260.0,260.0,250.0,258.0,258.0,400
254.0,268.0,250.0,252.0,252.0,500
252.0,256.0,250.0,252.0,252.0,600
252.0,256.0,244.0,244.0,244.0,500
238.1999969482422,252.0,238.0,252.0,252.0,100
254.0,264.0,242.0,246.0,246.0,200
244.0,262.0,244.0,250.0,250.0,300
250.0,256.0,240.0,244.0,244.0,200
242.0,256.0,242.0,244.0,244.0,400
240.1999969482422,247.0,240.0,244.0,244.0,300
236.1999969482422,242.0,230.0,236.0,236.0,200
236.0,244.0,236.0,240.0,240.0,200
240.0,242.1999969482422,226.0,236.0,236.0,500
234.0,238.0,220.0,222.0,222.0,600
222.1999969482422,224.0,204.0,214.0,214.0,800
216.0,230.0,212.0,230.0,230.0,200
228.0,244.0,226.1999969482422,240.0,240.0,300
240.0,248.0,232.0,242.0,242.0,200
246.0,250.0,238.0,248.0,248.0,200
246.0,248.0,234.0,240.0,240.0,400
236.0,248.0,232.0,232.0,232.0,300
234.0,240.8000030517578,222.0,234.0,234.0,200
238.0,238.0,222.0,238.0,238.0,200
232.3999938964844,236.1999969482422,228.0,230.0,230.0,100
230.0,236.0,222.0,222.0,222.0,300
220.0,231.1999969482422,212.0,212.0,212.0,300
214.0,226.0,212.0,216.0,216.0,500
214.0,222.0,212.0,212.0,212.0,200
214.0,238.0,212.0,230.0,230.0,600
224.0,232.0,215.8000030517578,220.0,220.0,200
218.0,230.0,214.0,224.0,224.0,300
240.0,248.0,214.0,218.0,218.0,1000
220.0,232.0,220.0,226.0,226.0,100
224.0,228.0,218.0,226.0,226.0,100
224.0,250.0,220.0,236.0,236.0,300
238.0,242.0,230.0,232.0,232.0,200
232.0,240.0,232.0,234.0,234.0,100
238.0,242.0,234.0,238.0,238.0,300
242.0,278.0,242.0,254.0,254.0,1000
254.0,264.0,234.0,240.0,240.0,1200
250.0,254.0,238.0,252.0,252.0,300
248.0,256.0,239.3999938964844,242.0,242.0,200
240.0,246.1999969482422,236.0,238.0,238.0,200
242.0,248.0,230.0,234.0,234.0,300
232.0,242.0,228.0,230.0,230.0,300
190.0,194.1999969482422,182.0,186.8000030517578,186.8000030517578,12800
187.0,190.0,184.0,184.0,184.0,1900
185.0,187.0,182.0,184.0,184.0,3700
184.3999938964844,188.0,182.1999969482422,184.0,184.0,1500
186.0,186.0,184.0,184.0,184.0,900
182.0,185.8000030517578,182.0,184.0,184.0,200
208.0,212.0,182.8000030517578,188.0,188.0,21100
184.0,184.0,164.1999969482422,170.0,170.0,7000
174.0,174.0,158.0,159.0,159.0,2900
159.0,163.1999969482422,148.0,153.0,153.0,3700
160.0,168.0,150.1999969482422,153.8000030517578,153.8000030517578,1300
152.0,154.0,148.0,148.0,148.0,1900
144.0,148.0,132.0,133.0,133.0,2900
138.8000030517578,138.8000030517578,132.60000610351562,138.0,138.0,1400
150.0,161.39999389648438,132.8000030517578,135.0,135.0,2200
136.0,140.60000610351562,134.0,138.0,138.0,1000
143.8000030517578,169.8000030517578,138.39999389648438,156.0,156.0,13100
162.0,172.0,150.0,168.0,168.0,11300
186.0,190.0,161.0,177.8000030517578,177.8000030517578,16800
174.0,175.8000030517578,164.0,169.0,169.0,7400
172.0,180.0,167.8000030517578,174.8000030517578,174.8000030517578,4500
177.0,186.0,176.0,182.0,182.0,4000
184.0,192.0,180.6000061035156,186.8000030517578,186.8000030517578,5200
189.8000030517578,189.8000030517578,170.60000610351562,180.0,180.0,3700
177.8000030517578,186.0,172.0,176.0,176.0,1500
173.8000030517578,180.0,168.0,178.0,178.0,2300
179.39999389648438,186.0,174.1999969482422,180.0,180.0,1300
180.0,182.0,174.0,174.8000030517578,174.8000030517578,700
178.8000030517578,183.6000061035156,174.0,181.0,181.0,1800
183.6000061035156,192.0,177.8000030517578,186.0,186.0,3000
184.0,188.0,182.0,185.0,185.0,1100
184.8000030517578,188.0,182.1999969482422,184.0,184.0,1000
178.0,186.0,176.0,184.0,184.0,1100
176.60000610351562,185.8000030517578,174.0,178.0,178.0,1600
176.0,176.0,166.60000610351562,172.8000030517578,172.8000030517578,1400
174.0,174.0,160.0,162.0,162.0,1600
160.0,161.8000030517578,124.1999969482422,150.0,150.0,2700
156.0,156.60000610351562,150.0,153.0,153.0,900
156.0,158.0,144.0,150.0,150.0,800
150.0,154.0,132.0,144.60000610351562,144.60000610351562,1900
163.8000030517578,163.8000030517578,146.39999389648438,150.0,150.0,2100
145.1999969482422,162.0,143.1999969482422,154.0,154.0,1500
160.0,160.0,148.0,156.8000030517578,156.8000030517578,500
158.0,158.0,150.0,150.0,150.0,900
148.8000030517578,160.0,147.0,154.0,154.0,400
154.8000030517578,160.0,150.0,156.0,156.0,500
160.0,160.0,144.0,146.0,146.0,1600
148.0,148.0,136.1999969482422,146.0,146.0,1000
145.0,154.0,138.0,154.0,154.0,1400
148.1999969482422,154.0,144.0,154.0,154.0,600
149.0,154.0,140.0,144.39999389648438,144.39999389648438,1400
146.0,146.0,138.0,144.0,144.0,1100
138.0,144.1999969482422,138.0,142.0,142.0,400
140.39999389648438,144.60000610351562,138.0,144.0,144.0,1000
142.0,148.0,140.0,142.0,142.0,600
140.0,142.0,136.0,140.0,140.0,600
142.0,142.0,138.0,141.0,141.0,200
144.0,144.1999969482422,140.0,144.0,144.0,500
146.0,146.0,144.0,144.0,144.0,400
134.0,146.0,132.0,140.0,140.0,700
146.0,146.0,138.0,140.39999389648438,140.39999389648438,500
136.0,141.0,136.0,137.0,137.0,300
139.0,141.8000030517578,132.0,132.0,132.0,900
139.8000030517578,139.8000030517578,130.0,132.0,132.0,500
130.0,136.0,125.0,128.0,128.0,900
130.0,135.0,130.0,131.0,131.0,200
126.1999969482422,136.0,126.1999969482422,133.60000610351562,133.60000610351562,200
136.0,136.0,130.0,133.60000610351562,133.60000610351562,200
138.0,138.0,134.0,136.0,136.0,100
130.0,138.0,127.0,128.39999389648438,128.39999389648438,700
130.0,132.39999389648438,127.0,127.0,127.0,1300
130.8000030517578,130.8000030517578,120.0,120.1999969482422,120.1999969482422,1400
121.0,121.5999984741211,120.1999969482422,121.0,121.0,1200
123.8000030517578,123.8000030517578,120.0,122.4000015258789,122.4000015258789,800
123.0,124.0,121.0,122.0,122.0,1300
121.1999969482422,123.0,120.4000015258789,122.0,122.0,100
120.0,122.0,120.0,122.0,122.0,300
122.1999969482422,123.0,122.0,123.0,123.0,100
124.0,134.0,122.0,133.0,133.0,2100
132.0,134.0,131.0,134.0,134.0,1500
130.0,134.0,128.39999389648438,133.0,133.0,500
134.0,134.0,132.0,134.0,134.0,400
134.0,134.0,124.0,134.0,134.0,800
133.8000030517578,148.0,128.0,147.60000610351562,147.60000610351562,7000
146.0,148.0,133.0,138.0,138.0,3300
128.0,138.0,126.1999969482422,129.0,129.0,1400
130.0,130.0,120.5999984741211,130.0,130.0,1300
130.0,130.0,124.1999969482422,130.0,130.0,600
131.0,131.8000030517578,124.0,130.0,130.0,400
131.8000030517578,131.8000030517578,125.1999969482422,130.0,130.0,1200
132.0,138.8000030517578,130.0,138.0,138.0,1300
139.0,158.0,138.0,146.0,146.0,3900
151.1999969482422,152.0,140.39999389648438,146.0,146.0,1000
146.0,152.0,146.0,148.0,148.0,1500
148.0,151.8000030517578,142.0,143.0,143.0,500
142.0,148.0,142.0,147.0,147.0,200
152.0,152.0,140.0,151.60000610351562,151.60000610351562,1100
156.0,176.0,152.0,166.8000030517578,166.8000030517578,10400
168.0,194.0,155.0,185.6000061035156,185.6000061035156,20800
180.0,193.8000030517578,163.0,169.1999969482422,169.1999969482422,4900
175.8000030517578,175.8000030517578,162.1999969482422,166.0,166.0,1200
166.0,170.0,164.0,164.0,164.0,700
159.0,166.0,156.0,164.0,164.0,1900
164.39999389648438,184.0,164.39999389648438,175.1999969482422,175.1999969482422,1300
175.1999969482422,180.0,172.0,176.8000030517578,176.8000030517578,1100
172.8000030517578,179.0,168.0,172.1999969482422,172.1999969482422,600
172.0,180.0,169.0,174.0,174.0,400
177.1999969482422,177.1999969482422,172.0,173.0,173.0,200
172.0,178.0,170.0,175.60000610351562,175.60000610351562,300
178.0,178.0,172.0,174.0,174.0,900
178.0,184.0,172.0,177.0,177.0,1300
180.0,184.0,172.0,174.0,174.0,1000
172.8000030517578,182.0,168.0,168.1999969482422,168.1999969482422,1400
168.0,172.0,162.0,166.0,166.0,700
166.0,168.39999389648438,156.0,156.0,156.0,900
156.0,160.0,150.0,155.1999969482422,155.1999969482422,300
156.0,162.0,155.0,158.0,158.0,500
160.0,160.0,140.0,154.0,154.0,900
159.60000610351562,164.0,150.0,159.8000030517578,159.8000030517578,700
166.0,166.0,152.60000610351562,161.0,161.0,500
161.60000610351562,164.0,156.0,162.0,162.0,0
160.0,164.0,152.8000030517578,157.39999389648438,157.39999389648438,200
157.1999969482422,157.1999969482422,144.1999969482422,152.0,152.0,1300
152.1999969482422,154.0,144.0,150.0,150.0,400
150.0,157.1999969482422,150.0,154.0,154.0,0
152.0,156.0,148.0,150.0,150.0,100
147.8000030517578,154.0,145.60000610351562,148.0,148.0,200
148.0,156.0,145.0,145.0,145.0,500
145.0,152.0,143.0,143.1999969482422,143.1999969482422,200
144.0,144.1999969482422,132.0,133.1999969482422,133.1999969482422,1000
133.1999969482422,136.0,130.0,133.60000610351562,133.60000610351562,800
134.0,138.0,128.0,129.0,129.0,1300
129.0,138.0,129.0,129.0,129.0,800
124.0,134.0,124.0,130.0,130.0,1300
133.0,133.0,126.0,130.0,130.0,200
130.0,130.0,126.0,130.0,130.0,700
130.0,130.0,128.0,130.0,130.0,600
130.0,134.0,126.5999984741211,127.0,127.0,1200
130.0,149.39999389648438,127.1999969482422,145.0,145.0,7700
150.1999969482422,150.1999969482422,135.0,138.8000030517578,138.8000030517578,2700
144.0,144.0,134.0,137.8000030517578,137.8000030517578,900
141.39999389648438,141.39999389648438,134.39999389648438,137.8000030517578,137.8000030517578,600
137.8000030517578,140.0,134.39999389648438,134.8000030517578,134.8000030517578,500
136.0,137.8000030517578,134.0,136.0,136.0,600
140.0,148.0,134.0,144.0,144.0,3400
144.0,148.0,142.0,143.8000030517578,143.8000030517578,1100
146.0,146.0,140.0,142.0,142.0,1100
142.0,146.0,140.0,143.0,143.0,1200
150.0,150.0,138.39999389648438,138.39999389648438,138.39999389648438,800
141.0,144.0,138.0,138.0,138.0,800
140.0,144.0,138.0,140.0,140.0,800
142.0,146.0,140.39999389648438,142.0,142.0,1000
150.0,164.0,142.0,163.0,163.0,9600
164.0,166.0,150.0,158.0,158.0,2900
159.1999969482422,159.1999969482422,140.0,146.0,146.0,2600
146.0,148.0,141.8000030517578,146.0,146.0,700
153.1999969482422,162.0,146.8000030517578,159.8000030517578,159.8000030517578,8400
157.8000030517578,168.39999389648438,156.0,164.0,164.0,3900
162.0,172.0,162.0,168.0,168.0,2600
172.0,178.0,167.0,174.0,174.0,2600
176.0,190.0,175.0,176.0,176.0,5500
178.0,189.8000030517578,174.0,189.6000061035156,189.6000061035156,3100
189.6000061035156,189.6000061035156,182.0,188.0,188.0,2600
186.0,189.8000030517578,183.3999938964844,188.0,188.0,1200
187.8000030517578,188.0,183.0,187.0,187.0,1300
187.8000030517578,188.0,176.0,182.3999938964844,182.3999938964844,1800
182.0,184.0,170.0,173.1999969482422,173.1999969482422,2400
178.8000030517578,179.1999969482422,173.0,174.0,174.0,500
174.1999969482422,178.60000610351562,162.39999389648438,167.0,167.0,2000
168.8000030517578,168.8000030517578,160.0,166.0,166.0,1800
174.0,178.0,156.0,158.0,158.0,2100
158.0,168.0,152.39999389648438,160.0,160.0,1800
163.0,163.0,156.0,158.0,158.0,2000
156.39999389648438,158.0,151.0,158.0,158.0,1600
159.60000610351562,160.0,152.39999389648438,154.1999969482422,154.1999969482422,1300
154.0,166.0,150.8000030517578,156.0,156.0,700
159.0,159.0,150.39999389648438,155.8000030517578,155.8000030517578,2000
160.1999969482422,162.0,152.1999969482422,158.0,158.0,1500
157.60000610351562,162.0,155.0,155.0,155.0,1600
161.0,161.0,149.0,152.0,152.0,2800
155.0,156.0,146.0,150.0,150.0,1000
147.1999969482422,153.0,144.0,148.0,148.0,1400
148.0,149.39999389648438,140.39999389648438,146.0,146.0,1200
146.8000030517578,154.0,140.0,145.60000610351562,145.60000610351562,2300
142.0,145.0,138.0,141.60000610351562,141.60000610351562,1300
141.60000610351562,143.0,134.1999969482422,142.0,142.0,1200
142.0,143.0,136.0,136.0,136.0,1700
136.0,142.0,130.1999969482422,137.0,137.0,4100
138.0,149.8000030517578,138.0,146.60000610351562,146.60000610351562,6100
152.0,152.0,144.0,147.8000030517578,147.8000030517578,4200
148.0,150.0,144.0,146.0,146.0,1600
152.0,166.0,148.39999389648438,160.0,160.0,9700
162.0,165.0,154.0,161.60000610351562,161.60000610351562,5600
168.0,172.0,162.1999969482422,166.0,166.0,6100
170.0,172.0,162.39999389648438,164.0,164.0,6000
166.60000610351562,174.0,164.1999969482422,171.0,171.0,6600
174.0,187.0,172.1999969482422,186.0,186.0,9200
188.0,190.0,164.0,165.0,165.0,13900
76.0,94.0,76.0,85.5999984741211,85.5999984741211,39200
88.0,106.0,86.0,93.5999984741211,93.5999984741211,17500
100.8000030517578,100.8000030517578,85.0,89.80000305175781,89.80000305175781,7400
95.0,95.0,84.0,87.0,87.0,5200
88.0,89.0,80.0,85.0,85.0,6500
87.80000305175781,88.0,82.4000015258789,84.19999694824219,84.19999694824219,3700
84.19999694824219,86.0,77.0,80.0,80.0,4200
78.4000015258789,80.0,76.0,78.80000305175781,78.80000305175781,1700
79.19999694824219,87.0,78.19999694824219,83.19999694824219,83.19999694824219,5300
84.0,85.4000015258789,80.0,83.80000305175781,83.80000305175781,2200
82.0,98.0,79.0,96.0,96.0,8900
94.5999984741211,96.0,84.4000015258789,92.0,92.0,4200
92.0,93.5999984741211,86.0,88.0,88.0,2300
88.0,93.0,88.0,88.0,88.0,3300
91.0,91.0,84.0,90.0,90.0,2100
90.0,92.0,86.0,90.0,90.0,1900
90.5999984741211,93.0,86.19999694824219,91.1999969482422,91.1999969482422,1400
93.4000015258789,99.0,90.0,96.4000015258789,96.4000015258789,8000
92.4000015258789,109.5999984741211,90.4000015258789,100.8000030517578,100.8000030517578,12600
100.0,103.5999984741211,92.0,92.1999969482422,92.1999969482422,5300
92.0,96.0,90.0,93.0,93.0,2400
100.0,132.0,95.0,123.8000030517578,123.8000030517578,55500
124.0,124.0,106.0,118.1999969482422,118.1999969482422,11700
118.0,126.0,112.0,124.0,124.0,7500
124.0,130.0,116.0,119.8000030517578,119.8000030517578,8500
100.0,112.0,98.5999984741211,106.0,106.0,11100
103.0,104.0,97.0,100.0,100.0,4000
100.0,104.0,94.1999969482422,96.5999984741211,96.5999984741211,3100
94.8000030517578,96.0,90.5999984741211,95.8000030517578,95.8000030517578,2300
96.0,104.0,94.0,96.8000030517578,96.8000030517578,2700
101.8000030517578,101.8000030517578,94.0,99.0,99.0,1400
98.0,102.0,94.1999969482422,96.0,96.0,1700
96.0,100.0,94.4000015258789,97.5999984741211,97.5999984741211,1900
97.5999984741211,103.0,94.4000015258789,101.1999969482422,101.1999969482422,3700
104.0,110.0,100.0,102.0,102.0,4900
105.4000015258789,105.4000015258789,99.8000030517578,100.0,100.0,2100
100.0,106.0,100.0,102.0,102.0,1100
105.0,105.0,97.0,102.1999969482422,102.1999969482422,2700
102.4000015258789,103.4000015258789,98.0,101.5999984741211,101.5999984741211,1100
102.0,102.0,96.1999969482422,97.8000030517578,97.8000030517578,2100
98.0,98.8000030517578,96.1999969482422,97.4000015258789,97.4000015258789,800
98.0,102.0,96.0,98.8000030517578,98.8000030517578,4800
80.0,80.19999694824219,74.19999694824219,76.5999984741211,76.5999984741211,15700
78.0,79.0,75.0,75.80000305175781,75.80000305175781,6100
76.4000015258789,76.4000015258789,67.19999694824219,74.4000015258789,74.4000015258789,7500
70.0,72.4000015258789,68.0,68.0,68.0,7200
70.0,70.0,58.20000076293945,62.0,62.0,6000
60.0,64.0,60.0,60.79999923706055,60.79999923706055,5100
64.4000015258789,67.5999984741211,60.0,61.0,61.0,8900
65.0,65.0,60.400001525878906,62.0,62.0,4500
64.0,64.0,50.0,53.0,53.0,9200
56.79999923706055,60.0,54.79999923706055,58.79999923706055,58.79999923706055,3100
60.79999923706055,70.0,60.0,66.80000305175781,66.80000305175781,9100
68.0,70.0,59.79999923706055,60.79999923706055,60.79999923706055,8000
61.79999923706055,61.79999923706055,58.0,58.20000076293945,58.20000076293945,5000
60.0,61.0,56.20000076293945,57.400001525878906,57.400001525878906,4900
58.0,58.0,52.59999847412109,54.0,54.0,6400
55.59999847412109,55.59999847412109,50.59999847412109,53.0,53.0,4500
54.0,54.0,51.400001525878906,52.20000076293945,52.20000076293945,3500
53.79999923706055,55.0,51.59999847412109,52.59999847412109,52.59999847412109,3300
58.0,58.0,50.0,52.0,52.0,7900
53.59999847412109,53.59999847412109,47.20000076293945,49.0,49.0,6100
50.0,54.79999923706055,47.79999923706055,52.0,52.0,17700
55.0,58.0,48.0,50.0,50.0,13100
50.0,66.4000015258789,48.20000076293945,63.20000076293945,63.20000076293945,64400
61.79999923706055,64.0,55.0,59.59999847412109,59.59999847412109,27100
57.0,58.0,52.0,54.400001525878906,54.400001525878906,13500
54.0,55.20000076293945,51.20000076293945,52.0,52.0,6800
54.0,58.0,51.0,56.20000076293945,56.20000076293945,11300
58.0,59.0,53.59999847412109,54.20000076293945,54.20000076293945,7600
52.59999847412109,55.79999923706055,51.20000076293945,54.79999923706055,54.79999923706055,5600
54.79999923706055,54.79999923706055,50.0,50.400001525878906,50.400001525878906,13300
30.0,36.79999923706055,27.200000762939453,33.0,33.0,54900
32.79999923706055,33.0,28.399999618530277,30.799999237060547,30.799999237060547,20500
30.0,31.399999618530277,27.600000381469727,31.200000762939453,31.200000762939453,19200
32.0,36.20000076293945,28.020000457763672,30.799999237060547,30.799999237060547,13800
31.399999618530277,34.20000076293945,29.0,33.79999923706055,33.79999923706055,16700
34.79999923706055,34.79999923706055,30.200000762939453,30.200000762939453,30.200000762939453,9700
30.600000381469727,61.59999847412109,30.200000762939453,35.0,35.0,155400
33.20000076293945,36.59999847412109,29.600000381469727,34.0,34.0,17900
34.0,35.79999923706055,33.060001373291016,35.0,35.0,7900
35.0,35.599998474121094,33.599998474121094,33.599998474121094,33.599998474121094,5600
33.79999923706055,35.0,32.79999923706055,34.20000076293945,34.20000076293945,6900
34.20000076293945,35.439998626708984,32.0,32.0,32.0,5100
32.79999923706055,33.20000076293945,30.799999237060547,32.0,32.0,5300
32.0,32.0,29.600000381469727,30.600000381469727,30.600000381469727,5100
30.399999618530277,31.399999618530277,29.399999618530277,29.399999618530277,29.399999618530277,3200
29.600000381469727,31.0,29.200000762939453,30.200000762939453,30.200000762939453,2400
29.799999237060547,30.0,28.0,28.0,28.0,3500
28.200000762939453,28.399999618530277,24.399999618530277,26.799999237060547,26.799999237060547,5700
27.200000762939453,27.600000381469727,25.200000762939453,27.600000381469727,27.600000381469727,3100
27.399999618530277,27.399999618530277,25.600000381469727,26.0,26.0,3500
25.799999237060547,27.0,25.600000381469727,25.799999237060547,25.799999237060547,2300
26.0,27.0,24.600000381469727,25.399999618530277,25.399999618530277,2600
26.200000762939453,26.600000381469727,25.0,25.799999237060547,25.799999237060547,2200
25.799999237060547,27.799999237060547,25.799999237060547,27.0,27.0,4800
27.200000762939453,30.0,27.200000762939453,28.399999618530277,28.399999618530277,3600
29.57999992370605,31.0,28.399999618530277,29.0,29.0,8700
28.799999237060547,29.0,28.200000762939453,28.799999237060547,28.799999237060547,2900
28.600000381469727,28.600000381469727,27.200000762939453,27.600000381469727,27.600000381469727,1700
27.399999618530277,27.799999237060547,26.200000762939453,27.399999618530277,27.399999618530277,2900
27.200000762939453,28.200000762939453,26.799999237060547,27.799999237060547,27.799999237060547,900
27.799999237060547,28.799999237060547,26.799999237060547,27.81999969482422,27.81999969482422,1900
28.399999618530277,28.399999618530277,27.200000762939453,28.020000457763672,28.020000457763672,700
28.0,29.600000381469727,27.6200008392334,29.200000762939453,29.200000762939453,4200
29.0,34.0,28.5,29.399999618530277,29.399999618530277,21000
29.600000381469727,30.600000381469727,27.57999992370605,29.799999237060547,29.799999237060547,3500
29.799999237060547,29.799999237060547,27.6200008392334,28.0,28.0,2900
34.0,49.0,32.79999923706055,36.20000076293945,36.20000076293945,524900
41.0,44.0,37.59999847412109,39.59999847412109,39.59999847412109,132900
39.0,40.0,35.599998474121094,38.0,38.0,26000
37.79999923706055,37.81999969482422,35.599998474121094,36.59999847412109,36.59999847412109,7300
37.20000076293945,37.59999847412109,34.599998474121094,37.0,37.0,11300
36.79999923706055,37.0,34.400001525878906,35.400001525878906,35.400001525878906,8700
35.20000076293945,37.0,32.20000076293945,34.0,34.0,16200
32.400001525878906,34.599998474121094,31.600000381469727,31.799999237060547,31.799999237060547,11800
31.200000762939453,32.29999923706055,29.0,29.200000762939453,29.200000762939453,7300
29.200000762939453,30.200000762939453,29.0,29.399999618530277,29.399999618530277,10000
30.0,31.600000381469727,29.399999618530277,29.979999542236328,29.979999542236328,14000
29.799999237060547,29.799999237060547,28.21999931335449,29.0,29.0,7600
29.600000381469727,30.600000381469727,27.399999618530277,28.399999618530277,28.399999618530277,13400
28.200000762939453,29.200000762939453,25.399999618530277,26.0,26.0,41000
26.799999237060547,26.799999237060547,23.600000381469727,23.979999542236328,23.979999542236328,15600
24.200000762939453,24.200000762939453,22.600000381469727,23.799999237060547,23.799999237060547,14100
23.600000381469727,25.399999618530277,21.799999237060547,24.399999618530277,24.399999618530277,22500
24.399999618530277,26.399999618530277,23.600000381469727,25.600000381469727,25.600000381469727,29900
25.399999618530277,26.0,23.600000381469727,25.399999618530277,25.399999618530277,13200
25.799999237060547,26.799999237060547,25.0,26.200000762939453,26.200000762939453,10900
27.0,27.0,25.0,25.399999618530277,25.399999618530277,11700
25.600000381469727,26.0,25.0,25.0,25.0,4700
24.799999237060547,24.979999542236328,23.76000022888184,24.0,24.0,8500
24.799999237060547,24.799999237060547,23.799999237060547,23.799999237060547,23.799999237060547,3500
23.600000381469727,26.3799991607666,23.600000381469727,24.200000762939453,24.200000762939453,20900
24.200000762939453,25.600000381469727,23.100000381469727,23.600000381469727,23.600000381469727,4900
23.399999618530277,24.600000381469727,23.200000762939453,23.600000381469727,23.600000381469727,2200
23.600000381469727,24.0,23.399999618530277,23.600000381469727,23.600000381469727,2900
23.600000381469727,24.57999992370605,22.600000381469727,23.0,23.0,5200
23.600000381469727,23.600000381469727,22.399999618530277,23.0,23.0,5100
20.0,20.600000381469727,17.020000457763672,18.0,18.0,20500
18.399999618530277,19.200000762939453,17.440000534057617,17.979999542236328,17.979999542236328,7100
17.200000762939453,18.459999084472656,17.200000762939453,17.700000762939453,17.700000762939453,4000
17.600000381469727,17.739999771118164,16.799999237060547,16.799999237060547,16.799999237060547,3700
16.600000381469727,16.600000381469727,15.15999984741211,15.800000190734863,15.800000190734863,7600
16.200000762939453,17.0,15.5,15.800000190734863,15.800000190734863,4400
15.460000038146973,16.899999618530273,15.199999809265137,15.399999618530272,15.399999618530272,2700
15.399999618530272,16.0,15.0600004196167,15.399999618530272,15.399999618530272,3500
16.0,16.360000610351562,15.399999618530272,15.399999618530272,15.399999618530272,4500
15.600000381469728,16.200000762939453,15.199999809265137,15.600000381469728,15.600000381469728,4500
16.399999618530273,27.0,12.800000190734863,14.0,14.0,178000
15.199999809265137,15.199999809265137,13.0,13.600000381469728,13.600000381469728,23000
13.600000381469728,14.359999656677246,13.0,13.199999809265137,13.199999809265137,15300
13.199999809265137,13.600000381469728,12.600000381469728,12.779999732971191,12.779999732971191,10300
13.079999923706056,14.960000038146973,11.600000381469728,12.18000030517578,12.18000030517578,66700
12.600000381469728,13.600000381469728,11.920000076293944,12.600000381469728,12.600000381469728,21400
12.279999732971191,14.199999809265137,12.279999732971191,14.199999809265137,14.199999809265137,14100
12.399999618530272,13.18000030517578,10.960000038146973,11.199999809265137,11.199999809265137,55000
6.599999904632568,6.599999904632568,5.400000095367432,5.920000076293945,5.920000076293945,345300
6.099999904632568,6.199999809265137,5.5,5.599999904632568,5.599999904632568,112500
5.699999809265137,5.699999809265137,5.21999979019165,5.5,5.5,63900
5.699999809265137,5.699999809265137,5.300000190734863,5.340000152587891,5.340000152587891,35400
5.579999923706055,5.579999923706055,5.300000190734863,5.519999980926514,5.519999980926514,26900
5.579999923706055,5.599999904632568,5.420000076293945,5.460000038146973,5.460000038146973,26600
5.599999904632568,5.639999866485596,5.400000095367432,5.599999904632568,5.599999904632568,27400
5.440000057220459,5.619999885559082,5.320000171661377,5.460000038146973,5.460000038146973,25500
5.599999904632568,5.599999904632568,5.199999809265137,5.28000020980835,5.28000020980835,24600
5.380000114440918,5.380000114440918,5.0,5.179999828338623,5.179999828338623,21000
5.199999809265137,5.460000038146973,5.019999980926514,5.179999828338623,5.179999828338623,26700
5.099999904632568,5.300000190734863,5.099999904632568,5.239999771118164,5.239999771118164,15100
5.480000019073486,6.0,5.21999979019165,5.579999923706055,5.579999923706055,68300
5.78000020980835,5.880000114440918,5.480000019073486,5.639999866485596,5.639999866485596,23000
5.800000190734863,5.800000190734863,5.440000057220459,5.599999904632568,5.599999904632568,24300
5.440000057220459,6.0,5.440000057220459,5.539999961853027,5.539999961853027,40700
5.760000228881836,5.760000228881836,5.420000076293945,5.599999904632568,5.599999904632568,21800
5.539999961853027,5.679999828338623,5.420000076293945,5.579999923706055,5.579999923706055,19800
5.539999961853027,5.679999828338623,5.099999904632568,5.300000190734863,5.300000190734863,23900
5.440000057220459,5.599999904632568,5.0,5.199999809265137,5.199999809265137,24800
5.400000095367432,5.400000095367432,5.0,5.079999923706055,5.079999923706055,11200
5.5,5.5,5.019999980926514,5.199999809265137,5.199999809265137,22100
5.400000095367432,5.599999904632568,5.199999809265137,5.579999923706055,5.579999923706055,25200
5.579999923706055,5.579999923706055,4.699999809265137,4.860000133514404,4.860000133514404,46400
4.800000190734863,4.880000114440918,4.599999904632568,4.800000190734863,4.800000190734863,11400
4.840000152587891,5.0,4.800000190734863,4.900000095367432,4.900000095367432,7400
4.900000095367432,5.099999904632568,4.800000190734863,4.920000076293945,4.920000076293945,6000
4.900000095367432,5.5,4.880000114440918,5.039999961853027,5.039999961853027,23200
5.360000133514404,5.460000038146973,5.139999866485596,5.340000152587891,5.340000152587891,28400
5.460000038146973,6.099999904632568,5.300000190734863,5.800000190734863,5.800000190734863,74000
5.940000057220459,6.400000095367432,5.119999885559082,5.340000152587891,5.340000152587891,75700
6.0,6.0,5.320000171661377,5.579999923706055,5.579999923706055,19100
5.78000020980835,5.78000020980835,5.400000095367432,5.599999904632568,5.599999904632568,17700
5.420000076293945,5.78000020980835,5.400000095367432,5.599999904632568,5.599999904632568,13500
6.300000190734863,6.900000095367432,6.199999809265137,6.599999904632568,6.599999904632568,516600
6.760000228881836,6.760000228881836,6.0,6.139999866485596,6.139999866485596,118300
6.400000095367432,6.400000095367432,5.639999866485596,5.860000133514404,5.860000133514404,67500
5.800000190734863,5.800000190734863,5.099999904632568,5.760000228881836,5.760000228881836,45500
5.599999904632568,5.599999904632568,5.400000095367432,5.559999942779541,5.559999942779541,18200
5.420000076293945,5.699999809265137,5.300000190734863,5.699999809265137,5.699999809265137,15900
5.800000190734863,5.800000190734863,5.400000095367432,5.400000095367432,5.400000095367432,11600
5.440000057220459,9.100000381469728,5.440000057220459,8.699999809265137,8.699999809265137,1164200
7.139999866485596,7.800000190734863,6.0,6.21999979019165,6.21999979019165,384600
6.400000095367432,6.619999885559082,5.599999904632568,5.800000190734863,5.800000190734863,145000
6.300000190734863,6.300000190734863,5.800000190734863,6.0,6.0,39300
6.199999809265137,6.199999809265137,5.480000019073486,5.840000152587891,5.840000152587891,46400
5.739999771118164,6.599999904632568,5.5,5.840000152587891,5.840000152587891,54800
5.880000114440918,6.199999809265137,5.639999866485596,5.760000228881836,5.760000228881836,50300
6.0,6.079999923706055,5.800000190734863,6.0,6.0,39600
5.800000190734863,5.920000076293945,5.639999866485596,5.840000152587891,5.840000152587891,22700
6.0,6.0,5.639999866485596,5.679999828338623,5.679999828338623,43900
6.0,6.0,5.699999809265137,5.699999809265137,5.699999809265137,31700
5.880000114440918,7.5,5.800000190734863,6.320000171661377,6.320000171661377,292000
6.400000095367432,6.599999904632568,6.019999980926514,6.099999904632568,6.099999904632568,50100
6.199999809265137,8.0,6.019999980926514,7.300000190734863,7.300000190734863,393700
7.559999942779541,10.199999809265137,7.400000095367432,8.579999923706055,8.579999923706055,683400
8.5,8.84000015258789,7.199999809265137,7.800000190734863,7.800000190734863,204100
7.199999809265137,9.779999732971191,7.0,8.760000228881836,8.760000228881836,259900
8.880000114440918,9.199999809265137,8.0,8.800000190734863,8.800000190734863,64900
8.399999618530273,9.720000267028809,8.0,9.399999618530272,9.399999618530272,133400
9.420000076293944,17.0,9.399999618530272,12.800000190734863,12.800000190734863,1863700
13.0,13.899999618530272,10.5,11.979999542236328,11.979999542236328,335200
12.279999732971191,12.300000190734863,9.300000190734863,10.0,10.0,239800
10.0,15.0,9.399999618530272,13.600000381469728,13.600000381469728,573200
15.5600004196167,20.0,14.460000038146973,19.600000381469727,19.600000381469727,1772800
28.0,39.400001525878906,25.200000762939453,27.600000381469727,27.600000381469727,3824100
31.200000762939453,37.400001525878906,25.600000381469727,29.600000381469727,29.600000381469727,2321400
27.0,27.600000381469727,21.0,23.399999618530277,23.399999618530277,1072500
21.0,21.0,16.600000381469727,17.0,17.0,677300
18.0,24.799999237060547,18.0,19.200000762939453,19.200000762939453,1064900
21.399999618530277,22.600000381469727,19.26000022888184,20.200000762939453,20.200000762939453,308200
18.399999618530277,19.600000381469727,18.0,18.899999618530277,18.899999618530277,182300
18.0,18.600000381469727,15.199999809265137,16.459999084472656,16.459999084472656,193500
15.640000343322754,15.899999618530272,13.020000457763672,14.199999809265137,14.199999809265137,204300
13.0,16.799999237060547,11.68000030517578,14.399999618530272,14.399999618530272,286900
14.0,15.899999618530272,13.0,13.920000076293944,13.920000076293944,161900
13.9399995803833,14.699999809265137,12.0,12.539999961853027,12.539999961853027,125200
13.0,13.199999809265137,12.600000381469728,12.739999771118164,12.739999771118164,81600
12.800000190734863,19.600000381469727,12.65999984741211,19.0,19.0,852200
15.859999656677246,17.799999237060547,15.0,15.199999809265137,15.199999809265137,321800
16.0,17.0,15.199999809265137,16.0,16.0,125400
15.31999969482422,15.600000381469728,14.800000190734863,15.34000015258789,15.34000015258789,74900
14.760000228881836,15.300000190734863,14.0,14.119999885559082,14.119999885559082,79100
13.800000190734863,14.699999809265137,13.600000381469728,14.380000114440918,14.380000114440918,53500
14.199999809265137,14.300000190734863,13.399999618530272,13.640000343322754,13.640000343322754,47900
14.199999809265137,14.199999809265137,12.979999542236328,13.380000114440918,13.380000114440918,39100
13.0,14.199999809265137,12.899999618530272,13.359999656677246,13.359999656677246,66900
13.220000267028809,13.5600004196167,11.800000190734863,12.600000381469728,12.600000381469728,61600
13.399999618530272,13.65999984741211,12.0,12.399999618530272,12.399999618530272,67700
12.220000267028809,12.800000190734863,8.600000381469727,10.859999656677246,10.859999656677246,127000
11.399999618530272,11.399999618530272,9.600000381469728,10.079999923706056,10.079999923706056,46400
12.0600004196167,15.300000190734863,12.0600004196167,13.699999809265137,13.699999809265137,685300
13.640000343322754,13.640000343322754,11.65999984741211,12.079999923706056,12.079999923706056,193900
14.0600004196167,16.600000381469727,13.399999618530272,13.960000038146973,13.960000038146973,340800
14.399999618530272,14.399999618530272,12.600000381469728,13.460000038146973,13.460000038146973,89500
13.0,13.199999809265137,12.239999771118164,12.5,12.5,73000
12.399999618530272,12.5600004196167,11.399999618530272,11.800000190734863,11.800000190734863,110600
11.399999618530272,12.5,11.399999618530272,12.18000030517578,12.18000030517578,177200
11.920000076293944,12.199999809265137,11.220000267028809,11.699999809265137,11.699999809265137,127300
11.420000076293944,11.979999542236328,11.119999885559082,11.760000228881836,11.760000228881836,68200
11.5600004196167,11.899999618530272,10.539999961853027,11.18000030517578,11.18000030517578,81000
12.220000267028809,12.399999618530272,11.199999809265137,11.300000190734863,11.300000190734863,182100
11.220000267028809,11.800000190734863,11.0,11.079999923706056,11.079999923706056,73400
10.979999542236328,10.979999542236328,10.15999984741211,10.65999984741211,10.65999984741211,64300
9.960000038146973,10.199999809265137,9.119999885559082,9.300000190734863,9.300000190734863,144700
9.199999809265137,9.399999618530272,8.220000267028809,9.380000114440918,9.380000114440918,130900
9.199999809265137,9.579999923706056,8.800000190734863,9.039999961853027,9.039999961853027,70400
9.239999771118164,9.380000114440918,8.300000190734863,8.699999809265137,8.699999809265137,49100
8.619999885559082,9.0,8.260000228881836,8.260000228881836,8.260000228881836,36400
8.199999809265137,8.220000267028809,7.579999923706055,7.800000190734863,7.800000190734863,54600
7.5,8.199999809265137,7.400000095367432,7.699999809265137,7.699999809265137,41600
7.800000190734863,8.0,6.400000095367432,7.139999866485596,7.139999866485596,59300
7.21999979019165,7.21999979019165,6.099999904632568,6.21999979019165,6.21999979019165,48900
7.360000133514404,8.800000190734863,6.400000095367432,7.699999809265137,7.699999809265137,142200
7.0,8.0,7.0,7.820000171661377,7.820000171661377,53800
8.100000381469727,8.199999809265137,7.400000095367432,8.0,8.0,28700
8.34000015258789,10.5600004196167,8.319999694824219,9.720000267028809,9.720000267028809,130300
9.699999809265137,10.84000015258789,9.0,9.119999885559082,9.119999885559082,119800
9.0,9.600000381469728,9.0,9.079999923706056,9.079999923706056,46600
9.199999809265137,9.880000114440918,9.199999809265137,9.5,9.5,41200
9.600000381469728,10.600000381469728,9.539999961853027,9.800000190734863,9.800000190734863,43900
10.0,10.020000457763672,9.199999809265137,9.279999732971191,9.279999732971191,47600
9.399999618530272,9.699999809265137,9.0,9.220000267028809,9.220000267028809,43800
9.119999885559082,9.239999771118164,8.0,9.199999809265137,9.199999809265137,43700
9.020000457763672,9.15999984741211,8.600000381469727,8.899999618530273,8.899999618530273,16500
8.880000114440918,9.199999809265137,8.5,8.5,8.5,21900
9.119999885559082,9.119999885559082,8.300000190734863,8.619999885559082,8.619999885559082,24100
9.0,10.899999618530272,8.800000190734863,9.300000190734863,9.300000190734863,410800
10.0,10.0,8.199999809265137,8.760000228881836,8.760000228881836,200100
8.760000228881836,8.920000076293945,8.199999809265137,8.34000015258789,8.34000015258789,55100
8.399999618530273,8.600000381469727,7.599999904632568,8.180000305175781,8.180000305175781,76500
7.900000095367432,8.180000305175781,7.699999809265137,7.960000038146973,7.960000038146973,39600
10.600000381469728,10.699999809265137,8.5600004196167,9.0,9.0,618600
8.619999885559082,8.899999618530273,8.100000381469727,8.800000190734863,8.800000190734863,95500
8.800000190734863,9.0,8.300000190734863,8.819999694824219,8.819999694824219,42200
9.0,9.0,8.399999618530273,8.5600004196167,8.5600004196167,46700
8.399999618530273,8.880000114440918,8.199999809265137,8.65999984741211,8.65999984741211,70800
8.4399995803833,8.800000190734863,8.399999618530273,8.600000381469727,8.600000381469727,45400
8.800000190734863,8.800000190734863,8.399999618530273,8.4399995803833,8.4399995803833,28100
8.800000190734863,9.0,8.5,8.899999618530273,8.899999618530273,83200
9.0,9.5,8.800000190734863,9.0600004196167,9.0600004196167,50500
9.380000114440918,9.399999618530272,8.460000038146973,8.579999923706055,8.579999923706055,56600
8.600000381469727,9.0,8.460000038146973,9.0,9.0,44600
8.619999885559082,9.0,8.600000381469727,8.619999885559082,8.619999885559082,21600
8.880000114440918,9.0,8.600000381469727,8.739999771118164,8.739999771118164,24700
8.199999809265137,8.399999618530273,6.960000038146973,7.099999904632568,7.099999904632568,241100
7.400000095367432,7.460000038146973,6.800000190734863,7.21999979019165,7.21999979019165,83600
8.600000381469727,9.399999618530272,7.559999942779541,7.880000114440918,7.880000114440918,579200
7.579999923706055,7.880000114440918,7.28000020980835,7.400000095367432,7.400000095367432,78600
7.340000152587891,7.579999923706055,7.199999809265137,7.460000038146973,7.460000038146973,39600
7.599999904632568,7.599999904632568,7.239999771118164,7.5,7.5,34100
7.260000228881836,7.5,7.199999809265137,7.199999809265137,7.199999809265137,40000
7.300000190734863,7.340000152587891,7.199999809265137,7.21999979019165,7.21999979019165,21400
7.21999979019165,7.380000114440918,7.059999942779541,7.199999809265137,7.199999809265137,31900
7.059999942779541,7.199999809265137,7.059999942779541,7.119999885559082,7.119999885559082,21700
7.400000095367432,7.599999904632568,7.079999923706055,7.5,7.5,52300
7.400000095367432,8.199999809265137,7.21999979019165,7.78000020980835,7.78000020980835,108900
8.199999809265137,8.199999809265137,7.360000133514404,8.0,8.0,47300
7.599999904632568,7.980000019073486,7.360000133514404,7.539999961853027,7.539999961853027,32300
7.440000057220459,7.800000190734863,7.300000190734863,7.559999942779541,7.559999942779541,20000
7.360000133514404,7.5,7.039999961853027,7.159999847412109,7.159999847412109,36900
7.039999961853027,7.199999809265137,6.800000190734863,6.920000076293945,6.920000076293945,27700
7.199999809265137,8.0,6.860000133514404,7.380000114440918,7.380000114440918,116700
7.340000152587891,7.400000095367432,7.059999942779541,7.400000095367432,7.400000095367432,677100
7.599999904632568,7.800000190734863,7.400000095367432,7.78000020980835,7.78000020980835,1747600
7.78000020980835,8.300000190734863,7.559999942779541,8.100000381469727,8.100000381469727,2722300
8.0,8.199999809265137,7.619999885559082,7.78000020980835,7.78000020980835,934700
8.15999984741211,9.199999809265137,7.78000020980835,8.100000381469727,8.100000381469727,4192900
7.900000095367432,8.300000190734863,7.539999961853027,7.599999904632568,7.599999904632568,1190300
7.21999979019165,7.599999904632568,7.019999980926514,7.320000171661377,7.320000171661377,862300
7.320000171661377,8.100000381469727,6.320000171661377,7.940000057220459,7.940000057220459,1947800
7.239999771118164,7.800000190734863,7.239999771118164,7.579999923706055,7.579999923706055,387200
7.559999942779541,7.559999942779541,6.860000133514404,7.340000152587891,7.340000152587891,602000
7.199999809265137,7.28000020980835,7.039999961853027,7.179999828338623,7.179999828338623,276000
7.0,7.360000133514404,7.0,7.139999866485596,7.139999866485596,300000
7.139999866485596,7.199999809265137,6.599999904632568,6.960000038146973,6.960000038146973,810000
6.639999866485596,7.0,6.599999904632568,6.820000171661377,6.820000171661377,617300
6.699999809265137,6.800000190734863,6.699999809265137,6.78000020980835,6.78000020980835,383600
6.71999979019165,7.0,6.71999979019165,6.900000095367432,6.900000095367432,442800
6.840000152587891,7.0,6.78000020980835,6.820000171661377,6.820000171661377,224800
6.800000190734863,6.960000038146973,6.760000228881836,6.860000133514404,6.860000133514404,436800
6.659999847412109,6.960000038146973,6.460000038146973,6.920000076293945,6.920000076293945,477800
6.800000190734863,6.900000095367432,6.559999942779541,6.599999904632568,6.599999904632568,615300
6.539999961853027,6.800000190734863,6.340000152587891,6.71999979019165,6.71999979019165,1317100
6.760000228881836,6.760000228881836,6.400000095367432,6.599999904632568,6.599999904632568,357300
6.599999904632568,6.760000228881836,6.400000095367432,6.679999828338623,6.679999828338623,370300
6.699999809265137,6.760000228881836,6.460000038146973,6.71999979019165,6.71999979019165,492200
6.800000190734863,6.860000133514404,6.400000095367432,6.699999809265137,6.699999809265137,338800
6.5,6.800000190734863,6.5,6.699999809265137,6.699999809265137,374000
6.679999828338623,6.679999828338623,6.400000095367432,6.599999904632568,6.599999904632568,423400
6.599999904632568,6.599999904632568,6.179999828338623,6.400000095367432,6.400000095367432,577600
6.400000095367432,6.400000095367432,6.199999809265137,6.380000114440918,6.380000114440918,286400
6.21999979019165,6.400000095367432,6.0,6.260000228881836,6.260000228881836,455400
6.119999885559082,6.400000095367432,6.0,6.239999771118164,6.239999771118164,655200
6.019999980926514,6.340000152587891,6.019999980926514,6.340000152587891,6.340000152587891,419800
6.260000228881836,6.5,6.039999961853027,6.340000152587891,6.340000152587891,440500
6.380000114440918,6.599999904632568,6.099999904632568,6.300000190734863,6.300000190734863,812100
6.099999904632568,6.460000038146973,6.019999980926514,6.159999847412109,6.159999847412109,281000
6.019999980926514,6.320000171661377,6.0,6.199999809265137,6.199999809265137,332400
5.440000057220459,5.800000190734863,4.880000114440918,5.639999866485596,5.639999866485596,3256400
5.349999904632568,5.400000095367432,4.099999904632568,4.428999900817871,4.428999900817871,342900
4.400000095367432,6.5,4.400000095367432,5.139999866485596,5.139999866485596,755400
5.099999904632568,5.150000095367432,4.53000020980835,4.820000171661377,4.820000171661377,114200
4.920000076293945,5.659999847412109,4.800000190734863,5.050000190734863,5.050000190734863,299500
5.380000114440918,5.599999904632568,4.619999885559082,4.739999771118164,4.739999771118164,605700
4.820000171661377,6.249000072479248,4.340000152587891,5.369999885559082,5.369999885559082,892700
5.440000057220459,6.199999809265137,4.650000095367432,4.659999847412109,4.659999847412109,671300
4.909999847412109,5.579999923706055,4.550000190734863,4.889999866485596,4.889999866485596,476300
4.190000057220459,4.309999942779541,3.930000066757202,3.930000066757202,3.930000066757202,740000
4.090000152587891,4.139999866485596,3.5999999046325684,3.680000066757202,3.680000066757202,446000
3.700000047683716,3.828000068664551,3.4200000762939453,3.4800000190734863,3.4800000190734863,350800
3.470000028610229,3.5269999504089355,3.0,3.180000066757202,3.180000066757202,387700
3.0899999141693115,3.3499999046325684,3.009999990463257,3.119999885559082,3.119999885559082,256300
3.4200000762939453,3.4200000762939453,2.7799999713897705,2.890000104904175,2.890000104904175,270000
2.8399999141693115,2.96399998664856,2.622999906539917,2.819999933242798,2.819999933242798,163600
2.7799999713897705,3.313999891281128,2.720000028610229,2.7799999713897705,2.7799999713897705,653800
2.809999942779541,2.8499999046325684,2.619999885559082,2.700000047683716,2.700000047683716,164700
2.690000057220459,2.700000047683716,2.5299999713897705,2.6600000858306885,2.6600000858306885,131600
2.680000066757202,2.809999942779541,2.569999933242798,2.7300000190734863,2.7300000190734863,155500
2.75,2.799999952316284,2.630000114440918,2.6700000762939453,2.6700000762939453,103800
2.650000095367432,2.880000114440918,2.621999979019165,2.690000057220459,2.690000057220459,477300
2.650000095367432,3.069999933242798,2.630000114440918,2.859999895095825,2.859999895095825,527800
2.799999952316284,2.9820001125335693,2.5999999046325684,2.5999999046325684,2.5999999046325684,667200
2.5799999237060547,2.5999999046325684,2.4100000858306885,2.539999961853028,2.539999961853028,185500
2.559999942779541,3.0899999141693115,2.549999952316284,2.900000095367432,2.900000095367432,1412900
2.869999885559082,3.08899998664856,2.7699999809265137,2.900000095367432,2.900000095367432,851700
2.8499999046325684,3.130000114440918,2.700000047683716,2.950000047683716,2.950000047683716,513900
2.9800000190734863,3.180000066757202,2.900000095367432,2.970000028610229,2.970000028610229,343900
2.970000028610229,3.0739998817443848,2.7090001106262207,2.759999990463257,2.759999990463257,393700
2.799999952316284,3.0299999713897705,2.75,2.9200000762939453,2.9200000762939453,398500
2.9100000858306885,2.9800000190734863,2.8499999046325684,2.9200000762939453,2.9200000762939453,154500
2.970000028610229,3.049999952316284,2.809999942779541,2.8399999141693115,2.8399999141693115,219500
2.819999933242798,2.8299999237060547,2.700000047683716,2.7799999713897705,2.7799999713897705,143600
2.7699999809265137,2.869999885559082,2.539999961853028,2.619999885559082,2.619999885559082,225600
2.569999933242798,2.8299999237060547,2.569999933242798,2.7699999809265137,2.7699999809265137,154600
2.7799999713897705,2.930000066757202,2.75,2.880000114440918,2.880000114440918,173500
2.9200000762939453,2.9200000762939453,2.7300000190734863,2.8399999141693115,2.8399999141693115,142300
2.819999933242798,2.819999933242798,2.700000047683716,2.759999990463257,2.759999990463257,54700
2.7699999809265137,2.900000095367432,2.734999895095825,2.759999990463257,2.759999990463257,65500
2.789999961853028,2.890000104904175,2.759999990463257,2.809999942779541,2.809999942779541,197200
2.900000095367432,3.1989998817443848,2.630000114440918,2.7100000381469727,2.7100000381469727,1035800
2.690000057220459,2.799999952316284,2.650000095367432,2.7699999809265137,2.7699999809265137,153500
2.789999961853028,2.8320000171661377,2.680000066757202,2.7100000381469727,2.7100000381469727,79700
2.690000057220459,2.775000095367432,2.559999942779541,2.619999885559082,2.619999885559082,154900
2.799999952316284,2.799999952316284,2.601999998092652,2.680000066757202,2.680000066757202,117700
2.700000047683716,2.700000047683716,2.619999885559082,2.640000104904175,2.640000104904175,70500
2.630000114440918,2.7100000381469727,2.609999895095825,2.697000026702881,2.697000026702881,58000
2.700000047683716,2.799999952316284,2.621000051498413,2.700000047683716,2.700000047683716,91600
2.690000057220459,2.799999952316284,2.650000095367432,2.7100000381469727,2.7100000381469727,92700
2.759999990463257,2.7880001068115234,2.6600000858306885,2.720000028610229,2.720000028610229,55300
2.740000009536743,2.740000009536743,2.6600000858306885,2.690000057220459,2.690000057220459,35600
2.690000057220459,2.690000057220459,2.619999885559082,2.6700000762939453,2.6700000762939453,56700
2.650000095367432,2.650000095367432,2.5899999141693115,2.650000095367432,2.650000095367432,54100
2.650000095367432,2.700000047683716,2.5999999046325684,2.640000104904175,2.640000104904175,50300
2.630000114440918,2.650000095367432,2.569999933242798,2.650000095367432,2.650000095367432,52200
2.609999895095825,2.650000095367432,2.559999942779541,2.650000095367432,2.650000095367432,26500
2.8399999141693115,2.885999917984009,2.609999895095825,2.700000047683716,2.700000047683716,65300
2.740000009536743,2.819999933242798,2.619999885559082,2.650000095367432,2.650000095367432,58100
2.700000047683716,2.8499999046325684,2.630000114440918,2.740000009536743,2.740000009536743,139300
2.75,2.8399999141693115,2.75,2.7799999713897705,2.7799999713897705,99000
2.7799999713897705,2.8499999046325684,2.7799999713897705,2.8299999237060547,2.8299999237060547,71300
2.809999942779541,2.970000028610229,2.759999990463257,2.900000095367432,2.900000095367432,146700
3.0,3.0999999046325684,2.8499999046325684,2.950000047683716,2.950000047683716,269100
2.9100000858306885,2.950000047683716,2.720000028610229,2.950000047683716,2.950000047683716,167900
2.930000066757202,2.930000066757202,2.650000095367432,2.7699999809265137,2.7699999809265137,77900
2.789999961853028,2.789999961853028,2.75,2.759999990463257,2.759999990463257,24300
2.6700000762939453,2.75,2.5799999237060547,2.609999895095825,2.609999895095825,54300
2.609999895095825,2.6640000343322754,2.5799999237060547,2.634999990463257,2.634999990463257,58500
2.5899999141693115,2.6600000858306885,2.5799999237060547,2.650000095367432,2.650000095367432,23700
2.700000047683716,2.7799999713897705,2.650000095367432,2.7799999713897705,2.7799999713897705,43600
2.7100000381469727,2.799000024795532,2.6600000858306885,2.690000057220459,2.690000057220459,26000
2.6700000762939453,2.740000009536743,2.5799999237060547,2.720000028610229,2.720000028610229,16500
2.630000114440918,2.75,2.630000114440918,2.7300000190734863,2.7300000190734863,42200
2.7100000381469727,2.75,2.609999895095825,2.7100000381469727,2.7100000381469727,43600
2.650000095367432,2.7100000381469727,2.5999999046325684,2.690000057220459,2.690000057220459,28100
2.609999895095825,2.75,2.609999895095825,2.700000047683716,2.700000047683716,43600
2.680000066757202,2.75,2.5899999141693115,2.700000047683716,2.700000047683716,48400
2.680000066757202,2.740000009536743,2.615000009536743,2.6600000858306885,2.6600000858306885,30000
2.690000057220459,3.0999999046325684,2.680999994277954,2.720000028610229,2.720000028610229,449300
2.7100000381469727,2.75,2.6600000858306885,2.720000028610229,2.720000028610229,72800
2.809999942779541,2.900000095367432,2.700000047683716,2.7100000381469727,2.7100000381469727,57500
2.75,2.765000104904175,2.630000114440918,2.6700000762939453,2.6700000762939453,65000
2.690000057220459,2.700000047683716,2.619999885559082,2.6700000762939453,2.6700000762939453,30700
2.6600000858306885,2.746000051498413,2.6600000858306885,2.700000047683716,2.700000047683716,20100
2.7249999046325684,2.8499999046325684,2.700000047683716,2.7100000381469727,2.7100000381469727,50200
2.7100000381469727,2.789999961853028,2.6600000858306885,2.740000009536743,2.740000009536743,36800
2.740000009536743,2.7739999294281006,2.680000066757202,2.7300000190734863,2.7300000190734863,19700
2.7300000190734863,2.799999952316284,2.6700000762939453,2.7100000381469727,2.7100000381469727,24500
2.75600004196167,2.880000114440918,2.7149999141693115,2.75,2.75,38500
2.759999990463257,2.8499999046325684,2.75,2.819999933242798,2.819999933242798,37700
2.880000114440918,2.940000057220459,2.799999952316284,2.9100000858306885,2.9100000858306885,51800
2.930000066757202,3.0269999504089355,2.900000095367432,3.0,3.0,264200
3.150000095367432,3.150000095367432,2.819999933242798,2.930000066757202,2.930000066757202,547300
2.970000028610229,2.970000028610229,2.819999933242798,2.9200000762939453,2.9200000762939453,73800
3.049999952316284,3.150000095367432,2.950000047683716,3.0199999809265137,3.0199999809265137,673400
2.9800000190734863,3.069999933242798,2.950000047683716,2.9800000190734863,2.9800000190734863,115500
3.0299999713897705,3.0799999237060547,2.930000066757202,3.009999990463257,3.009999990463257,156600
3.0199999809265137,3.200000047683716,3.009999990463257,3.0799999237060547,3.0799999237060547,324600
3.0899999141693115,3.1600000858306885,2.900000095367432,2.940000057220459,2.940000057220459,149600
2.880000114440918,2.9760000705718994,2.8499999046325684,2.9200000762939453,2.9200000762939453,78100
3.0,3.039999961853028,2.880000114440918,2.9600000381469727,2.9600000381469727,54200
2.950000047683716,2.990000009536743,2.8299999237060547,2.880000114440918,2.880000114440918,46900
2.880000114440918,2.940000057220459,2.809999942779541,2.869999885559082,2.869999885559082,94600
2.890000104904175,2.9200000762939453,2.740000009536743,2.740000009536743,2.740000009536743,81100
2.740000009536743,2.789999961853028,2.650000095367432,2.7799999713897705,2.7799999713897705,34900
2.740000009536743,2.8299999237060547,2.6600000858306885,2.75,2.75,80400
2.740000009536743,2.9830000400543213,2.690000057220459,2.690000057220459,2.690000057220459,35000
2.6600000858306885,2.75,2.509999990463257,2.6600000858306885,2.6600000858306885,107500
2.569999933242798,2.680000066757202,2.4549999237060547,2.5199999809265137,2.5199999809265137,126100
2.549999952316284,2.638999938964844,2.4600000381469727,2.619999885559082,2.619999885559082,102400
2.5899999141693115,2.5899999141693115,2.5,2.549999952316284,2.549999952316284,36000
2.5199999809265137,2.619999885559082,2.5199999809265137,2.569999933242798,2.569999933242798,13000
2.5999999046325684,2.75,2.5169999599456787,2.559999942779541,2.559999942779541,210900
2.549999952316284,2.6480000019073486,2.549999952316284,2.5999999046325684,2.5999999046325684,35500
2.650000095367432,2.720000028610229,2.119999885559082,2.190000057220459,2.190000057220459,839000
2.25,2.2799999713897705,1.919999957084656,2.0199999809265137,2.0199999809265137,384500
2.0199999809265137,2.0199999809265137,1.850000023841858,1.909999966621399,1.909999966621399,163000
1.940000057220459,1.9700000286102293,1.850000023841858,1.9700000286102293,1.9700000286102293,97600
1.9600000381469729,1.9900000095367432,1.909999966621399,1.9299999475479128,1.9299999475479128,74800
1.940000057220459,1.950000047683716,1.8600000143051147,1.899999976158142,1.899999976158142,42300
1.899999976158142,1.9359999895095823,1.7100000381469729,1.809999942779541,1.809999942779541,112500
1.7799999713897705,1.7799999713897705,1.7100000381469729,1.7400000095367432,1.7400000095367432,73500
1.7300000190734863,1.919999957084656,1.7300000190734863,1.7799999713897705,1.7799999713897705,237400
1.7799999713897705,1.830000042915344,1.7400000095367432,1.7699999809265137,1.7699999809265137,204800
1.7599999904632568,1.7599999904632568,1.659999966621399,1.7000000476837158,1.7000000476837158,115300
1.7000000476837158,1.7899999618530271,1.6699999570846558,1.7200000286102295,1.7200000286102295,253200
1.7599999904632568,1.7599999904632568,1.5099999904632568,1.6390000581741333,1.6390000581741333,250300
1.6299999952316284,1.690000057220459,1.5800000429153442,1.649999976158142,1.649999976158142,90100
1.6699999570846558,1.840000033378601,1.6699999570846558,1.7599999904632568,1.7599999904632568,295400
1.7899999618530271,1.7999999523162842,1.7400000095367432,1.7699999809265137,1.7699999809265137,83600
1.75,1.7599999904632568,1.649999976158142,1.6699999570846558,1.6699999570846558,130300
1.6699999570846558,1.8200000524520876,1.659999966621399,1.7200000286102295,1.7200000286102295,177400
1.7400000095367432,1.7400000095367432,1.6699999570846558,1.7000000476837158,1.7000000476837158,55000
1.7000000476837158,1.7000000476837158,1.5,1.590000033378601,1.590000033378601,179700
1.6200000047683716,1.649999976158142,1.5299999713897705,1.6200000047683716,1.6200000047683716,73200
1.600000023841858,1.6399999856948853,1.4500000476837158,1.5499999523162842,1.5499999523162842,75100
1.5099999904632568,1.524999976158142,1.4600000381469729,1.4819999933242798,1.4819999933242798,71800
1.5,1.5049999952316284,1.3799999952316284,1.4199999570846558,1.4199999570846558,149700
1.440000057220459,1.4500000476837158,1.309999942779541,1.350000023841858,1.350000023841858,148900
1.340000033378601,1.399999976158142,1.309999942779541,1.350000023841858,1.350000023841858,41600
1.3799999952316284,1.3799999952316284,1.309999942779541,1.350000023841858,1.350000023841858,82900
1.2999999523162842,1.4900000095367432,1.2999999523162842,1.409999966621399,1.409999966621399,65400
1.399999976158142,1.440000057220459,1.3600000143051147,1.4299999475479126,1.4299999475479126,233400
1.399999976158142,1.4299999475479126,1.340000033378601,1.3899999856948853,1.3899999856948853,94100
1.399999976158142,1.5199999809265137,1.3200000524520874,1.5,1.5,388700
1.4299999475479126,1.4500000476837158,1.309999942779541,1.340000033378601,1.340000033378601,166800
1.350000023841858,1.350000023841858,1.2999999523162842,1.3300000429153442,1.3300000429153442,74900
1.340000033378601,1.4199999570846558,1.2999999523162842,1.399999976158142,1.399999976158142,140400
1.4500000476837158,1.4900000095367432,1.3619999885559082,1.4900000095367432,1.4900000095367432,114100
1.5,1.5199999809265137,1.3899999856948853,1.5099999904632568,1.5099999904632568,156100
1.590000033378601,1.590000033378601,1.399999976158142,1.4249999523162842,1.4249999523162842,114600
1.4600000381469729,1.4900000095367432,1.3799999952316284,1.4600000381469729,1.4600000381469729,86600
1.4500000476837158,1.4709999561309814,1.409999966621399,1.4199999570846558,1.4199999570846558,68900
1.409999966621399,1.4600000381469729,1.350000023841858,1.3799999952316284,1.3799999952316284,130400
1.3700000047683716,1.409999966621399,1.3600000143051147,1.409999966621399,1.409999966621399,41900
1.3899999856948853,1.409999966621399,1.3700000047683716,1.3899999856948853,1.3899999856948853,31800
1.3600000143051147,1.409999966621399,1.3600000143051147,1.3799999952316284,1.3799999952316284,37400
1.3799999952316284,1.4500000476837158,1.3799999952316284,1.402999997138977,1.402999997138977,30200
1.3700000047683716,1.4199999570846558,1.3600000143051147,1.3700000047683716,1.3700000047683716,30400
1.3700000047683716,1.399999976158142,1.3300000429153442,1.3600000143051147,1.3600000143051147,75100
1.340000033378601,1.399999976158142,1.309999942779541,1.3600000143051147,1.3600000143051147,53000
1.3600000143051147,1.5499999523162842,1.350000023841858,1.4500000476837158,1.4500000476837158,226200
1.4500000476837158,1.5399999618530271,1.399999976158142,1.4199999570846558,1.4199999570846558,125600
1.399999976158142,1.440000057220459,1.371999979019165,1.3899999856948853,1.3899999856948853,68400
1.3700000047683716,1.5,1.3600000143051147,1.4700000286102295,1.4700000286102295,149700
1.4800000190734863,1.6399999856948853,1.4299999475479126,1.4800000190734863,1.4800000190734863,443100
1.4500000476837158,1.5700000524520874,1.4500000476837158,1.4500000476837158,1.4500000476837158,93100
1.4600000381469729,1.6100000143051147,1.4520000219345093,1.4800000190734863,1.4800000190734863,126900
1.5499999523162842,1.830000042915344,1.4600000381469729,1.690000057220459,1.690000057220459,1374500
1.6799999475479126,1.6799999475479126,1.5299999713897705,1.6200000047683716,1.6200000047683716,225200
1.559999942779541,1.6399999856948853,1.5299999713897705,1.600000023841858,1.600000023841858,136300
1.590000033378601,1.600000023841858,1.5169999599456787,1.5199999809265137,1.5199999809265137,116700
1.5299999713897705,1.5299999713897705,1.4500000476837158,1.5,1.5,141000
1.559999942779541,1.5700000524520874,1.4700000286102295,1.4900000095367432,1.4900000095367432,149600
1.4900000095367432,1.4900000095367432,1.4199999570846558,1.440000057220459,1.440000057220459,182700
1.5399999618530271,1.590000033378601,1.4299999475479126,1.4600000381469729,1.4600000381469729,359600
1.600000023841858,1.649999976158142,1.4199999570846558,1.4800000190734863,1.4800000190734863,801700
1.4800000190734863,1.4900000095367432,1.3700000047683716,1.399999976158142,1.399999976158142,220000
1.3899999856948853,1.5,1.3700000047683716,1.4700000286102295,1.4700000286102295,179300
1.4800000190734863,1.49399995803833,1.4199999570846558,1.4500000476837158,1.4500000476837158,65000
1.4700000286102295,1.6299999952316284,1.4110000133514404,1.6260000467300415,1.6260000467300415,349000
1.5800000429153442,1.590000033378601,1.5099999904632568,1.5449999570846558,1.5449999570846558,199600
1.5099999904632568,1.5399999618530271,1.4700000286102295,1.5199999809265137,1.5199999809265137,97400
1.5199999809265137,1.5299999713897705,1.4700000286102295,1.4700000286102295,1.4700000286102295,104100
1.5,1.5299999713897705,1.4500000476837158,1.4700000286102295,1.4700000286102295,134600
1.4900000095367432,1.5199999809265137,1.4700000286102295,1.4800000190734863,1.4800000190734863,64300
1.4800000190734863,1.4800000190734863,1.4199999570846558,1.4299999475479126,1.4299999475479126,45800
1.3799999952316284,1.4800000190734863,1.3739999532699585,1.4199999570846558,1.4199999570846558,49900
1.4600000381469729,1.4600000381469729,1.3899999856948853,1.4299999475479126,1.4299999475479126,37400
1.399999976158142,1.4500000476837158,1.3799999952316284,1.440000057220459,1.440000057220459,61700
1.440000057220459,1.440000057220459,1.3700000047683716,1.409999966621399,1.409999966621399,63400
1.399999976158142,1.4299999475479126,1.340000033378601,1.3700000047683716,1.3700000047683716,85200
1.3600000143051147,1.3799999952316284,1.350000023841858,1.375,1.375,19500
1.3700000047683716,1.4199999570846558,1.3600000143051147,1.4049999713897705,1.4049999713897705,13200
1.3899999856948853,1.409999966621399,1.3799999952316284,1.399999976158142,1.399999976158142,24500
1.3700000047683716,1.399999976158142,1.350000023841858,1.3700000047683716,1.3700000047683716,54800
1.3600000143051147,1.4199999570846558,1.350000023841858,1.409999966621399,1.409999966621399,38500
1.409999966621399,1.5,1.409999966621399,1.4500000476837158,1.4500000476837158,94000
1.4700000286102295,1.4819999933242798,1.4500000476837158,1.4500000476837158,1.4500000476837158,32100
1.3899999856948853,1.4500000476837158,1.3799999952316284,1.4270000457763672,1.4270000457763672,52100
1.409999966621399,1.5199999809265137,1.409999966621399,1.440000057220459,1.440000057220459,84100
1.5099999904632568,1.5399999618530271,1.4900000095367432,1.5,1.5,86300
1.5099999904632568,1.5390000343322754,1.4700000286102295,1.5299999713897705,1.5299999713897705,73500
1.5700000524520874,1.5700000524520874,1.4900000095367432,1.5299999713897705,1.5299999713897705,68200
1.5099999904632568,1.559999942779541,1.4800000190734863,1.5399999618530271,1.5399999618530271,145100
1.5499999523162842,1.5499999523162842,1.5,1.5199999809265137,1.5199999809265137,66000
1.5199999809265137,1.5199999809265137,1.3300000429153442,1.3300000429153442,1.3300000429153442,317200
1.2899999618530271,1.2999999523162842,1.1200000047683716,1.2200000286102295,1.2200000286102295,244200
1.2799999713897705,1.2799999713897705,0.9399999976158142,1.0099999904632568,1.0099999904632568,369600
1.0,1.4800000190734863,0.915000021457672,1.149999976158142,1.149999976158142,1153800
1.1200000047683716,1.2200000286102295,1.059999942779541,1.159000039100647,1.159000039100647,299200
1.159999966621399,1.1799999475479126,1.059999942779541,1.0670000314712524,1.0670000314712524,148200
1.059999942779541,1.100000023841858,0.9700000286102296,1.0499999523162842,1.0499999523162842,101600
1.0499999523162842,1.090999960899353,1.0,1.059999942779541,1.059999942779541,113400
1.0499999523162842,1.0499999523162842,0.9549999833106996,1.003999948501587,1.003999948501587,128300
1.0,1.0099999904632568,0.8299999833106995,0.8999999761581421,0.8999999761581421,90500
0.925000011920929,1.0,0.8809999823570251,0.9359999895095824,0.9359999895095824,42100
0.9319999814033508,0.949999988079071,0.8610000014305115,0.8830000162124634,0.8830000162124634,30300
0.8029999732971191,0.8029999732971191,0.7009999752044678,0.7200000286102295,0.7200000286102295,167600
0.8500000238418579,0.8700000047683716,0.6710000038146973,0.7099999785423279,0.7099999785423279,111300
0.7459999918937683,0.75,0.6499999761581421,0.7170000076293945,0.7170000076293945,43200
0.7519999742507935,0.7519999742507935,0.6499999761581421,0.7020000219345093,0.7020000219345093,12200
0.699999988079071,0.7400000095367432,0.6700000166893005,0.7099999785423279,0.7099999785423279,30900
0.6700000166893005,0.8399999737739563,0.6700000166893005,0.7799999713897705,0.7799999713897705,67100
0.7400000095367432,0.8999999761581421,0.6940000057220459,0.8169999718666077,0.8169999718666077,96800
0.8209999799728394,0.8209999799728394,0.7289999723434448,0.7360000014305115,0.7360000014305115,29100
0.7360000014305115,0.7900000214576721,0.7300000190734863,0.7730000019073486,0.7730000019073486,32800
0.7699999809265137,0.8700000047683716,0.7699999809265137,0.8299999833106995,0.8299999833106995,89600
0.8600000143051147,0.8650000095367432,0.7289999723434448,0.8299999833106995,0.8299999833106995,40800
0.8550000190734863,0.8550000190734863,0.7710000276565552,0.8199999928474426,0.8199999928474426,61900
0.8190000057220459,0.8399999737739563,0.7620000243186951,0.8100000023841858,0.8100000023841858,24300
0.824999988079071,0.8399999737739563,0.7599999904632568,0.8059999942779541,0.8059999942779541,32300
0.800000011920929,0.800000011920929,0.7300000190734863,0.7400000095367432,0.7400000095367432,35800
