20.0,20.25,18.250999450683597,18.600000381469727,18.600000381469727,191000
18.799999237060547,19.32900047302246,18.25,18.309999465942383,18.309999465942383,76000
18.600000381469727,19.030000686645508,18.0,18.06999969482422,18.06999969482422,219600
18.0,18.989999771118164,17.0,17.459999084472656,17.459999084472656,69200
17.459999084472656,17.459999084472656,15.220000267028809,16.510000228881836,16.510000228881836,90700
16.299999237060547,17.014999389648438,15.350000381469728,15.5,15.5,52300
15.800000190734863,16.0,15.109999656677246,15.56999969482422,15.56999969482422,32600
15.75,16.100000381469727,15.75,15.880000114440918,15.880000114440918,8000
15.75,16.530000686645508,15.6899995803833,15.699999809265137,15.699999809265137,32100
15.829999923706056,16.448999404907227,14.079999923706056,14.350000381469728,14.350000381469728,154800
14.350000381469728,14.59000015258789,14.039999961853027,14.109999656677246,14.109999656677246,79600
14.079999923706056,14.239999771118164,13.31999969482422,13.5600004196167,13.5600004196167,177500
13.640000343322754,14.68000030517578,13.399999618530272,14.5,14.5,90700
14.649999618530272,15.25,14.0600004196167,14.899999618530272,14.899999618530272,73000
15.050000190734863,15.489999771118164,14.25,14.640000343322754,14.640000343322754,93900
15.130000114440918,16.440000534057617,14.880000114440918,15.949999809265137,15.949999809265137,180400
16.0,16.78499984741211,15.899999618530272,16.200000762939453,16.200000762939453,94400
16.25,17.959999084472656,15.329999923706056,15.84000015258789,15.84000015258789,158400
15.739999771118164,16.799999237060547,15.0,15.329999923706056,15.329999923706056,74100
15.300000190734863,15.550000190734863,14.609999656677246,14.800000190734863,14.800000190734863,76700
14.899999618530272,15.399999618530272,14.510000228881836,14.649999618530272,14.649999618530272,137400
14.600000381469728,14.600000381469728,14.149999618530272,14.5,14.5,92400
14.5,14.5,14.029999732971191,14.100000381469728,14.100000381469728,70200
14.149999618530272,14.149999618530272,13.09000015258789,13.729999542236328,13.729999542236328,62500
14.130000114440918,14.149999618530272,13.25,13.489999771118164,13.489999771118164,90400
13.550000190734863,13.949999809265137,13.25,13.5,13.5,48200
13.270000457763672,13.5,13.25,13.279999732971191,13.279999732971191,61600
13.449999809265137,13.550000190734863,13.289999961853027,13.5,13.5,23100
13.5,13.640000343322754,13.390000343322754,13.460000038146973,13.460000038146973,14400
13.449999809265137,13.637999534606934,12.850000381469728,13.140000343322754,13.140000343322754,64300
13.140000343322754,13.92300033569336,13.0,13.1899995803833,13.1899995803833,18600
13.25,13.75,13.100000381469728,13.279999732971191,13.279999732971191,52800
13.3100004196167,13.706000328063965,12.850000381469728,13.020000457763672,13.020000457763672,42300
13.020000457763672,13.420000076293944,12.90999984741211,13.15999984741211,13.15999984741211,57900
13.210000038146973,14.420000076293944,13.100000381469728,13.949999809265137,13.949999809265137,245200
14.40999984741211,14.470000267028809,12.895000457763672,13.619999885559082,13.619999885559082,127000
13.5,13.9350004196167,13.015000343322754,13.149999618530272,13.149999618530272,53300
13.210000038146973,13.729999542236328,12.890000343322754,13.649999618530272,13.649999618530272,83400
13.619999885559082,13.949999809265137,13.050000190734863,13.5600004196167,13.5600004196167,162700
13.510000228881836,14.0,13.15999984741211,13.850000381469728,13.850000381469728,44700
14.0,14.93000030517578,13.65999984741211,13.859999656677246,13.859999656677246,131500
14.329999923706056,14.949999809265137,14.020000457763672,14.720000267028809,14.720000267028809,66100
14.760000228881836,15.92300033569336,14.600000381469728,15.0600004196167,15.0600004196167,39900
15.18000030517578,15.399999618530272,13.979999542236328,14.390000343322754,14.390000343322754,94200
14.3100004196167,14.600000381469728,13.550000190734863,13.600000381469728,13.600000381469728,51400
13.550000190734863,14.18000030517578,13.550000190734863,13.59000015258789,13.59000015258789,24300
13.600000381469728,14.520000457763672,13.600000381469728,14.119999885559082,14.119999885559082,19000
14.079999923706056,17.496999740600586,14.079999923706056,16.190000534057617,16.190000534057617,163200
16.280000686645508,16.999000549316406,15.770000457763672,16.299999237060547,16.299999237060547,73600
16.299999237060547,17.448999404907227,15.640000343322754,17.200000762939453,17.200000762939453,112600
17.079999923706055,17.299999237060547,16.520000457763672,17.049999237060547,17.049999237060547,56900
17.149999618530273,17.75,16.232999801635742,17.079999923706055,17.079999923706055,73700
16.950000762939453,17.850000381469727,16.549999237060547,17.469999313354492,17.469999313354492,102100
17.579999923706055,17.989999771118164,16.899999618530273,17.420000076293945,17.420000076293945,105500
17.350000381469727,17.790000915527344,17.25,17.540000915527344,17.540000915527344,55100
17.559999465942383,17.764999389648438,16.700000762939453,16.959999084472656,16.959999084472656,103400
17.0,17.170000076293945,16.399999618530273,16.850000381469727,16.850000381469727,57900
16.829999923706055,17.0,15.579999923706056,15.8100004196167,15.8100004196167,42100
15.710000038146973,16.360000610351562,13.428000450134276,14.31999969482422,14.31999969482422,156200
14.31999969482422,15.49899959564209,13.710000038146973,14.40999984741211,14.40999984741211,57900
14.399999618530272,15.479999542236328,13.81999969482422,13.93000030517578,13.93000030517578,53700
13.970000267028809,14.899999618530272,13.619999885559082,13.739999771118164,13.739999771118164,101600
14.100000381469728,14.850000381469728,13.59000015258789,13.800000190734863,13.800000190734863,619000
13.800000190734863,14.600000381469728,13.640000343322754,14.40999984741211,14.40999984741211,79900
14.489999771118164,15.079999923706056,14.020000457763672,14.479999542236328,14.479999542236328,60500
14.5600004196167,14.75,14.100000381469728,14.270000457763672,14.270000457763672,30300
14.34000015258789,14.34000015258789,13.899999618530272,14.0,14.0,38800
13.989999771118164,14.199999809265137,13.520000457763672,14.0,14.0,41800
14.119999885559082,14.289999961853027,13.5,14.279999732971191,14.279999732971191,141400
14.329999923706056,14.468999862670898,13.755000114440918,14.170000076293944,14.170000076293944,45200
14.18000030517578,14.199999809265137,13.789999961853027,14.170000076293944,14.170000076293944,62600
14.100000381469728,14.460000038146973,13.350000381469728,13.390000343322754,13.390000343322754,36300
13.40999984741211,13.550000190734863,12.949999809265137,13.31999969482422,13.31999969482422,44600
13.31999969482422,13.579999923706056,13.149999618530272,13.229999542236328,13.229999542236328,20900
13.170000076293944,14.13599967956543,12.729999542236328,13.109999656677246,13.109999656677246,50600
13.09000015258789,13.529000282287598,12.84000015258789,12.869999885559082,12.869999885559082,70100
12.800000190734863,13.210000038146973,12.289999961853027,12.34000015258789,12.34000015258789,48900
12.539999961853027,12.9399995803833,11.399999618530272,11.779999732971191,11.779999732971191,50400
11.8100004196167,12.390000343322754,11.699999809265137,12.010000228881836,12.010000228881836,48800
12.119999885559082,12.829999923706056,11.989999771118164,12.479999542236328,12.479999542236328,48000
12.479999542236328,12.479999542236328,12.039999961853027,12.350000381469728,12.350000381469728,28300
12.399999618530272,12.399999618530272,12.0,12.140000343322754,12.140000343322754,10900
12.149999618530272,12.199999809265137,10.569000244140623,11.989999771118164,11.989999771118164,35200
11.989999771118164,11.989999771118164,11.25,11.645000457763672,11.645000457763672,12600
11.489999771118164,12.230999946594238,10.609999656677246,11.68000030517578,11.68000030517578,11000
11.710000038146973,12.015000343322754,11.510000228881836,11.510000228881836,11.510000228881836,11200
11.5,11.875,10.600000381469728,11.079999923706056,11.079999923706056,137200
11.010000228881836,11.44499969482422,10.760000228881836,10.770000457763672,10.770000457763672,101900
10.90999984741211,11.489999771118164,10.100000381469728,10.34000015258789,10.34000015258789,69200
10.270000457763672,10.524999618530272,10.0,10.06999969482422,10.06999969482422,40700
10.170000076293944,10.31999969482422,9.640000343322754,10.029999732971191,10.029999732971191,51400
10.09000015258789,11.038000106811523,10.0,10.300000190734863,10.300000190734863,73000
10.350000381469728,10.81999969482422,10.350000381469728,10.40999984741211,10.40999984741211,34900
10.43000030517578,11.210000038146973,10.050000190734863,10.130000114440918,10.130000114440918,38600
10.100000381469728,10.670000076293944,9.75,10.029999732971191,10.029999732971191,84700
10.119999885559082,10.579999923706056,9.609999656677246,9.699999809265137,9.699999809265137,141900
9.699999809265137,9.899999618530272,8.779999732971191,9.359999656677246,9.359999656677246,75500
9.09000015258789,9.829999923706056,9.09000015258789,9.399999618530272,9.399999618530272,49900
9.479999542236328,9.479999542236328,8.15999984741211,8.319999694824219,8.319999694824219,109200
8.460000038146973,8.460000038146973,7.0,7.070000171661377,7.070000171661377,259200
7.409999847412109,7.989999771118164,6.389999866485596,6.880000114440918,6.880000114440918,117800
7.0,7.775000095367432,6.800000190734863,6.900000095367432,6.900000095367432,98100
6.920000076293945,7.309999942779541,6.239999771118164,6.769999980926514,6.769999980926514,102100
6.769999980926514,6.769999980926514,6.380000114440918,6.400000095367432,6.400000095367432,61700
6.389999866485596,6.788000106811523,5.400000095367432,5.960000038146973,5.960000038146973,183200
6.099999904632568,6.46999979019165,6.090000152587891,6.190000057220459,6.190000057220459,33700
6.099999904632568,6.565000057220459,6.099999904632568,6.409999847412109,6.409999847412109,19200
6.46999979019165,6.46999979019165,5.650000095367432,6.099999904632568,6.099999904632568,66700
6.03000020980835,6.474999904632568,6.019999980926514,6.389999866485596,6.389999866485596,66200
6.75,7.21999979019165,6.690000057220459,6.840000152587891,6.840000152587891,97500
6.840000152587891,7.300000190734863,6.5,6.929999828338623,6.929999828338623,60200
6.96999979019165,7.25600004196167,6.53000020980835,6.659999847412109,6.659999847412109,45700
6.699999809265137,7.130000114440918,6.5329999923706055,6.800000190734863,6.800000190734863,66400
6.840000152587891,6.840000152587891,6.400000095367432,6.570000171661377,6.570000171661377,62300
6.539999961853027,6.571000099182129,6.320000171661377,6.349999904632568,6.349999904632568,63600
6.369999885559082,6.414999961853027,5.260000228881836,5.300000190734863,5.300000190734863,94000
5.300000190734863,5.760000228881836,5.289999961853027,5.300000190734863,5.300000190734863,24500
5.369999885559082,5.533999919891357,4.789999961853027,4.909999847412109,4.909999847412109,89000
5.0,5.815000057220459,4.78000020980835,4.900000095367432,4.900000095367432,87800
4.940000057220459,5.050000190734863,4.559999942779541,4.599999904632568,4.599999904632568,107600
4.53000020980835,4.800000190734863,4.210000038146973,4.210000038146973,4.210000038146973,260300
4.5,5.039999961853027,4.159999847412109,4.960000038146973,4.960000038146973,234700
5.369999885559082,5.369999885559082,4.639999866485596,4.760000228881836,4.760000228881836,109400
4.75,5.769999980926514,4.75,5.699999809265137,5.699999809265137,95800
5.820000171661377,6.710000038146973,5.559999942779541,5.940000057220459,5.940000057220459,249300
5.949999809265137,6.293000221252441,5.014999866485596,5.880000114440918,5.880000114440918,295200
5.869999885559082,6.020999908447266,5.5,5.570000171661377,5.570000171661377,52000
5.630000114440918,6.214000225067139,5.5,5.71999979019165,5.71999979019165,107000
5.714000225067139,5.714000225067139,5.519999980926514,5.630000114440918,5.630000114440918,23400
5.630000114440918,5.869999885559082,5.409999847412109,5.690000057220459,5.690000057220459,77100
5.75,6.380000114440918,5.75,6.260000228881836,6.260000228881836,141900
6.159999847412109,7.25,6.03000020980835,7.110000133514404,7.110000133514404,227900
7.130000114440918,7.639999866485596,6.599999904632568,7.599999904632568,7.599999904632568,233800
7.699999809265137,8.649999618530273,7.650000095367432,8.359999656677246,8.359999656677246,204600
8.359999656677246,8.418000221252441,7.239999771118164,7.28000020980835,7.28000020980835,362500
7.210000038146973,7.230000019073486,5.829999923706055,5.889999866485596,5.889999866485596,379900
5.909999847412109,5.989999771118164,5.28000020980835,5.610000133514404,5.610000133514404,473700
5.599999904632568,6.039999961853027,5.269999980926514,5.840000152587891,5.840000152587891,331700
5.760000228881836,5.960000038146973,5.300000190734863,5.380000114440918,5.380000114440918,164300
5.389999866485596,5.539999961853027,4.820000171661377,5.050000190734863,5.050000190734863,121500
5.099999904632568,5.129000186920166,4.699999809265137,4.900000095367432,4.900000095367432,168500
4.889999866485596,5.025000095367432,4.809999942779541,4.840000152587891,4.840000152587891,70000
4.869999885559082,5.039999961853027,4.679999828338623,4.949999809265137,4.949999809265137,105000
5.019999980926514,5.360000133514404,4.804999828338623,5.21999979019165,5.21999979019165,84800
5.21999979019165,5.769999980926514,5.21999979019165,5.619999885559082,5.619999885559082,102400
5.659999847412109,5.849999904632568,5.510000228881836,5.840000152587891,5.840000152587891,36600
5.800000190734863,6.150000095367432,5.5920000076293945,5.889999866485596,5.889999866485596,54900
6.099999904632568,6.099999904632568,5.599999904632568,5.989999771118164,5.989999771118164,69400
5.929999828338623,6.190000057220459,5.820000171661377,6.050000190734863,6.050000190734863,71300
6.070000171661377,6.199999809265137,6.0,6.139999866485596,6.139999866485596,58600
6.139999866485596,6.400000095367432,6.050000190734863,6.289999961853027,6.289999961853027,45700
6.300000190734863,6.960000038146973,6.300000190734863,6.679999828338623,6.679999828338623,183100
6.730000019073486,6.929999828338623,6.550000190734863,6.570000171661377,6.570000171661377,66300
6.460000038146973,7.090000152587891,6.401000022888184,6.849999904632568,6.849999904632568,60500
6.869999885559082,7.409999847412109,6.71999979019165,7.059999942779541,7.059999942779541,82500
7.099999904632568,7.369999885559082,6.760000228881836,7.369999885559082,7.369999885559082,90200
7.320000171661377,7.489999771118164,6.989999771118164,7.420000076293945,7.420000076293945,47400
7.360000133514404,7.409999847412109,6.525000095367432,6.650000095367432,6.650000095367432,95300
6.730000019073486,6.800000190734863,6.162000179290772,6.760000228881836,6.760000228881836,104900
6.75,6.900000095367432,6.400000095367432,6.75,6.75,26200
6.619999885559082,7.059999942779541,6.550000190734863,6.909999847412109,6.909999847412109,47600
7.0,7.5,6.880000114440918,7.260000228881836,7.260000228881836,51300
7.289999961853027,7.389999866485596,6.800000190734863,6.869999885559082,6.869999885559082,75000
7.050000190734863,7.289999961853027,6.75,6.869999885559082,6.869999885559082,39100
6.869999885559082,6.900000095367432,6.46999979019165,6.889999866485596,6.889999866485596,112500
6.880000114440918,7.75,6.849999904632568,7.670000076293945,7.670000076293945,87700
7.710000038146973,10.244999885559082,7.300000190734863,8.970000267028809,8.970000267028809,410200
9.239999771118164,9.489999771118164,8.890000343322754,9.06999969482422,9.06999969482422,166800
9.170000076293944,9.579999923706056,8.520000457763672,8.880000114440918,8.880000114440918,161900
8.880000114440918,9.239999771118164,8.5600004196167,8.850000381469727,8.850000381469727,126400
8.829999923706055,9.0600004196167,8.239999771118164,8.739999771118164,8.739999771118164,109700
8.819999694824219,9.020000457763672,8.289999961853027,8.970000267028809,8.970000267028809,84100
9.06999969482422,9.100000381469728,8.369999885559082,8.5,8.5,167800
8.65999984741211,8.710000038146973,7.800000190734863,8.239999771118164,8.239999771118164,167800
8.135000228881836,8.270000457763672,7.519999980926514,7.829999923706055,7.829999923706055,178000
7.679999828338623,8.199999809265137,7.610000133514404,8.100000381469727,8.100000381469727,83100
8.09000015258789,8.1899995803833,7.28000020980835,7.559999942779541,7.559999942779541,132500
7.564000129699707,8.140000343322754,7.300000190734863,8.0600004196167,8.0600004196167,101200
8.170000076293945,8.369999885559082,7.480000019073486,7.650000095367432,7.650000095367432,61800
7.699999809265137,7.960000038146973,7.28000020980835,7.659999847412109,7.659999847412109,241300
7.71999979019165,7.929999828338623,7.074999809265137,7.53000020980835,7.53000020980835,156500
7.429999828338623,7.699999809265137,7.400000095367432,7.579999923706055,7.579999923706055,579400
7.679999828338623,8.289999961853027,7.510000228881836,8.270000457763672,8.270000457763672,172700
8.260000228881836,8.449999809265137,7.71999979019165,8.350000381469727,8.350000381469727,226500
8.300000190734863,8.489999771118164,7.849999904632568,8.1899995803833,8.1899995803833,192500
8.260000228881836,8.979999542236328,8.260000228881836,8.949999809265137,8.949999809265137,289200
8.899999618530273,9.100000381469728,8.21500015258789,8.399999618530273,8.399999618530273,167700
8.520000457763672,8.65999984741211,8.119999885559082,8.239999771118164,8.239999771118164,313600
8.319999694824219,8.430000305175781,7.380000114440918,7.760000228881836,7.760000228881836,148200
7.690000057220459,7.690000057220459,7.050000190734863,7.519999980926514,7.519999980926514,230900
6.880000114440918,7.980000019073486,6.380000114440918,7.630000114440918,7.630000114440918,136900
7.619999885559082,7.619999885559082,6.880000114440918,7.0,7.0,190900
7.010000228881836,7.179999828338623,6.550000190734863,6.71999979019165,6.71999979019165,144800
6.739999771118164,6.739999771118164,6.079999923706055,6.150000095367432,6.150000095367432,227300
6.210000038146973,6.510000228881836,5.460000038146973,5.510000228881836,5.510000228881836,131400
5.5,5.78000020980835,5.5,5.630000114440918,5.630000114440918,88800
5.690000057220459,5.744999885559082,5.510000228881836,5.659999847412109,5.659999847412109,74400
5.650000095367432,5.71999979019165,5.550000190734863,5.590000152587891,5.590000152587891,76400
5.559999942779541,5.789999961853027,5.550000190734863,5.579999923706055,5.579999923706055,104300
5.630000114440918,5.695000171661377,5.449999809265137,5.519999980926514,5.519999980926514,58200
5.519999980926514,5.53000020980835,5.400000095367432,5.480000019073486,5.480000019073486,80000
5.519999980926514,5.760000228881836,5.440000057220459,5.71999979019165,5.71999979019165,80000
5.739999771118164,6.5,5.739999771118164,6.349999904632568,6.349999904632568,100000
6.400000095367432,6.539999961853027,5.829999923706055,6.070000171661377,6.070000171661377,187200
6.050000190734863,6.050000190734863,5.650000095367432,5.760000228881836,5.760000228881836,43300
5.769999980926514,6.400000095367432,5.75,6.400000095367432,6.400000095367432,33300
6.400000095367432,6.460000038146973,5.980000019073486,6.139999866485596,6.139999866485596,49600
6.170000076293945,6.300000190734863,6.046999931335449,6.179999828338623,6.179999828338623,29400
6.179999828338623,6.28000020980835,5.989999771118164,6.099999904632568,6.099999904632568,25300
6.079999923706055,6.349999904632568,6.079999923706055,6.340000152587891,6.340000152587891,37300
6.369999885559082,6.369999885559082,6.170000076293945,6.21999979019165,6.21999979019165,31400
6.239999771118164,6.360000133514404,6.099999904632568,6.25,6.25,125700
6.289999961853027,6.445000171661377,5.974999904632568,6.25,6.25,81500
6.239999771118164,6.420000076293945,6.239999771118164,6.349999904632568,6.349999904632568,80300
6.340000152587891,6.340000152587891,6.170000076293945,6.300000190734863,6.300000190734863,56000
6.300000190734863,6.300000190734863,5.949999809265137,6.25,6.25,143100
6.25,6.25,6.026000022888184,6.119999885559082,6.119999885559082,68200
6.050000190734863,6.130000114440918,5.909999847412109,5.989999771118164,5.989999771118164,51300
6.039999961853027,6.119999885559082,5.789999961853027,5.900000095367432,5.900000095367432,89500
5.889999866485596,6.300000190734863,5.550000190734863,6.150000095367432,6.150000095367432,405300
6.119999885559082,6.309999942779541,5.889999866485596,5.96999979019165,5.96999979019165,168900
6.010000228881836,6.010000228881836,5.71999979019165,5.71999979019165,5.71999979019165,48500
5.760000228881836,6.159999847412109,5.329999923706055,5.329999923706055,5.329999923706055,156700
5.050000190734863,5.070000171661377,3.7200000286102295,3.75,3.75,595400
3.75,3.9800000190734863,3.75,3.7899999618530273,3.7899999618530273,252400
3.75,3.7899999618530273,2.819999933242798,3.0,3.0,458300
3.0299999713897705,3.3399999141693115,2.845999956130981,3.119999885559082,3.119999885559082,180200
3.109999895095825,3.190000057220459,2.940000057220459,3.130000114440918,3.130000114440918,78500
3.109999895095825,3.180000066757202,2.6600000858306885,2.700000047683716,2.700000047683716,186300
2.759999990463257,2.799999952316284,2.549999952316284,2.650000095367432,2.650000095367432,125800
2.6600000858306885,2.756999969482422,2.4600000381469727,2.5299999713897705,2.5299999713897705,199200
2.549999952316284,2.609999895095825,2.180000066757202,2.190000057220459,2.190000057220459,303500
2.180000066757202,2.2049999237060547,2.005000114440918,2.059999942779541,2.059999942779541,349100
2.359999895095825,2.369999885559082,1.7699999809265137,1.950000047683716,1.950000047683716,787500
1.8899999856948853,1.8899999856948853,1.5299999713897705,1.7100000381469729,1.7100000381469729,513000
1.7100000381469729,1.722000002861023,1.5049999952316284,1.649999976158142,1.649999976158142,326900
1.659999966621399,1.8350000381469729,1.5549999475479126,1.6799999475479126,1.6799999475479126,587100
1.7300000190734863,1.7699999809265137,1.4900000095367432,1.690000057220459,1.690000057220459,432500
1.8200000524520876,1.8200000524520876,1.6200000047683716,1.6549999713897705,1.6549999713897705,238500
1.7100000381469729,2.299999952316284,1.6699999570846558,2.240000009536743,2.240000009536743,830800
2.369999885559082,2.380000114440918,1.950000047683716,2.0,2.0,568800
1.9900000095367432,1.9900000095367432,1.7000000476837158,1.850000023841858,1.850000023841858,299200
1.8799999952316284,1.8799999952316284,1.659999966621399,1.7200000286102295,1.7200000286102295,180300
1.7300000190734863,2.200000047683716,1.7300000190734863,2.180000066757202,2.180000066757202,475500
2.1700000762939453,2.177999973297119,1.950000047683716,1.9600000381469729,1.9600000381469729,243100
1.9600000381469729,2.0799999237060547,1.9299999475479128,1.9800000190734863,1.9800000190734863,115600
1.9900000095367432,2.0199999809265137,1.8200000524520876,1.8200000524520876,1.8200000524520876,195400
1.840000033378601,1.9900000095367432,1.830000042915344,1.940000057220459,1.940000057220459,108700
1.9600000381469729,2.039999961853028,1.899999976158142,1.9900000095367432,1.9900000095367432,372400
1.9700000286102293,2.1689999103546143,1.88100004196167,2.119999885559082,2.119999885559082,410300
2.130000114440918,2.150000095367432,1.809999942779541,1.8799999952316284,1.8799999952316284,427800
1.850000023841858,1.878999948501587,1.718999981880188,1.7300000190734863,1.7300000190734863,337600
1.75,1.870000004768372,1.7200000286102295,1.7799999713897705,1.7799999713897705,180500
1.7899999618530271,1.8899999856948853,1.75,1.840000033378601,1.840000033378601,102600
1.830000042915344,2.0,1.809999942779541,2.0,2.0,663600
2.0299999713897705,2.059999942779541,1.950000047683716,1.9700000286102293,1.9700000286102293,146300
1.9800000190734863,2.059999942779541,1.950000047683716,2.0199999809265137,2.0199999809265137,143800
2.0299999713897705,2.140000104904175,1.8200000524520876,1.850000023841858,1.850000023841858,91500
1.8200000524520876,1.950000047683716,1.7599999904632568,1.7899999618530271,1.7899999618530271,85800
1.7899999618530271,1.8609999418258667,1.7000000476837158,1.7699999809265137,1.7699999809265137,185300
1.7699999809265137,1.7899999618530271,1.7000000476837158,1.7100000381469729,1.7100000381469729,75000
1.7300000190734863,1.7599999904632568,1.659999966621399,1.6699999570846558,1.6699999570846558,80800
1.659999966621399,1.690000057220459,1.537999987602234,1.690000057220459,1.690000057220459,213700
1.690000057220459,1.7089999914169312,1.600000023841858,1.6200000047683716,1.6200000047683716,101800
1.649999976158142,1.7000000476837158,1.5499999523162842,1.6100000143051147,1.6100000143051147,87900
1.5800000429153442,1.590000033378601,1.350000023841858,1.399999976158142,1.399999976158142,254400
1.4299999475479126,1.493000030517578,1.3899999856948853,1.3899999856948853,1.3899999856948853,55900
1.3899999856948853,1.399999976158142,1.2599999904632568,1.2999999523162842,1.2999999523162842,139800
1.2699999809265137,1.3730000257492063,1.25,1.25,1.25,79400
1.2799999713897705,1.2799999713897705,1.25,1.25,1.25,133300
1.2599999904632568,1.8559999465942385,1.2300000190734863,1.5399999618530271,1.5399999618530271,1027800
1.5299999713897705,1.6100000143051147,1.3600000143051147,1.5,1.5,174000
1.5199999809265137,1.5299999713897705,1.3200000524520874,1.3600000143051147,1.3600000143051147,122400
1.3700000047683716,1.4500000476837158,1.3420000076293943,1.399999976158142,1.399999976158142,54300
1.3899999856948853,1.4500000476837158,1.3899999856948853,1.399999976158142,1.399999976158142,40700
1.3899999856948853,1.5199999809265137,1.3899999856948853,1.440000057220459,1.440000057220459,84400
1.4600000381469729,1.5399999618530271,1.3899999856948853,1.409999966621399,1.409999966621399,36700
1.409999966621399,1.4950000047683716,1.25,1.2599999904632568,1.2599999904632568,61900
1.2999999523162842,1.399999976158142,1.2799999713897705,1.284999966621399,1.284999966621399,104500
1.25,1.340000033378601,1.25,1.2899999618530271,1.2899999618530271,27600
1.2899999618530271,1.3600000143051147,1.25,1.3200000524520874,1.3200000524520874,45000
1.2899999618530271,1.4199999570846558,1.25,1.3700000047683716,1.3700000047683716,54900
1.440000057220459,1.5,1.3899999856948853,1.4600000381469729,1.4600000381469729,51100
1.4700000286102295,1.5399999618530271,1.4299999475479126,1.5,1.5,55100
1.437000036239624,1.6399999856948853,1.4299999475479126,1.559999942779541,1.559999942779541,100300
1.409999966621399,1.6200000047683716,1.409999966621399,1.559999942779541,1.559999942779541,78700
1.5199999809265137,1.5199999809265137,1.2660000324249268,1.3899999856948853,1.3899999856948853,158400
1.3700000047683716,1.659999966621399,1.3700000047683716,1.5099999904632568,1.5099999904632568,161600
1.5099999904632568,1.6699999570846558,1.4800000190734863,1.6399999856948853,1.6399999856948853,169000
1.6399999856948853,1.8200000524520876,1.6100000143051147,1.690000057220459,1.690000057220459,149700
1.7400000095367432,1.7619999647140503,1.649999976158142,1.6950000524520874,1.6950000524520874,91900
1.7100000381469729,1.8799999952316284,1.7100000381469729,1.8200000524520876,1.8200000524520876,211000
1.8899999856948853,1.8899999856948853,1.690000057220459,1.7699999809265137,1.7699999809265137,55100
1.75,1.75,1.5299999713897705,1.5700000524520874,1.5700000524520874,124500
1.590000033378601,1.7799999713897705,1.590000033378601,1.7100000381469729,1.7100000381469729,88200
1.7200000286102295,1.7200000286102295,1.5299999713897705,1.5700000524520874,1.5700000524520874,78400
1.559999942779541,1.7300000190734863,1.5399999618530271,1.7000000476837158,1.7000000476837158,43000
1.7000000476837158,1.9600000381469729,1.649999976158142,1.870000004768372,1.870000004768372,176800
1.8899999856948853,1.9900000095367432,1.870000004768372,1.909999966621399,1.909999966621399,98200
1.909999966621399,1.9700000286102293,1.7699999809265137,1.940000057220459,1.940000057220459,82000
1.9600000381469729,2.247999906539917,1.899999976158142,2.220000028610229,2.220000028610229,177400
2.299999952316284,2.5799999237060547,2.0999999046325684,2.549999952316284,2.549999952316284,307000
2.549999952316284,2.990000009536743,2.450000047683716,2.890000104904175,2.890000104904175,318400
2.8499999046325684,2.950000047683716,2.5999999046325684,2.890000104904175,2.890000104904175,163400
2.900000095367432,3.5,2.75,3.2699999809265137,3.2699999809265137,228700
3.3499999046325684,3.509999990463257,3.0,3.4800000190734863,3.4800000190734863,241300
3.5,3.650000095367432,3.309999942779541,3.609999895095825,3.609999895095825,208200
3.559999942779541,3.799999952316284,3.3499999046325684,3.75,3.75,210800
3.700000047683716,4.0,3.569999933242798,3.890000104904175,3.890000104904175,265100
3.910000085830689,4.139999866485596,3.7799999713897705,4.050000190734863,4.050000190734863,168300
4.110000133514404,4.900000095367432,3.9800000190734863,4.75,4.75,456200
4.860000133514404,5.639999866485596,4.675000190734863,4.960000038146973,4.960000038146973,925000
4.949999809265137,5.239999771118164,4.400000095367432,5.0,5.0,785200
5.019999980926514,5.019999980926514,4.0,4.179999828338623,4.179999828338623,462300
4.130000114440918,4.289999961853027,2.700000047683716,3.359999895095825,3.359999895095825,643000
3.109999895095825,3.191999912261963,2.509999990463257,2.569999933242798,2.569999933242798,566200
2.5999999046325684,2.900000095367432,2.430000066757202,2.4800000190734863,2.4800000190734863,330600
2.430000066757202,2.430000066757202,2.109999895095825,2.174999952316284,2.174999952316284,284700
2.130000114440918,2.2100000381469727,2.0299999713897705,2.190000057220459,2.190000057220459,152500
2.150000095367432,2.190000057220459,1.7999999523162842,1.8600000143051147,1.8600000143051147,240400
1.850000023841858,2.059999942779541,1.7999999523162842,2.0,2.0,219000
2.0,2.0,1.830000042915344,1.9800000190734863,1.9800000190734863,78400
2.059999942779541,3.111000061035156,2.059999942779541,2.6700000762939453,2.6700000762939453,1241600
2.6600000858306885,2.880000114440918,2.440000057220459,2.559999942779541,2.559999942779541,366300
2.470000028610229,2.549999952316284,2.259999990463257,2.369999885559082,2.369999885559082,199800
2.390000104904175,2.75,2.390000104904175,2.619999885559082,2.619999885559082,165900
2.619999885559082,2.6459999084472656,2.3499999046325684,2.4200000762939453,2.4200000762939453,88400
2.430000066757202,2.680000066757202,1.9299999475479128,2.069999933242798,2.069999933242798,264200
2.0,2.150000095367432,1.919999957084656,1.9700000286102293,1.9700000286102293,187500
1.9299999475479128,2.0209999084472656,1.7200000286102295,1.8899999856948853,1.8899999856948853,239000
1.870000004768372,1.934999942779541,1.830000042915344,1.8799999952316284,1.8799999952316284,79100
1.8899999856948853,2.069999933242798,1.809999942779541,1.9600000381469729,1.9600000381469729,191900
1.9900000095367432,2.053999900817871,1.870000004768372,1.8799999952316284,1.8799999952316284,117700
1.919999957084656,1.950000047683716,1.8799999952316284,1.909999966621399,1.909999966621399,85200
1.8799999952316284,1.9900000095367432,1.8799999952316284,1.9700000286102293,1.9700000286102293,81900
1.9700000286102293,2.0799999237060547,1.899999976158142,2.059999942779541,2.059999942779541,113500
2.049999952316284,2.049999952316284,1.850000023841858,1.8600000143051147,1.8600000143051147,168900
1.8600000143051147,1.950000047683716,1.850000023841858,1.850000023841858,1.850000023841858,89000
1.8600000143051147,1.9299999475479128,1.7599999904632568,1.809999942779541,1.809999942779541,117200
1.899999976158142,1.899999976158142,1.649999976158142,1.690000057220459,1.690000057220459,122700
1.6799999475479126,1.7100000381469729,1.3700000047683716,1.4600000381469729,1.4600000381469729,421700
1.4500000476837158,1.6399999856948853,1.4199999570846558,1.5800000429153442,1.5800000429153442,195200
1.559999942779541,1.649999976158142,1.4800000190734863,1.5499999523162842,1.5499999523162842,153200
1.5399999618530271,1.715000033378601,1.5399999618530271,1.690000057220459,1.690000057220459,110500
1.6699999570846558,1.690000057220459,1.4900000095367432,1.5049999952316284,1.5049999952316284,189100
1.5199999809265137,1.600000023841858,1.5099999904632568,1.5149999856948853,1.5149999856948853,46800
1.5099999904632568,1.590000033378601,1.4600000381469729,1.5499999523162842,1.5499999523162842,69700
1.5399999618530271,1.7300000190734863,1.5299999713897705,1.6299999952316284,1.6299999952316284,76500
1.6299999952316284,1.690000057220459,1.600000023841858,1.6399999856948853,1.6399999856948853,49100
1.6100000143051147,1.8869999647140503,1.600000023841858,1.8200000524520876,1.8200000524520876,169300
1.840000033378601,1.950000047683716,1.809999942779541,1.850000023841858,1.850000023841858,154000
1.4700000286102295,1.5199999809265137,1.2999999523162842,1.4800000190734863,1.4800000190734863,337700
1.5,1.659999966621399,1.5,1.5800000429153442,1.5800000429153442,185600
1.5299999713897705,1.5800000429153442,1.309999942779541,1.3700000047683716,1.3700000047683716,252100
1.399999976158142,1.559999942779541,1.3700000047683716,1.559999942779541,1.559999942779541,209500
1.5700000524520874,1.7000000476837158,1.4800000190734863,1.5099999904632568,1.5099999904632568,191000
1.5,1.5700000524520874,1.4600000381469729,1.5199999809265137,1.5199999809265137,59400
1.5099999904632568,1.593000054359436,1.409999966621399,1.5199999809265137,1.5199999809265137,259200
1.5299999713897705,1.5800000429153442,1.4700000286102295,1.5499999523162842,1.5499999523162842,102400
1.5299999713897705,1.5499999523162842,1.4700000286102295,1.4800000190734863,1.4800000190734863,65100
1.5099999904632568,1.5499999523162842,1.4700000286102295,1.4800000190734863,1.4800000190734863,74400
1.5,1.559999942779541,1.4500000476837158,1.5099999904632568,1.5099999904632568,67700
1.5199999809265137,1.5299999713897705,1.440000057220459,1.5,1.5,153300
1.649999976158142,1.6979999542236328,1.4800000190734863,1.5299999713897705,1.5299999713897705,169100
1.559999942779541,1.899999976158142,1.5,1.7200000286102295,1.7200000286102295,458000
1.7799999713897705,1.7999999523162842,1.600000023841858,1.6200000047683716,1.6200000047683716,253200
1.6399999856948853,1.7100000381469729,1.4199999570846558,1.649999976158142,1.649999976158142,118000
1.6299999952316284,1.7999999523162842,1.6200000047683716,1.7599999904632568,1.7599999904632568,99100
1.7799999713897705,1.809999942779541,1.5399999618530271,1.5700000524520874,1.5700000524520874,121900
1.5700000524520874,1.5700000524520874,1.4600000381469729,1.5549999475479126,1.5549999475479126,118400
1.5199999809265137,1.6399999856948853,1.5199999809265137,1.590000033378601,1.590000033378601,91400
1.600000023841858,1.600000023841858,1.5,1.559999942779541,1.559999942779541,57300
1.559999942779541,1.590000033378601,1.4500000476837158,1.5,1.5,118600
1.4900000095367432,1.5110000371932983,1.2599999904632568,1.309999942779541,1.309999942779541,485300
1.2400000095367432,1.340000033378601,1.2100000381469729,1.284999966621399,1.284999966621399,219700
1.2799999713897705,1.309999942779541,1.2200000286102295,1.2899999618530271,1.2899999618530271,225000
1.2899999618530271,1.3200000524520874,1.159999966621399,1.2300000190734863,1.2300000190734863,267900
1.340000033378601,1.3799999952316284,1.2899999618530271,1.3600000143051147,1.3600000143051147,349800
1.399999976158142,1.399999976158142,1.3200000524520874,1.3899999856948853,1.3899999856948853,101400
1.3600000143051147,1.4299999475479126,1.309999942779541,1.3300000429153442,1.3300000429153442,161100
1.340000033378601,1.378999948501587,1.2400000095367432,1.309999942779541,1.309999942779541,245000
1.2899999618530271,1.4900000095367432,1.2799999713897705,1.4800000190734863,1.4800000190734863,272000
1.4900000095367432,1.600000023841858,1.4199999570846558,1.590000033378601,1.590000033378601,289300
1.600000023841858,1.6419999599456787,1.4529999494552612,1.5299999713897705,1.5299999713897705,101900
1.5099999904632568,1.6399999856948853,1.4500000476837158,1.6200000047683716,1.6200000047683716,113900
1.5700000524520874,1.600000023841858,1.5,1.5099999904632568,1.5099999904632568,178300
1.5,1.5700000524520874,1.4600000381469729,1.4900000095367432,1.4900000095367432,109300
1.5,1.5099999904632568,1.350000023841858,1.3899999856948853,1.3899999856948853,141700
1.340000033378601,1.4199999570846558,1.2599999904632568,1.3700000047683716,1.3700000047683716,287700
1.3799999952316284,1.440000057220459,1.350000023841858,1.3899999856948853,1.3899999856948853,81900
1.4600000381469729,1.4600000381469729,1.0800000429153442,1.2000000476837158,1.2000000476837158,669100
1.1699999570846558,1.2300000190734863,1.149999976158142,1.190000057220459,1.190000057220459,159100
1.190000057220459,1.2799999713897705,1.149999976158142,1.2699999809265137,1.2699999809265137,160300
1.2999999523162842,1.409999966621399,1.2799999713897705,1.399999976158142,1.399999976158142,232500
1.4199999570846558,1.4199999570846558,1.3700000047683716,1.3799999952316284,1.3799999952316284,142500
1.3700000047683716,1.3899999856948853,1.3200000524520874,1.350000023841858,1.350000023841858,60100
1.3600000143051147,1.3730000257492063,1.2699999809265137,1.2999999523162842,1.2999999523162842,96400
1.2899999618530271,1.3200000524520874,1.2400000095367432,1.2899999618530271,1.2899999618530271,93100
1.2699999809265137,1.3200000524520874,1.2100000381469729,1.2599999904632568,1.2599999904632568,99200
1.2699999809265137,1.3289999961853027,1.2300000190734863,1.2400000095367432,1.2400000095367432,68000
1.25,1.2699999809265137,1.2300000190734863,1.2699999809265137,1.2699999809265137,113300
1.2599999904632568,1.2999999523162842,1.25,1.2799999713897705,1.2799999713897705,80200
1.2699999809265137,1.309999942779541,1.2000000476837158,1.2100000381469729,1.2100000381469729,127100
1.350000023841858,1.350000023841858,1.1699999570846558,1.2599999904632568,1.2599999904632568,285400
1.2599999904632568,1.2599999904632568,1.149999976158142,1.2200000286102295,1.2200000286102295,143700
1.2300000190734863,1.25,1.1699999570846558,1.25,1.25,77800
1.2200000286102295,1.25,1.1799999475479126,1.25,1.25,193500
1.2400000095367432,1.25,1.1699999570846558,1.2300000190734863,1.2300000190734863,70500
1.2400000095367432,1.2400000095367432,1.090000033378601,1.1399999856948853,1.1399999856948853,296700
1.1299999952316284,1.1299999952316284,1.059999942779541,1.0700000524520874,1.0700000524520874,104000
1.0800000429153442,1.0850000381469729,0.949999988079071,1.0299999713897705,1.0299999713897705,261800
1.0299999713897705,1.0499999523162842,1.0099999904632568,1.0199999809265137,1.0199999809265137,52800
1.0199999809265137,1.0299999713897705,0.9020000100135804,0.949999988079071,0.949999988079071,416800
0.949999988079071,1.090000033378601,0.925000011920929,1.059999942779541,1.059999942779541,497200
1.0099999904632568,1.1299999952316284,0.9900000095367432,1.1100000143051147,1.1100000143051147,268200
1.1100000143051147,1.1299999952316284,1.0700000524520874,1.1299999952316284,1.1299999952316284,189700
1.1100000143051147,1.1200000047683716,1.0700000524520874,1.090000033378601,1.090000033378601,115200
1.0800000429153442,1.1100000143051147,1.0099999904632568,1.0399999618530271,1.0399999618530271,123400
0.9900000095367432,1.0800000429153442,0.9900000095367432,1.0099999904632568,1.0099999904632568,56700
1.0099999904632568,1.0499999523162842,0.9110000133514404,0.9279999732971193,0.9279999732971193,146100
0.9279999732971193,1.0,0.9200000166893004,0.9559999704360962,0.9559999704360962,114300
0.9369999766349792,0.9369999766349792,0.7250000238418579,0.7799999713897705,0.7799999713897705,421500
0.800000011920929,0.8199999928474426,0.7279999852180481,0.7300000190734863,0.7300000190734863,274700
0.7400000095367432,0.75,0.6620000004768372,0.7329999804496765,0.7329999804496765,194600
0.7319999933242798,0.7599999904632568,0.6370000243186951,0.6919999718666077,0.6919999718666077,135900
0.7630000114440918,0.7699999809265137,0.6899999976158142,0.7519999742507935,0.7519999742507935,130000
0.7379999756813049,0.75,0.6200000047683716,0.6389999985694885,0.6389999985694885,327700
0.6370000243186951,0.6899999976158142,0.6100000143051147,0.6190000176429749,0.6190000176429749,199800
0.6100000143051147,0.6899999976158142,0.4239999949932098,0.6480000019073486,0.6480000019073486,438400
0.6899999976158142,0.699999988079071,0.5180000066757202,0.6010000109672546,0.6010000109672546,225500
0.5950000286102295,0.6700000166893005,0.550000011920929,0.5870000123977661,0.5870000123977661,201200
0.5879999995231628,0.6100000143051147,0.4009999930858612,0.4729999899864197,0.4729999899864197,475900
0.5199999809265137,0.6000000238418579,0.460999995470047,0.5400000214576721,0.5400000214576721,211500
0.5669999718666077,0.5669999718666077,0.4320000112056732,0.4900000095367431,0.4900000095367431,97000
0.4950000047683716,0.5509999990463257,0.4900000095367431,0.5,0.5,172100
0.4900000095367431,0.5199999809265137,0.3199999928474426,0.328000009059906,0.328000009059906,236600
0.3300000131130218,0.4699999988079071,0.328000009059906,0.4460000097751617,0.4460000097751617,232700
0.4199999868869781,0.5260000228881836,0.3869999945163727,0.4900000095367431,0.4900000095367431,206000
0.5149999856948853,0.5199999809265137,0.4020000100135803,0.4699999988079071,0.4699999988079071,105000
0.4600000083446502,0.4600000083446502,0.4000000059604645,0.449999988079071,0.449999988079071,247400
0.4729999899864197,0.4799999892711639,0.3899999856948852,0.4300000071525574,0.4300000071525574,204200
0.4699999988079071,0.4799999892711639,0.4259999990463257,0.4650000035762787,0.4650000035762787,232700
0.4490000009536743,0.4799999892711639,0.4000000059604645,0.4040000140666961,0.4040000140666961,276800
0.4620000123977661,2.400000095367432,0.4199999868869781,1.2100000381469729,1.2100000381469729,18737200
0.9399999976158142,1.190000057220459,0.8199999928474426,0.949999988079071,0.949999988079071,3683300
0.949999988079071,0.9800000190734864,0.7059999704360962,0.7699999809265137,0.7699999809265137,1377900
