4.179999828338623,4.199999809265137,4.050000190734863,4.079999923706055,4.079999923706055,258200
4.079999923706055,4.159999847412109,4.079999923706055,4.130000114440918,4.130000114440918,66600
4.25,4.25,4.059999942779541,4.119999885559082,4.119999885559082,79100
4.130000114440918,4.25,4.050000190734863,4.139999866485596,4.139999866485596,116700
4.099999904632568,4.25,4.079999923706055,4.25,4.25,102100
4.110000133514404,4.400000095367432,4.110000133514404,4.300000190734863,4.300000190734863,33300
4.349999904632568,4.940000057220459,4.25,4.309999942779541,4.309999942779541,197000
4.429999828338623,4.440000057220459,4.199999809265137,4.289999961853027,4.289999961853027,16300
4.230000019073486,4.400000095367432,4.230000019073486,4.320000171661377,4.320000171661377,1600
4.230000019073486,4.38100004196167,4.230000019073486,4.25,4.25,22900
4.349999904632568,4.5,4.179999828338623,4.380000114440918,4.380000114440918,97000
4.260000228881836,4.449999809265137,4.260000228881836,4.360000133514404,4.360000133514404,22200
4.449999809265137,4.449999809265137,4.25,4.269999980926514,4.269999980926514,9400
4.300000190734863,4.449999809265137,4.199999809265137,4.28000020980835,4.28000020980835,52900
4.269999980926514,4.449999809265137,4.230000019073486,4.25,4.25,31400
4.369999885559082,4.449999809265137,4.03000020980835,4.369999885559082,4.369999885559082,185800
4.28000020980835,4.368000030517578,4.210000038146973,4.269999980926514,4.269999980926514,44500
4.329999923706055,4.329999923706055,4.269999980926514,4.269999980926514,4.269999980926514,7200
4.25,4.449999809265137,4.25,4.349999904632568,4.349999904632568,51300
4.440000057220459,4.449999809265137,4.349999904632568,4.400000095367432,4.400000095367432,38300
4.309999942779541,4.5,4.25,4.369999885559082,4.369999885559082,20900
4.369999885559082,4.400000095367432,4.260000228881836,4.349999904632568,4.349999904632568,8200
4.400000095367432,4.449999809265137,4.269999980926514,4.269999980926514,4.269999980926514,8200
4.349999904632568,4.400000095367432,4.260000228881836,4.28000020980835,4.28000020980835,11600
4.355000019073486,4.510000228881836,4.355000019073486,4.5,4.5,3900
4.340000152587891,4.550000190734863,4.110000133514404,4.539999961853027,4.539999961853027,83900
4.5,4.5,4.230000019073486,4.340000152587891,4.340000152587891,7100
4.349999904632568,4.349999904632568,4.239999771118164,4.340000152587891,4.340000152587891,18900
4.300000190734863,4.639999866485596,4.300000190734863,4.383999824523926,4.383999824523926,17200
4.400000095367432,4.670000076293945,4.400000095367432,4.489999771118164,4.489999771118164,17100
4.860000133514404,4.860000133514404,4.349999904632568,4.420000076293945,4.420000076293945,28700
4.639999866485596,4.75,4.420000076293945,4.480000019073486,4.480000019073486,29300
4.650000095367432,5.0,4.179999828338623,4.400000095367432,4.400000095367432,86300
4.519999980926514,4.519999980926514,4.389999866485596,4.400000095367432,4.400000095367432,11900
4.5,4.5,4.5,4.5,4.5,2700
4.699999809265137,4.714000225067139,4.400000095367432,4.5,4.5,6300
4.590000152587891,4.675000190734863,4.5,4.510000228881836,4.510000228881836,4100
4.739999771118164,4.75,4.5,4.679999828338623,4.679999828338623,6100
4.652999877929688,4.708000183105469,4.428999900817871,4.53000020980835,4.53000020980835,28100
4.440000057220459,4.539999961853027,4.389999866485596,4.53000020980835,4.53000020980835,5700
4.5,4.5,4.420000076293945,4.440000057220459,4.440000057220459,1900
4.515999794006348,4.630000114440918,4.449999809265137,4.561999797821045,4.561999797821045,3200
4.5,4.570000171661377,4.5,4.570000171661377,4.570000171661377,1600
4.570000171661377,4.570000171661377,4.570000171661377,4.570000171661377,4.570000171661377,0
4.519999980926514,4.619999885559082,4.5,4.5,4.5,15400
4.519999980926514,4.630000114440918,4.460999965667725,4.630000114440918,4.630000114440918,10500
4.630000114440918,4.630000114440918,4.630000114440918,4.630000114440918,4.630000114440918,0
4.650000095367432,4.730000019073486,4.550000190734863,4.550000190734863,4.550000190734863,83000
4.550000190734863,4.71999979019165,4.550000190734863,4.71999979019165,4.71999979019165,10200
4.670000076293945,4.670000076293945,4.3470001220703125,4.570000171661377,4.570000171661377,59300
4.550000190734863,4.639999866485596,4.550000190734863,4.610000133514404,4.610000133514404,7800
4.599999904632568,4.699999809265137,4.599999904632568,4.639999866485596,4.639999866485596,16400
4.670000076293945,4.699999809265137,4.559999942779541,4.599999904632568,4.599999904632568,7300
4.565000057220459,4.651000022888184,4.559999942779541,4.599999904632568,4.599999904632568,11000
4.579999923706055,4.690000057220459,4.550000190734863,4.690000057220459,4.690000057220459,4500
4.53000020980835,4.63100004196167,4.510000228881836,4.550000190734863,4.550000190734863,2700
4.570000171661377,4.570000171661377,4.570000171661377,4.570000171661377,4.570000171661377,100
4.570000171661377,4.570000171661377,4.570000171661377,4.570000171661377,4.570000171661377,0
4.639999866485596,4.699999809265137,4.639999866485596,4.639999866485596,4.639999866485596,3800
4.636000156402588,4.664999961853027,4.559999942779541,4.559999942779541,4.559999942779541,4200
4.64300012588501,4.670000076293945,4.599999904632568,4.670000076293945,4.670000076293945,4700
4.559999942779541,4.652999877929688,4.559999942779541,4.579999923706055,4.579999923706055,3300
4.639999866485596,4.650000095367432,4.599999904632568,4.599999904632568,4.599999904632568,2600
4.610000133514404,4.699999809265137,4.550000190734863,4.619999885559082,4.619999885559082,10300
4.619999885559082,4.639999866485596,4.420000076293945,4.590000152587891,4.590000152587891,16200
4.369999885559082,4.639999866485596,4.369999885559082,4.599999904632568,4.599999904632568,5300
4.639999866485596,4.639999866485596,4.349999904632568,4.579999923706055,4.579999923706055,7000
4.409999847412109,4.650000095367432,4.349999904632568,4.639999866485596,4.639999866485596,28800
4.409999847412109,4.690000057220459,4.409999847412109,4.679999828338623,4.679999828338623,14300
4.679999828338623,4.730000019073486,4.579999923706055,4.730000019073486,4.730000019073486,7900
4.699999809265137,4.699999809265137,4.570000171661377,4.619999885559082,4.619999885559082,26000
4.619999885559082,4.619999885559082,4.619999885559082,4.619999885559082,4.619999885559082,0
4.690000057220459,4.920000076293945,4.550000190734863,4.920000076293945,4.920000076293945,20300
4.8979997634887695,5.070000171661377,4.760000228881836,4.989999771118164,4.989999771118164,14000
4.96999979019165,5.0,4.869999885559082,5.0,5.0,22200
5.0,5.550000190734863,4.98199987411499,5.449999809265137,5.449999809265137,73200
5.5,5.710000038146973,5.360000133514404,5.710000038146973,5.710000038146973,115300
5.699999809265137,5.949999809265137,5.309999942779541,5.599999904632568,5.599999904632568,98400
5.599999904632568,6.0,5.46999979019165,6.0,6.0,58800
6.050000190734863,6.25,5.769999980926514,6.239999771118164,6.239999771118164,114100
6.25,6.53000020980835,6.25,6.429999828338623,6.429999828338623,59500
6.400000095367432,6.420000076293945,6.25,6.400000095367432,6.400000095367432,58600
6.119999885559082,6.429999828338623,6.050000190734863,6.380000114440918,6.380000114440918,43100
6.400000095367432,6.429999828338623,5.789999961853027,5.789999961853027,5.789999961853027,110300
5.800000190734863,6.320000171661377,5.678999900817871,6.234000205993652,6.234000205993652,19900
6.230000019073486,6.769999980926514,6.230000019073486,6.400000095367432,6.400000095367432,56000
6.400000095367432,6.400000095367432,6.25,6.300000190734863,6.300000190734863,107000
6.300000190734863,6.449999809265137,6.25,6.300000190734863,6.300000190734863,43200
6.300000190734863,6.349999904632568,6.277999877929688,6.300000190734863,6.300000190734863,17400
6.28000020980835,6.429999828338623,6.28000020980835,6.409999847412109,6.409999847412109,16500
6.389999866485596,6.449999809265137,6.159999847412109,6.320000171661377,6.320000171661377,31700
6.329999923706055,6.420000076293945,6.199999809265137,6.309999942779541,6.309999942779541,24700
6.309999942779541,6.388999938964844,6.25,6.309999942779541,6.309999942779541,9600
6.349999904632568,6.409999847412109,6.269999980926514,6.289999961853027,6.289999961853027,29500
6.369999885559082,6.369999885559082,6.2220001220703125,6.300000190734863,6.300000190734863,32600
6.460000038146973,6.460000038146973,6.289999961853027,6.309999942779541,6.309999942779541,31900
6.309999942779541,6.449999809265137,6.260000228881836,6.260000228881836,6.260000228881836,23400
6.269999980926514,6.309999942779541,6.255000114440918,6.289999961853027,6.289999961853027,16400
6.202000141143799,6.300000190734863,6.202000141143799,6.300000190734863,6.300000190734863,7300
6.300000190734863,6.300000190734863,6.199999809265137,6.248000144958496,6.248000144958496,1500
6.25,6.25,6.110000133514404,6.21999979019165,6.21999979019165,2000
6.25,6.296999931335449,6.11299991607666,6.28000020980835,6.28000020980835,4300
6.300000190734863,6.300000190734863,5.480000019073486,5.619999885559082,5.619999885559082,26800
5.679999828338623,5.679999828338623,5.650000095367432,5.650000095367432,5.650000095367432,13900
5.75,5.75,5.656000137329102,5.699999809265137,5.699999809265137,3800
5.650000095367432,5.800000190734863,5.650000095367432,5.758999824523926,5.758999824523926,5200
5.760000228881836,5.889999866485596,5.599999904632568,5.599999904632568,5.599999904632568,30900
5.550000190734863,5.809999942779541,5.5,5.809999942779541,5.809999942779541,41300
5.769999980926514,5.849999904632568,5.724999904632568,5.809999942779541,5.809999942779541,32800
5.809999942779541,5.840000152587891,5.724999904632568,5.833000183105469,5.833000183105469,23300
5.809999942779541,5.989999771118164,5.769999980926514,5.989999771118164,5.989999771118164,54500
5.920000076293945,5.952000141143799,5.820000171661377,5.829999923706055,5.829999923706055,7200
5.840000152587891,5.949999809265137,5.840000152587891,5.949999809265137,5.949999809265137,17200
5.889999866485596,6.289000034332275,5.889999866485596,6.099999904632568,6.099999904632568,5300
6.173999786376953,6.269999980926514,6.0,6.119999885559082,6.119999885559082,3400
6.130000114440918,6.130000114440918,5.820000171661377,5.820000171661377,5.820000171661377,1100
5.889999866485596,6.079999923706055,5.809999942779541,5.829999923706055,5.829999923706055,4000
5.860000133514404,5.929999828338623,5.769999980926514,5.920000076293945,5.920000076293945,25000
5.952000141143799,5.989999771118164,5.800000190734863,5.800000190734863,5.800000190734863,13300
5.840000152587891,5.849999904632568,5.769999980926514,5.840000152587891,5.840000152587891,37700
5.829999923706055,5.849999904632568,5.690000057220459,5.789999961853027,5.789999961853027,27300
5.800000190734863,6.0,5.520999908447266,5.861000061035156,5.861000061035156,12600
6.079999923706055,6.099999904632568,5.826000213623047,5.910999774932861,5.910999774932861,10500
6.099999904632568,6.099999904632568,6.0,6.010000228881836,6.010000228881836,11800
6.059999942779541,6.059999942779541,5.639999866485596,5.929999828338623,5.929999828338623,53300
6.0,6.079999923706055,5.989999771118164,6.010000228881836,6.010000228881836,52400
6.03000020980835,6.03000020980835,5.748000144958496,5.949999809265137,5.949999809265137,23400
5.901000022888184,6.099999904632568,5.900000095367432,5.980000019073486,5.980000019073486,4400
5.96999979019165,5.96999979019165,5.96999979019165,5.96999979019165,5.96999979019165,200
5.99399995803833,5.99399995803833,5.875,5.909999847412109,5.909999847412109,31400
5.940000057220459,5.960000038146973,5.85099983215332,5.900000095367432,5.900000095367432,11500
5.88100004196167,5.900000095367432,5.880000114440918,5.900000095367432,5.900000095367432,3500
5.949999809265137,6.300000190734863,5.900000095367432,6.300000190734863,6.300000190734863,26700
6.300000190734863,6.389999866485596,6.211999893188477,6.349999904632568,6.349999904632568,38500
6.349999904632568,6.380000114440918,6.281000137329102,6.300000190734863,6.300000190734863,16200
6.329999923706055,6.329999923706055,6.130000114440918,6.130000114440918,6.130000114440918,32400
6.179999828338623,6.179999828338623,6.110000133514404,6.150000095367432,6.150000095367432,14200
6.119999885559082,6.204999923706055,6.0,6.110000133514404,6.110000133514404,8100
6.0,6.010000228881836,5.849999904632568,5.989999771118164,5.989999771118164,38300
6.0,6.010000228881836,5.800000190734863,5.860000133514404,5.860000133514404,33300
5.880000114440918,5.935999870300293,5.630000114440918,5.650000095367432,5.650000095367432,15700
5.630000114440918,5.961999893188477,5.624000072479248,5.650000095367432,5.650000095367432,8400
5.85099983215332,5.88100004196167,5.659999847412109,5.679999828338623,5.679999828338623,9300
5.75,5.75,5.199999809265137,5.210000038146973,5.210000038146973,23200
5.491000175476074,5.631999969482422,5.309999942779541,5.429999828338623,5.429999828338623,45100
5.5,5.5,5.369999885559082,5.369999885559082,5.369999885559082,21200
5.559999942779541,5.559999942779541,5.199999809265137,5.28000020980835,5.28000020980835,45400
5.320000171661377,5.451000213623047,5.320000171661377,5.440000057220459,5.440000057220459,50100
5.349999904632568,5.489999771118164,5.25,5.489999771118164,5.489999771118164,54000
5.493000030517578,5.519999980926514,5.449999809265137,5.519999980926514,5.519999980926514,24000
5.639999866485596,6.0,5.639999866485596,6.0,6.0,14800
6.0,6.0,5.941999912261963,6.0,6.0,11700
6.0,6.0,5.980000019073486,6.0,6.0,6300
6.050000190734863,6.099999904632568,5.974999904632568,6.099999904632568,6.099999904632568,17600
6.041999816894531,6.099999904632568,6.0,6.099999904632568,6.099999904632568,20300
6.099999904632568,6.099999904632568,6.019000053405762,6.099999904632568,6.099999904632568,12800
6.139999866485596,6.5,6.139999866485596,6.5,6.5,35800
6.5,6.5,6.4629998207092285,6.489999771118164,6.489999771118164,38100
6.5,6.5,6.25,6.269999980926514,6.269999980926514,39800
6.320000171661377,6.5,6.309000015258789,6.349999904632568,6.349999904632568,18800
6.400000095367432,6.400000095367432,6.341000080108643,6.349999904632568,6.349999904632568,5400
6.400000095367432,6.400000095367432,6.300000190734863,6.309999942779541,6.309999942779541,9400
6.300000190734863,6.360000133514404,6.300000190734863,6.349999904632568,6.349999904632568,23600
6.400000095367432,6.400000095367432,6.34499979019165,6.34499979019165,6.34499979019165,3800
6.369999885559082,6.400000095367432,6.320000171661377,6.349999904632568,6.349999904632568,7600
6.380000114440918,6.39900016784668,6.300000190734863,6.369999885559082,6.369999885559082,21500
6.329999923706055,6.329999923706055,6.125,6.239999771118164,6.239999771118164,6500
6.269999980926514,6.349999904632568,6.269999980926514,6.320000171661377,6.320000171661377,11600
6.349999904632568,6.349999904632568,6.260000228881836,6.260000228881836,6.260000228881836,5200
6.296000003814697,6.296000003814697,6.050000190734863,6.173999786376953,6.173999786376953,7400
6.051000118255615,6.070000171661377,6.0,6.050000190734863,6.050000190734863,6500
6.099999904632568,6.110000133514404,5.852000236511231,5.960000038146973,5.960000038146973,7000
5.929999828338623,6.119999885559082,5.820000171661377,6.110000133514404,6.110000133514404,45900
6.099999904632568,6.099999904632568,6.050000190734863,6.090000152587891,6.090000152587891,21100
6.070000171661377,6.269999980926514,6.059999942779541,6.269999980926514,6.269999980926514,23600
6.277999877929688,6.300000190734863,6.061999797821045,6.230000019073486,6.230000019073486,6900
6.25,6.550000190734863,6.25,6.550000190734863,6.550000190734863,37100
6.599999904632568,6.8420000076293945,6.599999904632568,6.75,6.75,7800
6.849999904632568,6.860000133514404,6.800000190734863,6.820000171661377,6.820000171661377,20400
6.869999885559082,7.0,6.840000152587891,6.909999847412109,6.909999847412109,8400
6.992000102996826,6.992000102996826,6.820000171661377,6.940000057220459,6.940000057220459,13900
6.989999771118164,6.989999771118164,6.620999813079834,6.670000076293945,6.670000076293945,44600
6.710000038146973,7.170000076293945,6.699999809265137,7.170000076293945,7.170000076293945,11200
7.199999809265137,7.920000076293945,7.199999809265137,7.550000190734863,7.550000190734863,19200
9.5,10.100000381469728,9.010000228881836,9.350000381469728,9.350000381469728,438400
9.649999618530272,11.850000381469728,9.649999618530272,11.84000015258789,11.84000015258789,427800
12.199999809265137,12.899999618530272,11.75,12.109999656677246,12.109999656677246,351400
11.899999618530272,12.25,11.260000228881836,11.75,11.75,121800
11.850000381469728,12.300000190734863,11.527999877929688,12.25,12.25,142500
12.300000190734863,15.0,12.270000457763672,13.75,13.75,309700
14.170000076293944,14.56999969482422,13.40999984741211,13.829999923706056,13.829999923706056,284100
14.0,14.649999618530272,13.739999771118164,14.489999771118164,14.489999771118164,176800
14.56999969482422,16.010000228881836,14.270000457763672,15.079999923706056,15.079999923706056,511000
15.15999984741211,15.559000015258787,14.31999969482422,14.59000015258789,14.59000015258789,267800
14.800000190734863,14.850000381469728,13.800999641418455,14.56999969482422,14.56999969482422,183600
14.699999809265137,14.772000312805176,13.359999656677246,13.4399995803833,13.4399995803833,116500
13.43000030517578,14.010000228881836,12.699999809265137,13.600000381469728,13.600000381469728,112500
13.600000381469728,14.699999809265137,13.0,14.65999984741211,14.65999984741211,131900
14.609999656677246,15.0,13.779999732971191,14.880000114440918,14.880000114440918,141500
14.779999732971191,15.539999961853027,14.09000015258789,15.100000381469728,15.100000381469728,118500
15.470000267028809,15.5,14.979999542236328,15.079999923706056,15.079999923706056,80100
15.229999542236328,15.84000015258789,15.170000076293944,15.59000015258789,15.59000015258789,65000
15.779999732971191,17.0,15.3100004196167,16.440000534057617,16.440000534057617,206100
16.829999923706055,18.600000381469727,16.600000381469727,18.209999084472656,18.209999084472656,410700
18.59000015258789,22.413000106811523,18.42200088500977,20.6299991607666,20.6299991607666,990800
22.0,22.0,18.600000381469727,21.0,21.0,803900
21.0,22.940000534057617,20.01000022888184,21.950000762939453,21.950000762939453,333000
22.020000457763672,25.149999618530277,22.020000457763672,24.84000015258789,24.84000015258789,554600
24.88999938964844,24.88999938964844,23.5,24.489999771118164,24.489999771118164,448500
24.93000030517578,24.93000030517578,22.200000762939453,23.030000686645508,23.030000686645508,426100
23.299999237060547,26.440000534057617,23.239999771118164,24.600000381469727,24.600000381469727,531500
24.5,26.25,23.833999633789062,25.43000030517578,25.43000030517578,337000
25.899999618530277,26.5,25.440000534057617,25.88999938964844,25.88999938964844,249500
26.38999938964844,30.61000061035156,25.621000289916992,30.34000015258789,30.34000015258789,760400
30.399999618530277,35.93000030517578,30.367000579833984,33.31999969482422,33.31999969482422,1486400
33.5,33.560001373291016,30.149999618530277,33.45000076293945,33.45000076293945,646800
33.45000076293945,34.099998474121094,32.31999969482422,32.709999084472656,32.709999084472656,491900
32.5099983215332,33.01100158691406,26.8799991607666,27.020000457763672,27.020000457763672,687600
25.799999237060547,25.799999237060547,20.059999465942383,20.40999984741211,20.40999984741211,1681600
20.549999237060547,22.94099998474121,19.36000061035156,19.420000076293945,19.420000076293945,896900
19.31999969482422,19.399999618530277,17.209999084472656,18.270000457763672,18.270000457763672,534000
18.15999984741211,18.959999084472656,17.139999389648438,17.610000610351562,17.610000610351562,578500
17.489999771118164,20.350000381469727,17.20199966430664,20.020000457763672,20.020000457763672,677100
20.0,20.950000762939453,18.700000762939453,20.07999992370605,20.07999992370605,512600
20.26000022888184,22.489999771118164,19.770000457763672,21.549999237060547,21.549999237060547,379900
23.0,24.299999237060547,22.6299991607666,23.88999938964844,23.88999938964844,508700
24.51000022888184,24.979999542236328,20.809999465942383,20.979999542236328,20.979999542236328,529200
20.700000762939453,23.350000381469727,20.67099952697754,23.26000022888184,23.26000022888184,300900
23.13999938964844,26.440000534057617,22.8700008392334,25.600000381469727,25.600000381469727,506800
25.31999969482422,26.790000915527344,24.520000457763672,25.149999618530277,25.149999618530277,336600
23.489999771118164,25.899999618530277,21.61000061035156,25.6200008392334,25.6200008392334,853300
26.059999465942383,27.190000534057617,24.68000030517578,25.420000076293945,25.420000076293945,331900
25.290000915527344,25.290000915527344,23.700000762939453,23.790000915527344,23.790000915527344,318800
23.96999931335449,25.0,23.1299991607666,24.88999938964844,24.88999938964844,166600
24.88999938964844,25.1200008392334,23.88999938964844,24.96999931335449,24.96999931335449,229500
25.21999931335449,25.21999931335449,24.280000686645508,24.440000534057617,24.440000534057617,122900
23.600000381469727,24.940000534057617,22.01000022888184,24.46999931335449,24.46999931335449,314100
24.8799991607666,24.950000762939453,23.5,24.1200008392334,24.1200008392334,203300
24.040000915527344,24.23600006103516,23.0,23.6200008392334,23.6200008392334,155400
23.600000381469727,24.25,23.11000061035156,23.96999931335449,23.96999931335449,151700
24.299999237060547,26.702999114990234,24.23699951171875,25.850000381469727,25.850000381469727,415800
26.100000381469727,26.399999618530277,23.6299991607666,24.850000381469727,24.850000381469727,283100
24.600000381469727,24.600000381469727,23.07999992370605,23.38999938964844,23.38999938964844,164700
23.239999771118164,23.350000381469727,21.76000022888184,23.06999969482422,23.06999969482422,262800
20.81999969482422,22.239999771118164,18.63999938964844,22.040000915527344,22.040000915527344,1440500
21.559999465942383,21.96999931335449,20.614999771118164,20.979999542236328,20.979999542236328,295800
20.86000061035156,21.88999938964844,20.270000457763672,21.809999465942383,21.809999465942383,178300
22.229999542236328,26.38999938964844,22.149999618530277,26.26000022888184,26.26000022888184,497500
25.739999771118164,27.768999099731445,24.899999618530277,25.65999984741211,25.65999984741211,502900
25.59000015258789,28.815000534057617,25.040000915527344,27.13999938964844,27.13999938964844,324500
26.76000022888184,28.666000366210938,26.06999969482422,27.809999465942383,27.809999465942383,335300
27.799999237060547,28.399999618530277,26.46999931335449,28.13999938964844,28.13999938964844,138900
28.0,29.489999771118164,26.01000022888184,26.299999237060547,26.299999237060547,250900
25.82999992370605,27.88999938964844,25.26000022888184,27.229999542236328,27.229999542236328,163100
26.959999084472656,28.270000457763672,26.100000381469727,28.239999771118164,28.239999771118164,337100
28.209999084472656,29.75,27.920000076293945,29.229999542236328,29.229999542236328,198200
30.020000457763672,31.739999771118164,28.780000686645508,31.239999771118164,31.239999771118164,237500
30.989999771118164,32.290000915527344,29.420000076293945,30.280000686645508,30.280000686645508,167200
30.40999984741211,31.0,28.0,28.15999984741211,28.15999984741211,127800
28.26000022888184,29.375999450683597,27.59199905395508,28.59000015258789,28.59000015258789,90100
28.540000915527344,31.5,28.540000915527344,31.0,31.0,160500
31.0,32.5,30.97100067138672,32.290000915527344,32.290000915527344,150700
31.850000381469727,31.850000381469727,29.709999084472656,30.18000030517578,30.18000030517578,122000
29.8799991607666,32.22999954223633,29.8799991607666,30.51000022888184,30.51000022888184,122100
30.600000381469727,31.309999465942383,30.500999450683597,30.989999771118164,30.989999771118164,82600
31.0,31.850000381469727,29.739999771118164,31.1200008392334,31.1200008392334,114700
31.0,32.0,30.0,30.489999771118164,30.489999771118164,95600
30.01000022888184,31.099000930786133,28.55500030517578,29.96999931335449,29.96999931335449,108600
30.030000686645508,33.79999923706055,30.030000686645508,33.0099983215332,33.0099983215332,356600
33.189998626708984,34.79999923706055,32.540000915527344,33.099998474121094,33.099998474121094,242400
32.83000183105469,33.75,32.04999923706055,33.54999923706055,33.54999923706055,125100
33.619998931884766,35.4900016784668,33.25,34.849998474121094,34.849998474121094,182400
35.38999938964844,38.0,35.38999938964844,37.59999847412109,37.59999847412109,358300
37.72999954223633,39.5,35.4900016784668,35.52000045776367,35.52000045776367,288300
35.16999816894531,36.560001373291016,33.72999954223633,34.72999954223633,34.72999954223633,223800
34.5,35.275001525878906,31.604999542236328,33.0,33.0,330700
33.0,33.67499923706055,31.309999465942383,33.22999954223633,33.22999954223633,1242400
33.099998474121094,37.5,32.94499969482422,34.5,34.5,371000
34.599998474121094,35.5890007019043,31.5,31.8799991607666,31.8799991607666,304200
32.04999923706055,33.709999084472656,31.0,33.41999816894531,33.41999816894531,346900
33.16999816894531,35.380001068115234,32.849998474121094,35.11000061035156,35.11000061035156,256600
35.27000045776367,35.380001068115234,33.279998779296875,34.529998779296875,34.529998779296875,193100
33.68000030517578,34.400001525878906,29.31999969482422,30.530000686645508,30.530000686645508,258800
30.0,30.34000015258789,28.51000022888184,29.75,29.75,398000
29.0,32.7400016784668,28.90399932861328,32.0099983215332,32.0099983215332,392800
31.709999084472656,33.650001525878906,31.450000762939453,33.58000183105469,33.58000183105469,250500
33.0,33.58000183105469,31.84000015258789,32.5099983215332,32.5099983215332,222500
32.0,32.23099899291992,30.899999618530277,31.280000686645508,31.280000686645508,256700
31.57999992370605,33.099998474121094,30.6200008392334,31.36000061035156,31.36000061035156,248300
31.36000061035156,31.989999771118164,30.059999465942383,30.549999237060547,30.549999237060547,142900
30.239999771118164,31.13999938964844,29.729999542236328,30.530000686645508,30.530000686645508,156200
30.57999992370605,31.229999542236328,30.07999992370605,30.75,30.75,171000
30.709999084472656,31.05900001525879,29.200000762939453,29.350000381469727,29.350000381469727,115000
29.61000061035156,29.82699966430664,28.809999465942383,29.420000076293945,29.420000076293945,146300
29.5,30.26000022888184,27.1200008392334,27.780000686645508,27.780000686645508,202500
27.920000076293945,29.36000061035156,27.0,29.100000381469727,29.100000381469727,199100
29.100000381469727,29.98900032043457,28.399999618530277,29.63999938964844,29.63999938964844,133500
29.61000061035156,30.06999969482422,27.56100082397461,27.75,27.75,147400
27.81999969482422,28.239999771118164,26.5,27.01000022888184,27.01000022888184,152000
27.049999237060547,27.049999237060547,24.201000213623047,25.030000686645508,25.030000686645508,223800
25.5,26.979999542236328,22.09499931335449,22.530000686645508,22.530000686645508,283800
22.530000686645508,22.93000030517578,19.280000686645508,19.43000030517578,19.43000030517578,557500
19.63999938964844,24.165000915527344,19.53499984741211,23.88999938964844,23.88999938964844,810600
23.809999465942383,25.68000030517578,23.0629997253418,25.32999992370605,25.32999992370605,366800
25.549999237060547,25.549999237060547,22.709999084472656,23.780000686645508,23.780000686645508,319800
24.280000686645508,24.90999984741211,23.950000762939453,24.34000015258789,24.34000015258789,204400
24.34000015258789,25.299999237060547,23.280000686645508,24.96999931335449,24.96999931335449,283100
24.71999931335449,24.790000915527344,23.700000762939453,23.799999237060547,23.799999237060547,99400
23.790000915527344,24.13999938964844,23.38999938964844,24.020000457763672,24.020000457763672,85600
23.8700008392334,23.959999084472656,20.850000381469727,21.299999237060547,21.299999237060547,177000
21.229999542236328,23.09499931335449,21.18600082397461,22.399999618530277,22.399999618530277,138100
22.57999992370605,23.295000076293945,22.400999069213867,22.959999084472656,22.959999084472656,118000
22.899999618530277,22.899999618530277,22.040000915527344,22.229999542236328,22.229999542236328,73500
22.0,22.63999938964844,21.52199935913086,22.09000015258789,22.09000015258789,121700
22.040000915527344,22.3799991607666,21.26000022888184,21.3700008392334,21.3700008392334,73400
21.1299991607666,22.14900016784668,21.030000686645508,22.030000686645508,22.030000686645508,104800
22.11000061035156,23.489999771118164,21.68000030517578,22.959999084472656,22.959999084472656,117400
23.170000076293945,23.959999084472656,22.06100082397461,22.209999084472656,22.209999084472656,109400
22.13999938964844,23.0,21.60099983215332,21.780000686645508,21.780000686645508,62700
21.93000030517578,22.63999938964844,21.059999465942383,21.170000076293945,21.170000076293945,85600
21.34000015258789,21.520000457763672,19.899999618530277,20.200000762939453,20.200000762939453,205600
20.36000061035156,20.8799991607666,19.600000381469727,20.670000076293945,20.670000076293945,181900
20.559999465942383,20.59000015258789,19.959999084472656,20.31999969482422,20.31999969482422,112900
20.280000686645508,20.559999465942383,19.850000381469727,19.989999771118164,19.989999771118164,102900
20.100000381469727,20.489999771118164,19.86199951171875,20.030000686645508,20.030000686645508,91500
20.07999992370605,20.149999618530277,19.75,20.0,20.0,63700
19.93000030517578,20.100000381469727,19.600000381469727,19.850000381469727,19.850000381469727,48900
19.920000076293945,20.0,19.209999084472656,19.309999465942383,19.309999465942383,107500
19.3700008392334,20.21999931335449,18.950000762939453,20.01000022888184,20.01000022888184,147600
19.82999992370605,19.940000534057617,19.040000915527344,19.56999969482422,19.56999969482422,50900
17.049999237060547,18.200000762939453,11.770000457763672,15.460000038146973,15.460000038146973,1083800
15.460000038146973,15.800000190734863,13.734999656677246,13.789999961853027,13.789999961853027,354800
12.5600004196167,13.475000381469728,9.810999870300291,10.260000228881836,10.260000228881836,1633000
10.3100004196167,15.399999618530272,10.3100004196167,14.970000267028809,14.970000267028809,2692200
14.729999542236328,16.309999465942383,13.821000099182127,15.729999542236328,15.729999542236328,1082200
15.890000343322754,16.75,14.300000190734863,14.520000457763672,14.520000457763672,456500
15.5,15.800000190734863,14.468000411987305,15.0,15.0,347700
15.260000228881836,16.389999389648438,14.970000267028809,16.1299991607666,16.1299991607666,315200
16.200000762939453,17.350000381469727,15.880000114440918,16.260000228881836,16.260000228881836,350700
16.06999969482422,16.540000915527344,14.949999809265137,15.020000457763672,15.020000457763672,212000
16.0,19.899999618530277,16.0,18.690000534057617,18.690000534057617,1019600
18.700000762939453,19.51000022888184,16.520000457763672,16.969999313354492,16.969999313354492,514900
17.270000457763672,18.1200008392334,16.850000381469727,17.860000610351562,17.860000610351562,203000
17.729999542236328,19.479999542236328,17.700000762939453,19.209999084472656,19.209999084472656,306300
19.09000015258789,20.1200008392334,18.420000076293945,18.61000061035156,18.61000061035156,349100
18.6299991607666,19.36000061035156,18.513999938964844,18.809999465942383,18.809999465942383,110400
19.01000022888184,19.15999984741211,18.549999237060547,19.020000457763672,19.020000457763672,98000
19.06999969482422,19.200000762939453,18.5,18.82999992370605,18.82999992370605,120900
18.899999618530277,19.350000381469727,18.5,19.26000022888184,19.26000022888184,133100
19.1200008392334,19.399999618530277,18.649999618530277,18.899999618530277,18.899999618530277,71000
18.959999084472656,19.280000686645508,18.6299991607666,18.8799991607666,18.8799991607666,68200
18.84000015258789,19.950000762939453,18.700000762939453,19.59000015258789,19.59000015258789,97400
19.8700008392334,20.549999237060547,19.61000061035156,20.5,20.5,121900
20.36000061035156,21.959999084472656,20.200000762939453,21.850000381469727,21.850000381469727,168400
22.170000076293945,24.6200008392334,21.85099983215332,24.440000534057617,24.440000534057617,315100
22.81999969482422,24.450000762939453,21.040000915527344,22.8700008392334,22.8700008392334,317100
22.6200008392334,23.81999969482422,21.65999984741211,21.739999771118164,21.739999771118164,129200
21.5,22.893999099731445,21.5,22.479999542236328,22.479999542236328,164800
22.6200008392334,23.9950008392334,22.059999465942383,23.65999984741211,23.65999984741211,157700
24.0,24.88999938964844,22.690000534057617,23.559999465942383,23.559999465942383,156600
23.5,24.18000030517578,22.81100082397461,23.8799991607666,23.8799991607666,90700
24.40999984741211,24.899999618530277,23.399999618530277,23.8799991607666,23.8799991607666,129300
23.850000381469727,24.209999084472656,22.5,22.989999771118164,22.989999771118164,79300
22.739999771118164,23.940000534057617,22.5,23.6299991607666,23.6299991607666,42000
23.8799991607666,25.0,23.81999969482422,24.63999938964844,24.63999938964844,93300
24.649999618530277,25.57999992370605,23.59000015258789,23.729999542236328,23.729999542236328,125600
23.90999984741211,25.07999992370605,23.90999984741211,24.209999084472656,24.209999084472656,55700
24.40999984741211,24.79199981689453,23.0,23.18000030517578,23.18000030517578,97300
23.049999237060547,23.679000854492188,22.5,23.07999992370605,23.07999992370605,62100
23.709999084472656,27.229999542236328,22.84000015258789,23.530000686645508,23.530000686645508,357000
23.90999984741211,25.920000076293945,23.80599975585937,25.700000762939453,25.700000762939453,191200
26.0,26.0,24.149999618530277,25.200000762939453,25.200000762939453,162800
25.239999771118164,29.0,24.291000366210938,28.030000686645508,28.030000686645508,367100
28.040000915527344,32.209999084472656,28.040000915527344,29.6299991607666,29.6299991607666,463100
29.229999542236328,34.81999969482422,29.15999984741211,30.32999992370605,30.32999992370605,488400
29.46999931335449,30.0,26.76499938964844,27.149999618530277,27.149999618530277,268800
27.1200008392334,30.43000030517578,26.84000015258789,27.440000534057617,27.440000534057617,246300
27.1200008392334,28.049999237060547,26.8799991607666,27.21999931335449,27.21999931335449,207500
27.5,28.5,25.690000534057617,25.979999542236328,25.979999542236328,213000
25.690000534057617,25.780000686645508,24.540000915527344,24.8700008392334,24.8700008392334,165300
24.93000030517578,26.899999618530277,24.799999237060547,25.940000534057617,25.940000534057617,100400
25.729999542236328,27.549999237060547,25.729999542236328,26.07999992370605,26.07999992370605,134300
26.15999984741211,26.78899955749512,25.1200008392334,25.46999931335449,25.46999931335449,96700
25.479999542236328,25.93000030517578,25.0,25.61000061035156,25.61000061035156,56000
25.530000686645508,26.479999542236328,23.440000534057617,23.530000686645508,23.530000686645508,295800
23.850000381469727,23.850000381469727,20.270000457763672,20.84000015258789,20.84000015258789,372100
20.479999542236328,24.68000030517578,20.479999542236328,23.8799991607666,23.8799991607666,336600
23.799999237060547,23.840999603271484,21.43000030517578,21.59000015258789,21.59000015258789,250700
21.3700008392334,22.959999084472656,21.059999465942383,22.88999938964844,22.88999938964844,141300
23.020000457763672,23.020000457763672,21.170000076293945,22.020000457763672,22.020000457763672,145100
22.270000457763672,23.350000381469727,22.020000457763672,22.90999984741211,22.90999984741211,129700
22.76000022888184,22.94099998474121,22.06999969482422,22.200000762939453,22.200000762939453,51600
22.26000022888184,23.149999618530277,21.8700008392334,22.8799991607666,22.8799991607666,55100
23.01000022888184,23.75,22.290000915527344,23.190000534057617,23.190000534057617,92000
23.31999969482422,24.21999931335449,22.450000762939453,23.93000030517578,23.93000030517578,105100
23.63999938964844,26.1299991607666,23.170000076293945,23.979999542236328,23.979999542236328,203800
24.049999237060547,25.6299991607666,23.15699958801269,24.01000022888184,24.01000022888184,122900
25.6200008392334,25.950000762939453,24.19300079345703,24.90999984741211,24.90999984741211,144800
25.0,25.5,24.32999992370605,24.780000686645508,24.780000686645508,150800
25.030000686645508,25.440000534057617,23.58099937438965,24.309999465942383,24.309999465942383,185200
23.979999542236328,24.549999237060547,23.31999969482422,23.5,23.5,83600
23.549999237060547,23.899999618530277,23.06999969482422,23.299999237060547,23.299999237060547,47500
23.450000762939453,23.989999771118164,23.030000686645508,23.07999992370605,23.07999992370605,62000
23.0,23.46999931335449,22.950000762939453,23.43000030517578,23.43000030517578,68800
23.43000030517578,24.75,22.93000030517578,24.1200008392334,24.1200008392334,160100
24.299999237060547,25.420000076293945,23.649999618530277,23.959999084472656,23.959999084472656,275800
24.31999969482422,25.450000762939453,23.770000457763672,24.15999984741211,24.15999984741211,160600
24.15999984741211,24.59000015258789,23.520000457763672,23.600000381469727,23.600000381469727,110900
23.84000015258789,24.07999992370605,22.729999542236328,22.88999938964844,22.88999938964844,108000
23.0,23.940000534057617,22.541000366210938,23.059999465942383,23.059999465942383,132100
23.25,23.25,22.65999984741211,22.84000015258789,22.84000015258789,54400
22.989999771118164,23.940000534057617,22.940000534057617,23.84000015258789,23.84000015258789,71400
23.8799991607666,24.21999931335449,23.43000030517578,24.020000457763672,24.020000457763672,29900
24.059999465942383,24.8700008392334,24.049999237060547,24.690000534057617,24.690000534057617,54300
24.459999084472656,24.649999618530277,23.540000915527344,24.21999931335449,24.21999931335449,75000
24.229999542236328,24.34000015258789,23.149999618530277,23.18000030517578,23.18000030517578,61600
23.229999542236328,23.479999542236328,22.850000381469727,23.06999969482422,23.06999969482422,54000
23.170000076293945,23.799999237060547,22.86899948120117,23.26000022888184,23.26000022888184,66700
23.440000534057617,23.940000534057617,23.100000381469727,23.76000022888184,23.76000022888184,105800
23.520000457763672,24.700000762939453,22.200000762939453,22.38999938964844,22.38999938964844,196100
22.280000686645508,23.479999542236328,21.51000022888184,23.43000030517578,23.43000030517578,152100
23.479999542236328,23.479999542236328,21.82999992370605,22.270000457763672,22.270000457763672,106300
22.299999237060547,22.90999984741211,22.1299991607666,22.6299991607666,22.6299991607666,94700
22.559999465942383,22.700000762939453,22.270000457763672,22.530000686645508,22.530000686645508,48200
22.6200008392334,22.6299991607666,22.21999931335449,22.46999931335449,22.46999931335449,28900
22.540000915527344,22.540000915527344,21.6200008392334,21.989999771118164,21.989999771118164,68300
21.549999237060547,21.950000762939453,20.030000686645508,20.59000015258789,20.59000015258789,125500
20.26000022888184,21.450000762939453,20.01000022888184,20.520000457763672,20.520000457763672,108400
20.799999237060547,21.489999771118164,20.25,20.280000686645508,20.280000686645508,82100
20.3700008392334,20.3700008392334,18.049999237060547,18.959999084472656,18.959999084472656,194900
18.780000686645508,19.84000015258789,18.239999771118164,19.76000022888184,19.76000022888184,114300
19.530000686645508,20.1200008392334,18.21999931335449,18.31999969482422,18.31999969482422,113000
18.0,19.871000289916992,17.5,19.3799991607666,19.3799991607666,147100
19.899999618530277,19.899999618530277,18.899999618530277,18.96999931335449,18.96999931335449,92700
18.90999984741211,19.549999237060547,18.06100082397461,18.280000686645508,18.280000686645508,72600
18.440000534057617,19.209999084472656,17.799999237060547,18.239999771118164,18.239999771118164,110400
18.43000030517578,18.75,17.639999389648438,18.0,18.0,107700
18.07999992370605,18.31999969482422,17.170000076293945,17.530000686645508,17.530000686645508,91700
17.3700008392334,18.209999084472656,17.34000015258789,17.93000030517578,17.93000030517578,70500
18.09000015258789,19.450000762939453,17.700000762939453,18.979999542236328,18.979999542236328,82300
18.86000061035156,19.200000762939453,18.100000381469727,18.81999969482422,18.81999969482422,56500
18.61000061035156,19.1200008392334,18.60400009155273,18.709999084472656,18.709999084472656,39800
18.84000015258789,19.489999771118164,18.479999542236328,18.540000915527344,18.540000915527344,60600
18.649999618530277,18.90999984741211,18.190000534057617,18.25,18.25,17800
18.40999984741211,18.827999114990234,18.290000915527344,18.5,18.5,41200
18.649999618530277,19.07999992370605,18.299999237060547,18.489999771118164,18.489999771118164,38700
18.440000534057617,19.200000762939453,18.440000534057617,18.59000015258789,18.59000015258789,56400
18.709999084472656,19.600000381469727,18.420000076293945,18.5,18.5,108200
18.399999618530277,19.13999938964844,17.690000534057617,18.07999992370605,18.07999992370605,101600
17.979999542236328,18.25,17.40999984741211,17.760000228881836,17.760000228881836,80000
17.989999771118164,18.43000030517578,17.559999465942383,17.809999465942383,17.809999465942383,61400
17.610000610351562,18.25,17.299999237060547,17.549999237060547,17.549999237060547,39600
17.540000915527344,17.899999618530273,17.329999923706055,17.739999771118164,17.739999771118164,28900
17.8799991607666,18.270000457763672,17.43199920654297,17.510000228881836,17.510000228881836,36900
17.600000381469727,18.459999084472656,17.05500030517578,17.360000610351562,17.360000610351562,133800
17.450000762939453,17.93000030517578,16.0,16.6299991607666,16.6299991607666,326400
16.700000762939453,17.010000228881836,16.21500015258789,16.690000534057617,16.690000534057617,194900
16.739999771118164,16.780000686645508,15.81999969482422,16.309999465942383,16.309999465942383,133300
16.34000015258789,16.3799991607666,14.449999809265137,14.510000228881836,14.510000228881836,422100
14.350000381469728,15.770000457763672,14.097000122070312,15.130000114440918,15.130000114440918,880600
15.5,16.219999313354492,13.800000190734863,14.520000457763672,14.520000457763672,387300
14.640000343322754,15.204999923706056,14.270000457763672,15.029999732971191,15.029999732971191,149700
15.010000228881836,15.270000457763672,14.510000228881836,14.770000457763672,14.770000457763672,95100
14.630000114440918,14.630000114440918,13.90999984741211,14.15999984741211,14.15999984741211,107700
14.1899995803833,14.1899995803833,12.90999984741211,13.029999732971191,13.029999732971191,188000
13.15999984741211,13.609999656677246,12.529999732971191,13.520000457763672,13.520000457763672,148000
13.619999885559082,13.92099952697754,13.029999732971191,13.119999885559082,13.119999885559082,90500
13.25,13.894000053405762,12.621000289916992,12.670000076293944,12.670000076293944,86500
12.800000190734863,13.56999969482422,12.800000190734863,13.529999732971191,13.529999732971191,89100
13.510000228881836,14.446999549865724,13.364999771118164,14.039999961853027,14.039999961853027,221100
14.130000114440918,15.0,13.920000076293944,14.739999771118164,14.739999771118164,79400
14.470000267028809,15.56999969482422,14.050000190734863,15.520000457763672,15.520000457763672,102000
15.640000343322754,19.65999984741211,15.31999969482422,19.149999618530277,19.149999618530277,500100
18.93000030517578,18.93000030517578,17.5,17.790000915527344,17.790000915527344,207800
17.940000534057617,19.350000381469727,16.54400062561035,16.68000030517578,16.68000030517578,123200
16.989999771118164,19.21999931335449,16.729999542236328,18.200000762939453,18.200000762939453,93300
17.90999984741211,18.649999618530277,17.315000534057617,17.59000015258789,17.59000015258789,112800
17.709999084472656,18.239999771118164,17.540000915527344,18.18000030517578,18.18000030517578,83600
22.5,22.5,19.63500022888184,20.100000381469727,20.100000381469727,1589300
20.299999237060547,20.299999237060547,18.06999969482422,19.350000381469727,19.350000381469727,330300
19.350000381469727,19.57999992370605,18.82999992370605,19.200000762939453,19.200000762939453,69700
19.149999618530277,19.6299991607666,18.799999237060547,19.56999969482422,19.56999969482422,106600
19.51000022888184,19.76000022888184,18.520000457763672,18.90999984741211,18.90999984741211,84200
18.780000686645508,19.09000015258789,18.0,18.3799991607666,18.3799991607666,133000
18.51000022888184,18.51000022888184,17.06999969482422,17.700000762939453,17.700000762939453,149000
17.700000762939453,18.020000457763672,16.0,17.329999923706055,17.329999923706055,327200
17.110000610351562,17.1560001373291,15.399999618530272,15.710000038146973,15.710000038146973,256800
15.520000457763672,17.31999969482422,15.520000457763672,17.31999969482422,17.31999969482422,160900
17.3799991607666,17.690000534057617,17.04400062561035,17.639999389648438,17.639999389648438,80500
17.649999618530273,18.32999992370605,17.56999969482422,17.59000015258789,17.59000015258789,151900
17.489999771118164,18.104999542236328,16.75,17.950000762939453,17.950000762939453,52200
17.889999389648438,18.84000015258789,17.8799991607666,18.549999237060547,18.549999237060547,81400
18.440000534057617,18.638999938964844,18.06999969482422,18.209999084472656,18.209999084472656,69700
18.09000015258789,19.100000381469727,18.09000015258789,19.01000022888184,19.01000022888184,107800
19.040000915527344,21.25,19.0,20.280000686645508,20.280000686645508,236700
20.299999237060547,22.200000762939453,19.270000457763672,19.979999542236328,19.979999542236328,418500
16.649999618530273,18.96999931335449,16.229999542236328,17.299999237060547,17.299999237060547,315100
17.010000228881836,17.628999710083008,16.049999237060547,16.239999771118164,16.239999771118164,212200
16.399999618530273,16.399999618530273,14.690999984741213,15.1899995803833,15.1899995803833,211000
15.239999771118164,15.541000366210938,14.109999656677246,14.640000343322754,14.640000343322754,163900
14.470000267028809,15.59000015258789,14.470000267028809,15.449999809265137,15.449999809265137,117200
16.0,17.273000717163086,15.949999809265137,16.799999237060547,16.799999237060547,188800
16.8799991607666,17.3700008392334,15.649999618530272,15.949999809265137,15.949999809265137,166000
15.9399995803833,16.2189998626709,15.140000343322754,15.220000267028809,15.220000267028809,115100
15.289999961853027,15.725000381469728,14.81999969482422,15.1899995803833,15.1899995803833,123000
15.300000190734863,15.739999771118164,14.81999969482422,15.119999885559082,15.119999885559082,70200
15.0,15.40999984741211,15.0,15.270000457763672,15.270000457763672,41700
15.210000038146973,15.470000267028809,15.0,15.460000038146973,15.460000038146973,51500
15.380000114440918,15.970000267028809,15.350000381469728,15.890000343322754,15.890000343322754,48500
15.890000343322754,16.711000442504883,15.56999969482422,15.84000015258789,15.84000015258789,40100
16.059999465942383,16.389999389648438,15.729999542236328,16.0,16.0,50400
16.0,16.190000534057617,15.630000114440918,15.789999961853027,15.789999961853027,49200
15.720000267028809,16.15999984741211,15.618000030517578,16.100000381469727,16.100000381469727,45600
16.020000457763672,17.09000015258789,16.020000457763672,17.0,17.0,90000
17.18000030517578,18.899999618530277,16.889999389648438,17.719999313354492,17.719999313354492,189900
17.670000076293945,18.309999465942383,17.020000457763672,17.450000762939453,17.450000762939453,80600
17.489999771118164,17.920000076293945,17.229999542236328,17.770000457763672,17.770000457763672,87000
17.709999084472656,18.34000015258789,17.690000534057617,17.920000076293945,17.920000076293945,100700
18.1299991607666,18.63999938964844,17.322999954223633,17.459999084472656,17.459999084472656,97800
17.540000915527344,18.270000457763672,17.290000915527344,17.440000534057617,17.440000534057617,84400
17.540000915527344,17.739999771118164,17.079999923706055,17.139999389648438,17.139999389648438,48700
17.1200008392334,17.40999984741211,16.621000289916992,16.739999771118164,16.739999771118164,65200
16.6200008392334,16.940000534057617,16.260000228881836,16.399999618530273,16.399999618530273,58100
16.399999618530273,16.635000228881836,16.110000610351562,16.260000228881836,16.260000228881836,48800
16.1299991607666,16.549999237060547,16.0,16.290000915527344,16.290000915527344,63800
16.6299991607666,17.239999771118164,16.479999542236328,16.700000762939453,16.700000762939453,72000
16.649999618530273,16.950000762939453,16.270000457763672,16.3700008392334,16.3700008392334,31700
16.5,16.56999969482422,15.739999771118164,16.520000457763672,16.520000457763672,225400
16.520000457763672,16.520000457763672,14.75,15.380000114440918,15.380000114440918,124600
15.449999809265137,15.720000267028809,15.210000038146973,15.40999984741211,15.40999984741211,43500
15.40999984741211,15.40999984741211,14.670000076293944,15.15999984741211,15.15999984741211,49700
15.140000343322754,15.359999656677246,14.899999618530272,14.970000267028809,14.970000267028809,65500
15.0,15.1899995803833,14.3100004196167,15.140000343322754,15.140000343322754,83300
14.90999984741211,16.104999542236328,14.800000190734863,15.989999771118164,15.989999771118164,41600
16.06999969482422,16.5,15.657999992370604,16.450000762939453,16.450000762939453,56500
16.399999618530273,16.600000381469727,15.260000228881836,15.5,15.5,79700
15.5,16.149999618530273,15.159000396728516,15.399999618530272,15.399999618530272,38700
15.449999809265137,15.595000267028809,14.895999908447266,14.989999771118164,14.989999771118164,71700
15.050000190734863,15.050000190734863,14.020000457763672,14.229999542236328,14.229999542236328,110800
14.239999771118164,14.93000030517578,14.100000381469728,14.75,14.75,83100
14.739999771118164,15.579999923706056,14.390000343322754,15.420000076293944,15.420000076293944,64900
15.270000457763672,15.470000267028809,14.739999771118164,14.8100004196167,14.8100004196167,24800
14.739999771118164,14.81999969482422,14.229999542236328,14.420000076293944,14.420000076293944,40500
14.489999771118164,14.5,13.649999618530272,13.720000267028809,13.720000267028809,114400
13.789999961853027,13.960000038146973,13.513999938964844,13.760000228881836,13.760000228881836,48200
13.720000267028809,14.369999885559082,13.720000267028809,13.960000038146973,13.960000038146973,47400
13.93000030517578,14.31999969482422,13.59000015258789,14.220000267028809,14.220000267028809,47200
14.130000114440918,14.350000381469728,13.8149995803833,13.859999656677246,13.859999656677246,42500
13.949999809265137,14.18000030517578,13.765000343322754,14.06999969482422,14.06999969482422,34900
14.0,14.329999923706056,13.68000030517578,13.84000015258789,13.84000015258789,42600
13.779999732971191,14.279999732971191,13.576000213623049,14.15999984741211,14.15999984741211,27500
14.18000030517578,14.236000061035156,13.800000190734863,14.06999969482422,14.06999969482422,45700
14.029999732971191,14.303000450134276,13.61299991607666,13.75,13.75,95200
13.84000015258789,13.90999984741211,12.510000228881836,13.359999656677246,13.359999656677246,202300
13.359999656677246,13.989999771118164,13.359999656677246,13.630000114440918,13.630000114440918,36600
13.449999809265137,13.505000114440918,12.65999984741211,13.100000381469728,13.100000381469728,92600
13.149999618530272,13.218999862670898,12.75,12.829999923706056,12.829999923706056,43300
12.850000381469728,13.329999923706056,12.850000381469728,13.239999771118164,13.239999771118164,33200
13.239999771118164,13.609999656677246,13.239999771118164,13.470000267028809,13.470000267028809,16200
13.529999732971191,14.979999542236328,13.529999732971191,14.649999618530272,14.649999618530272,83700
14.470000267028809,14.84000015258789,14.369999885559082,14.81999969482422,14.81999969482422,12000
14.800000190734863,15.402000427246094,14.704999923706056,15.029999732971191,15.029999732971191,71700
15.0,15.024999618530272,14.8100004196167,14.899999618530272,14.899999618530272,30100
15.029999732971191,15.029999732971191,14.380000114440918,14.539999961853027,14.539999961853027,23100
14.31999969482422,14.69499969482422,14.050000190734863,14.539999961853027,14.539999961853027,28500
14.68000030517578,15.579999923706056,14.68000030517578,15.170000076293944,15.170000076293944,49500
15.329999923706056,15.449999809265137,14.84000015258789,14.949999809265137,14.949999809265137,51600
14.8100004196167,14.8100004196167,13.41800022125244,13.449999809265137,13.449999809265137,47800
13.479999542236328,14.079999923706056,13.45300006866455,13.84000015258789,13.84000015258789,21500
13.899999618530272,15.0,13.899999618530272,14.350000381469728,14.350000381469728,30700
14.399999618530272,14.574999809265137,14.119999885559082,14.210000038146973,14.210000038146973,30200
14.270000457763672,14.324999809265137,13.75,13.890000343322754,13.890000343322754,29400
13.869999885559082,14.029999732971191,13.5,13.619999885559082,13.619999885559082,31600
13.670000076293944,14.140000343322754,13.425000190734863,14.09000015258789,14.09000015258789,27600
14.220000267028809,14.449999809265137,13.710000038146973,14.079999923706056,14.079999923706056,20800
14.15999984741211,14.6899995803833,14.149999618530272,14.3100004196167,14.3100004196167,58400
14.170000076293944,14.619999885559082,14.170000076293944,14.359999656677246,14.359999656677246,21800
14.4399995803833,14.609999656677246,13.880000114440918,14.039999961853027,14.039999961853027,24600
13.93000030517578,13.93000030517578,13.199999809265137,13.800000190734863,13.800000190734863,28400
13.970000267028809,13.989999771118164,13.289999961853027,13.739999771118164,13.739999771118164,19200
13.75,14.029999732971191,13.020000457763672,13.130000114440918,13.130000114440918,77300
13.18000030517578,13.869999885559082,12.880000114440918,13.130000114440918,13.130000114440918,51100
13.140000343322754,13.34000015258789,12.9399995803833,13.010000228881836,13.010000228881836,35200
12.989999771118164,14.420000076293944,12.989999771118164,14.130000114440918,14.130000114440918,59400
13.93000030517578,14.371999740600586,13.600000381469728,13.6899995803833,13.6899995803833,50600
13.760000228881836,14.579999923706056,13.760000228881836,14.149999618530272,14.149999618530272,58100
14.270000457763672,14.960000038146973,14.270000457763672,14.59000015258789,14.59000015258789,61700
14.760000228881836,14.93000030517578,14.289999961853027,14.43000030517578,14.43000030517578,112800
14.5,15.0,14.18000030517578,14.229999542236328,14.229999542236328,48000
14.380000114440918,14.600000381469728,13.9399995803833,14.369999885559082,14.369999885559082,44000
14.369999885559082,14.5600004196167,13.829999923706056,13.850000381469728,13.850000381469728,140900
13.920000076293944,14.34000015258789,13.8100004196167,14.15999984741211,14.15999984741211,48100
14.18000030517578,14.5600004196167,13.970000267028809,14.0,14.0,29100
14.220000267028809,14.600000381469728,14.220000267028809,14.460000038146973,14.460000038146973,48500
14.4399995803833,14.609999656677246,14.130000114440918,14.170000076293944,14.170000076293944,22400
14.149999618530272,14.199999809265137,13.890000343322754,14.1899995803833,14.1899995803833,46200
14.06999969482422,14.300000190734863,14.06999969482422,14.239999771118164,14.239999771118164,38000
14.149999618530272,14.699999809265137,14.149999618530272,14.34000015258789,14.34000015258789,32300
14.399999618530272,14.8100004196167,14.149999618530272,14.220000267028809,14.220000267028809,38300
14.220000267028809,14.479999542236328,13.5,13.600000381469728,13.600000381469728,38900
13.59000015258789,13.609999656677246,12.850000381469728,13.0600004196167,13.0600004196167,58000
12.93000030517578,12.979999542236328,12.75,12.84000015258789,12.84000015258789,50700
13.09000015258789,13.09000015258789,12.0600004196167,12.15999984741211,12.15999984741211,67900
12.0,12.75,11.100000381469728,11.720000267028809,11.720000267028809,225000
11.050000190734863,11.850000381469728,11.050000190734863,11.15999984741211,11.15999984741211,71500
11.229999542236328,11.470000267028809,10.54300022125244,10.710000038146973,10.710000038146973,82100
10.789999961853027,11.18000030517578,10.604000091552734,11.0,11.0,65800
11.09000015258789,11.489999771118164,10.991999626159668,11.43000030517578,11.43000030517578,77500
11.3100004196167,11.3100004196167,10.720000267028809,10.8100004196167,10.8100004196167,25600
10.710000038146973,10.989999771118164,10.289999961853027,10.399999618530272,10.399999618530272,36800
10.390000343322754,11.017000198364258,9.359999656677246,9.68000030517578,9.68000030517578,55500
9.829999923706056,10.170000076293944,9.12399959564209,9.270000457763672,9.270000457763672,81100
9.100000381469728,9.675000190734863,8.600000381469727,9.5600004196167,9.5600004196167,134600
9.5,9.984000205993652,8.949999809265137,9.079999923706056,9.079999923706056,66300
9.050000190734863,10.829999923706056,8.875,10.68000030517578,10.68000030517578,84700
10.380000114440918,11.852999687194824,9.800000190734863,10.880000114440918,10.880000114440918,90700
10.920000076293944,11.289999961853027,10.31999969482422,10.4399995803833,10.4399995803833,41300
10.460000038146973,11.890000343322754,10.310999870300291,11.800000190734863,11.800000190734863,78000
10.5,12.845000267028809,10.5,12.8100004196167,12.8100004196167,77900
12.829999923706056,13.789999961853027,12.520000457763672,13.649999618530272,13.649999618530272,45200
13.720000267028809,14.229999542236328,13.220000267028809,13.850000381469728,13.850000381469728,60200
13.899999618530272,13.899999618530272,12.86400032043457,13.300000190734863,13.300000190734863,47800
13.239999771118164,14.399999618530272,13.239999771118164,13.979999542236328,13.979999542236328,57200
13.90999984741211,14.0,13.0,13.329999923706056,13.329999923706056,39800
13.25,13.84000015258789,13.09000015258789,13.75,13.75,47700
13.710000038146973,14.109999656677246,12.350000381469728,12.510000228881836,12.510000228881836,94600
12.399999618530272,13.149999618530272,11.550000190734863,13.100000381469728,13.100000381469728,91600
13.050000190734863,13.399999618530272,12.43000030517578,13.18000030517578,13.18000030517578,38800
13.210000038146973,13.656999588012695,12.149999618530272,12.279999732971191,12.279999732971191,27000
12.140000343322754,13.59000015258789,12.020000457763672,13.140000343322754,13.140000343322754,56400
12.93000030517578,12.949999809265137,12.640000343322754,12.640000343322754,12.640000343322754,28000
12.670000076293944,13.699999809265137,12.039999961853027,13.329999923706056,13.329999923706056,54100
13.270000457763672,13.270000457763672,12.649999618530272,12.710000038146973,12.710000038146973,15800
12.6899995803833,13.11400032043457,12.399999618530272,12.789999961853027,12.789999961853027,27000
12.739999771118164,12.90999984741211,12.5,12.704999923706056,12.704999923706056,14500
12.720000267028809,13.149999618530272,12.529999732971191,12.789999961853027,12.789999961853027,19600
12.720000267028809,12.722999572753906,12.175000190734863,12.369999885559082,12.369999885559082,55300
12.390000343322754,13.274999618530272,12.359999656677246,12.75,12.75,50400
12.6899995803833,13.0,12.079999923706056,12.25,12.25,46100
12.25,12.75,12.0600004196167,12.539999961853027,12.539999961853027,62800
12.550000190734863,13.100000381469728,12.539999961853027,12.920000076293944,12.920000076293944,98000
12.800000190734863,12.800000190734863,12.300000190734863,12.390000343322754,12.390000343322754,78900
12.300000190734863,12.600000381469728,12.25,12.460000038146973,12.460000038146973,70600
12.800000190734863,13.0,12.68000030517578,12.899999618530272,12.899999618530272,48800
12.8100004196167,12.850000381469728,12.06999969482422,12.279999732971191,12.279999732971191,73700
12.520000457763672,13.039999961853027,12.25,12.609999656677246,12.609999656677246,57100
12.68000030517578,12.949999809265137,12.0,12.56999969482422,12.56999969482422,53500
12.56999969482422,12.56999969482422,12.050000190734863,12.43000030517578,12.43000030517578,40500
12.31999969482422,12.609999656677246,11.75,11.9399995803833,11.9399995803833,100400
12.100000381469728,12.4399995803833,11.210000038146973,11.390000343322754,11.390000343322754,98000
11.520000457763672,11.600000381469728,10.621000289916992,11.300000190734863,11.300000190734863,163700
11.350000381469728,11.380000114440918,10.399999618530272,10.619999885559082,10.619999885559082,148800
10.579999923706056,10.899999618530272,9.84000015258789,9.9399995803833,9.9399995803833,142600
9.9399995803833,10.020000457763672,9.520000457763672,10.010000228881836,10.010000228881836,182400
10.0,11.020000457763672,10.0,10.869999885559082,10.869999885559082,34200
10.880000114440918,12.029999732971191,10.84000015258789,11.550000190734863,11.550000190734863,111900
11.449999809265137,12.460000038146973,11.449999809265137,11.989999771118164,11.989999771118164,110800
12.100000381469728,12.100000381469728,11.220000267028809,11.390000343322754,11.390000343322754,96500
11.489999771118164,12.0,11.229999542236328,11.460000038146973,11.460000038146973,81600
11.369999885559082,12.670000076293944,11.163999557495115,12.460000038146973,12.460000038146973,59800
12.359999656677246,12.380999565124512,11.720000267028809,11.949999809265137,11.949999809265137,37800
12.170000076293944,12.628000259399414,11.805999755859377,12.449999809265137,12.449999809265137,86400
12.699999809265137,13.390000343322754,12.598999977111816,13.220000267028809,13.220000267028809,131800
13.56999969482422,14.039999961853027,12.720999717712402,12.829999923706056,12.829999923706056,161000
12.979999542236328,13.20199966430664,12.229999542236328,12.5,12.5,60500
12.470000267028809,12.791999816894531,11.720000267028809,12.09000015258789,12.09000015258789,63800
12.119999885559082,12.574999809265137,11.720000267028809,12.31999969482422,12.31999969482422,63200
12.279999732971191,12.850000381469728,11.800000190734863,11.989999771118164,11.989999771118164,32800
12.06999969482422,12.5600004196167,11.574999809265137,11.6899995803833,11.6899995803833,43800
11.75,12.399999618530272,11.600000381469728,12.06999969482422,12.06999969482422,36900
11.960000038146973,12.550000190734863,11.850000381469728,11.979999542236328,11.979999542236328,94900
12.029999732971191,12.579999923706056,12.029999732971191,12.239999771118164,12.239999771118164,94900
12.229999542236328,12.295000076293944,11.5,11.779999732971191,11.779999732971191,88000
11.9399995803833,12.239999771118164,11.630000114440918,12.170000076293944,12.170000076293944,77600
12.4399995803833,12.4399995803833,11.899999618530272,12.25,12.25,57900
12.260000228881836,13.199999809265137,12.210000038146973,12.699999809265137,12.699999809265137,65000
12.600000381469728,12.803999900817873,12.130000114440918,12.15999984741211,12.15999984741211,44600
12.211000442504885,12.449999809265137,11.9399995803833,12.109999656677246,12.109999656677246,56200
12.289999961853027,13.100000381469728,12.109999656677246,12.90999984741211,12.90999984741211,31800
12.979999542236328,13.489999771118164,12.84000015258789,13.359999656677246,13.359999656677246,64200
13.383000373840332,14.210000038146973,13.300000190734863,14.050000190734863,14.050000190734863,50900
14.850000381469728,15.65999984741211,14.359999656677246,15.380000114440918,15.380000114440918,164500
16.09000015258789,16.65999984741211,14.760000228881836,15.119999885559082,15.119999885559082,200900
15.550000190734863,15.550000190734863,14.760000228881836,15.5,15.5,53100
15.279999732971191,15.609999656677246,14.609999656677246,15.109999656677246,15.109999656677246,46300
15.109999656677246,16.927000045776367,15.109999656677246,16.1200008392334,16.1200008392334,211100
16.15999984741211,17.709999084472656,16.15999984741211,17.34000015258789,17.34000015258789,94500
17.469999313354492,18.520000457763672,17.010000228881836,17.25,17.25,109900
17.540000915527344,17.559999465942383,16.579999923706055,17.299999237060547,17.299999237060547,79200
17.010000228881836,18.427000045776367,17.010000228881836,18.1299991607666,18.1299991607666,78400
18.350000381469727,18.69499969482422,17.8799991607666,18.09000015258789,18.09000015258789,88500
18.149999618530277,18.149999618530277,16.280000686645508,16.40999984741211,16.40999984741211,90900
16.280000686645508,16.780000686645508,16.1200008392334,16.700000762939453,16.700000762939453,103600
16.6299991607666,17.56999969482422,16.56999969482422,17.479999542236328,17.479999542236328,35700
17.5,18.540000915527344,16.950000762939453,18.229999542236328,18.229999542236328,101700
18.450000762939453,18.770000457763672,17.65999984741211,18.059999465942383,18.059999465942383,171600
17.8799991607666,18.600000381469727,17.110000610351562,18.489999771118164,18.489999771118164,62600
18.540000915527344,18.73600006103516,17.59000015258789,17.760000228881836,17.760000228881836,48500
17.829999923706055,18.09000015258789,17.690000534057617,17.829999923706055,17.829999923706055,32100
18.200000762939453,19.309999465942383,18.13999938964844,19.270000457763672,19.270000457763672,180800
19.290000915527344,19.295000076293945,18.0,18.049999237060547,18.049999237060547,98800
18.049999237060547,18.30900001525879,17.09000015258789,17.219999313354492,17.219999313354492,70300
17.260000228881836,17.549999237060547,16.530000686645508,16.81999969482422,16.81999969482422,74700
16.860000610351562,17.030000686645508,16.31999969482422,16.399999618530273,16.399999618530273,36000
16.399999618530273,17.114999771118164,16.399999618530273,16.950000762939453,16.950000762939453,58400
16.950000762939453,18.63500022888184,16.520000457763672,18.479999542236328,18.479999542236328,85900
18.440000534057617,18.65999984741211,17.655000686645508,18.31999969482422,18.31999969482422,45500
18.5,18.5,17.5,17.770000457763672,17.770000457763672,46100
17.799999237060547,17.799999237060547,17.34000015258789,17.3799991607666,17.3799991607666,24900
17.459999084472656,18.1299991607666,17.399999618530273,18.1200008392334,18.1200008392334,85800
17.719999313354492,18.420000076293945,17.549999237060547,18.25,18.25,37400
18.32999992370605,18.899999618530277,17.959999084472656,18.82999992370605,18.82999992370605,44200
18.700000762939453,19.76000022888184,18.312000274658203,18.88999938964844,18.88999938964844,72100
18.93000030517578,19.770000457763672,18.93000030517578,19.440000534057617,19.440000534057617,66000
19.25,19.38999938964844,17.889999389648438,17.969999313354492,17.969999313354492,99300
17.799999237060547,18.3700008392334,17.45400047302246,18.200000762939453,18.200000762939453,25900
18.200000762939453,18.5,17.790000915527344,17.989999771118164,17.989999771118164,29800
18.0,18.239999771118164,17.225000381469727,17.540000915527344,17.540000915527344,45500
17.600000381469727,17.959999084472656,17.299999237060547,17.649999618530273,17.649999618530273,20400
17.790000915527344,17.899999618530273,17.139999389648438,17.59000015258789,17.59000015258789,61000
17.799999237060547,17.84000015258789,16.860000610351562,17.049999237060547,17.049999237060547,41700
17.079999923706055,17.079999923706055,16.5,16.610000610351562,16.610000610351562,38400
16.809999465942383,16.8799991607666,16.309999465942383,16.540000915527344,16.540000915527344,25200
16.40999984741211,16.677000045776367,16.290000915527344,16.579999923706055,16.579999923706055,19200
16.65999984741211,17.079999923706055,16.469999313354492,17.030000686645508,17.030000686645508,31500
16.81999969482422,17.489999771118164,16.81999969482422,17.34000015258789,17.34000015258789,39200
17.260000228881836,17.350000381469727,16.75,16.75,16.75,20900
16.809999465942383,16.920000076293945,16.190000534057617,16.399999618530273,16.399999618530273,43500
16.729999542236328,17.479999542236328,15.739999771118164,15.859999656677246,15.859999656677246,27500
15.949999809265137,16.219999313354492,15.439000129699709,15.600000381469728,15.600000381469728,31200
15.609999656677246,16.31999969482422,15.5,16.020000457763672,16.020000457763672,56800
16.06999969482422,16.299999237060547,15.899999618530272,16.09000015258789,16.09000015258789,32200
16.280000686645508,16.374000549316406,15.105999946594238,15.5600004196167,15.5600004196167,40500
15.380000114440918,15.848999977111816,15.380000114440918,15.579999923706056,15.579999923706056,29700
15.59000015258789,16.139999389648438,15.31999969482422,15.479999542236328,15.479999542236328,29400
15.539999961853027,16.719999313354492,15.539999961853027,16.40999984741211,16.40999984741211,73800
16.5,16.989999771118164,16.25,16.899999618530273,16.899999618530273,30900
16.799999237060547,17.257999420166016,16.18000030517578,16.399999618530273,16.399999618530273,32200
16.469999313354492,16.860000610351562,15.770000457763672,16.459999084472656,16.459999084472656,45100
16.3700008392334,17.059999465942383,16.3700008392334,16.889999389648438,16.889999389648438,27700
16.8700008392334,16.8700008392334,15.119999885559082,16.020000457763672,16.020000457763672,75800
14.90999984741211,15.130000114440918,11.329999923706056,11.399999618530272,11.399999618530272,507100
11.420000076293944,11.710000038146973,10.789999961853027,11.470000267028809,11.470000267028809,199400
11.68000030517578,13.229999542236328,11.68000030517578,13.149999618530272,13.149999618530272,185600
13.149999618530272,13.18000030517578,12.5600004196167,12.81999969482422,12.81999969482422,54700
12.720000267028809,12.890000343322754,12.0,12.329999923706056,12.329999923706056,53400
12.380000114440918,13.130000114440918,12.279999732971191,12.84000015258789,12.84000015258789,103500
12.6899995803833,12.800000190734863,12.289999961853027,12.619999885559082,12.619999885559082,44400
12.5,12.8149995803833,12.239999771118164,12.699999809265137,12.699999809265137,36400
12.510000228881836,12.510000228881836,12.020000457763672,12.199999809265137,12.199999809265137,98600
12.300000190734863,12.880000114440918,12.149999618530272,12.539999961853027,12.539999961853027,32300
12.420000076293944,12.960000038146973,12.404999732971191,12.670000076293944,12.670000076293944,33600
12.625,13.253000259399414,12.470000267028809,13.029999732971191,13.029999732971191,40300
12.8100004196167,13.020000457763672,12.300000190734863,12.460000038146973,12.460000038146973,49900
12.34000015258789,12.859000205993652,12.220000267028809,12.460000038146973,12.460000038146973,26700
12.579999923706056,13.229999542236328,12.579999923706056,12.989999771118164,12.989999771118164,28900
12.920000076293944,12.920000076293944,12.220000267028809,12.40999984741211,12.40999984741211,36500
12.31999969482422,12.390000343322754,11.520000457763672,11.739999771118164,11.739999771118164,52600
11.84000015258789,12.5,11.84000015258789,12.359999656677246,12.359999656677246,32800
12.399999618530272,12.720000267028809,12.0,12.109999656677246,12.109999656677246,24900
11.989999771118164,12.06999969482422,11.609999656677246,11.800000190734863,11.800000190734863,40000
11.800000190734863,12.890000343322754,11.65999984741211,12.369999885559082,12.369999885559082,130500
12.239999771118164,12.529999732971191,11.774999618530272,11.93000030517578,11.93000030517578,38000
11.90999984741211,12.256999969482422,11.399999618530272,11.510000228881836,11.510000228881836,39200
11.729999542236328,11.902999877929688,11.0,11.109999656677246,11.109999656677246,36000
11.220000267028809,11.859999656677246,11.104999542236328,11.270000457763672,11.270000457763672,19100
11.239999771118164,11.390000343322754,10.93000030517578,11.140000343322754,11.140000343322754,23000
11.260000228881836,11.539999961853027,10.949999809265137,11.15999984741211,11.15999984741211,39800
11.229999542236328,12.949999809265137,11.206000328063965,12.859999656677246,12.859999656677246,50100
12.729999542236328,12.800000190734863,11.829999923706056,12.029999732971191,12.029999732971191,39200
11.9399995803833,12.510000228881836,11.529999732971191,12.350000381469728,12.350000381469728,20100
11.788999557495115,12.899999618530272,11.788999557495115,12.550000190734863,12.550000190734863,25600
12.550000190734863,12.710000038146973,12.0600004196167,12.34000015258789,12.34000015258789,17900
12.59000015258789,12.59000015258789,11.84000015258789,12.420000076293944,12.420000076293944,27400
12.17099952697754,12.729999542236328,12.029999732971191,12.18000030517578,12.18000030517578,36600
12.369999885559082,12.579999923706056,12.170000076293944,12.260000228881836,12.260000228881836,14300
12.640000343322754,12.640000343322754,12.0600004196167,12.18000030517578,12.18000030517578,30700
11.850000381469728,12.25,11.619999885559082,11.859999656677246,11.859999656677246,42800
11.890000343322754,12.300000190734863,11.708000183105469,12.039999961853027,12.039999961853027,38900
11.979999542236328,13.140000343322754,11.9399995803833,12.9399995803833,12.9399995803833,47900
12.989999771118164,13.31999969482422,12.380000114440918,13.06999969482422,13.06999969482422,26600
13.100000381469728,13.529999732971191,12.800000190734863,13.100000381469728,13.100000381469728,39200
13.329999923706056,13.329999923706056,12.84000015258789,13.199999809265137,13.199999809265137,163200
13.449999809265137,13.449999809265137,12.710000038146973,12.93000030517578,12.93000030517578,54000
12.579999923706056,13.097000122070312,12.579999923706056,13.0600004196167,13.0600004196167,12800
13.100000381469728,13.25,12.899999618530272,13.239999771118164,13.239999771118164,11100
13.079999923706056,13.359999656677246,13.010000228881836,13.06999969482422,13.06999969482422,20600
12.970000267028809,13.260000228881836,12.75,13.039999961853027,13.039999961853027,59500
12.979999542236328,13.395999908447266,12.75,12.789999961853027,12.789999961853027,28700
12.770000457763672,12.984999656677246,12.34000015258789,12.65999984741211,12.65999984741211,28300
12.65999984741211,13.479999542236328,12.270000457763672,12.579999923706056,12.579999923706056,72500
12.640000343322754,12.989999771118164,12.40999984741211,12.5,12.5,33300
12.5,12.5,12.119999885559082,12.369999885559082,12.369999885559082,15400
12.279999732971191,12.539999961853027,12.25,12.34000015258789,12.34000015258789,12000
12.220000267028809,12.800000190734863,12.220000267028809,12.600000381469728,12.600000381469728,24900
12.59000015258789,12.899999618530272,12.020000457763672,12.6899995803833,12.6899995803833,30700
12.56999969482422,12.699999809265137,12.140000343322754,12.390000343322754,12.390000343322754,20300
12.460000038146973,12.520000457763672,12.210000038146973,12.460000038146973,12.460000038146973,14000
12.359999656677246,12.59000015258789,12.15999984741211,12.31999969482422,12.31999969482422,30800
12.329999923706056,13.050000190734863,12.130999565124512,12.970000267028809,12.970000267028809,21900
12.829999923706056,12.829999923706056,12.3100004196167,12.710000038146973,12.710000038146973,23400
12.779999732971191,13.5,12.5,13.199999809265137,13.199999809265137,44400
13.289999961853027,13.300000190734863,12.850000381469728,12.859999656677246,12.859999656677246,25000
12.779999732971191,13.449999809265137,12.779999732971191,13.399999618530272,13.399999618530272,71400
13.359999656677246,13.760000228881836,13.0600004196167,13.0600004196167,13.0600004196167,91100
13.109999656677246,13.479999542236328,12.59000015258789,12.640000343322754,12.640000343322754,29700
12.5,12.798999786376951,12.0,12.510000228881836,12.510000228881836,63300
12.369999885559082,12.385000228881836,11.114999771118164,11.729999542236328,11.729999542236328,76600
11.800000190734863,12.256999969482422,11.149999618530272,11.550000190734863,11.550000190734863,61900
11.40999984741211,11.59000015258789,10.914999961853027,11.029999732971191,11.029999732971191,42700
11.1899995803833,11.9399995803833,10.90999984741211,11.529999732971191,11.529999732971191,59200
11.489999771118164,12.270999908447266,10.600000381469728,10.75,10.75,96300
10.800000190734863,11.0,10.619999885559082,10.729999542236328,10.729999542236328,24200
10.640000343322754,11.760000228881836,10.640000343322754,11.539999961853027,11.539999961853027,25900
11.229999542236328,11.732999801635742,10.850000381469728,11.010000228881836,11.010000228881836,34400
11.260000228881836,11.354999542236328,11.0600004196167,11.279999732971191,11.279999732971191,42800
11.350000381469728,11.354999542236328,10.80500030517578,10.9399995803833,10.9399995803833,21600
11.130000114440918,11.329999923706056,10.914999961853027,11.3100004196167,11.3100004196167,13200
11.210000038146973,11.470000267028809,11.199999809265137,11.3100004196167,11.3100004196167,8900
11.43000030517578,11.4399995803833,11.06999969482422,11.15999984741211,11.15999984741211,13400
11.229999542236328,12.3100004196167,11.010000228881836,12.0,12.0,44200
11.890000343322754,12.079999923706056,11.142999649047852,11.25,11.25,18400
11.3100004196167,11.699999809265137,11.25,11.550000190734863,11.550000190734863,25100
11.609999656677246,11.90999984741211,11.112000465393066,11.140000343322754,11.140000343322754,27400
11.1899995803833,11.739999771118164,11.130000114440918,11.43000030517578,11.43000030517578,30900
11.609999656677246,11.970000267028809,11.609999656677246,11.81999969482422,11.81999969482422,12600
11.949999809265137,12.119999885559082,11.239999771118164,11.989999771118164,11.989999771118164,19000
11.859999656677246,12.039999961853027,11.359999656677246,11.989999771118164,11.989999771118164,46100
12.130000114440918,12.34000015258789,11.86299991607666,12.029999732971191,12.029999732971191,22500
12.210000038146973,12.899999618530272,11.93000030517578,12.539999961853027,12.539999961853027,32500
12.609999656677246,12.949999809265137,12.380000114440918,12.8100004196167,12.8100004196167,19500
12.789999961853027,13.960000038146973,12.600000381469728,13.119999885559082,13.119999885559082,37400
13.220000267028809,14.420000076293944,12.960000038146973,14.109999656677246,14.109999656677246,60300
14.149999618530272,14.5,13.618000030517578,14.010000228881836,14.010000228881836,108400
13.979999542236328,14.5,13.800000190734863,14.479999542236328,14.479999542236328,52400
14.43000030517578,14.770000457763672,14.300000190734863,14.489999771118164,14.489999771118164,57400
14.449999809265137,16.399999618530273,14.09000015258789,16.18000030517578,16.18000030517578,70200
16.0,16.5,15.562999725341797,16.260000228881836,16.260000228881836,58600
16.260000228881836,16.43000030517578,15.892000198364258,16.209999084472656,16.209999084472656,96000
16.239999771118164,16.450000762939453,15.75,16.260000228881836,16.260000228881836,88100
16.229999542236328,16.549999237060547,16.0,16.530000686645508,16.530000686645508,114800
16.280000686645508,17.43000030517578,15.800000190734863,17.329999923706055,17.329999923706055,84800
17.450000762939453,17.450000762939453,16.649999618530273,16.81999969482422,16.81999969482422,122200
16.760000228881836,16.889999389648438,16.059999465942383,16.079999923706055,16.079999923706055,47300
16.040000915527344,16.1200008392334,14.850000381469728,15.399999618530272,15.399999618530272,74700
15.399999618530272,16.0,15.300000190734863,15.630000114440918,15.630000114440918,51100
15.600000381469728,15.829999923706056,15.380000114440918,15.4399995803833,15.4399995803833,37400
15.510000228881836,15.65999984741211,14.0,14.149999618530272,14.149999618530272,67600
14.0,14.890000343322754,13.529999732971191,14.34000015258789,14.34000015258789,46900
14.279999732971191,14.75,14.119999885559082,14.579999923706056,14.579999923706056,25000
14.510000228881836,14.760000228881836,14.18000030517578,14.5600004196167,14.5600004196167,27300
14.510000228881836,14.920000076293944,14.420000076293944,14.420000076293944,14.420000076293944,21700
14.260000228881836,14.579999923706056,13.899999618530272,14.270000457763672,14.270000457763672,47100
14.359999656677246,14.630000114440918,14.149999618530272,14.199999809265137,14.199999809265137,20500
14.210000038146973,14.609000205993652,14.079999923706056,14.350000381469728,14.350000381469728,24900
14.5600004196167,15.289999961853027,14.395000457763672,14.5600004196167,14.5600004196167,56500
14.40999984741211,14.40999984741211,13.5,13.609999656677246,13.609999656677246,55600
13.640000343322754,14.729999542236328,13.479999542236328,14.109999656677246,14.109999656677246,54300
13.479999542236328,14.529999732971191,13.479999542236328,14.0,14.0,60700
14.050000190734863,14.899999618530272,14.045000076293944,14.56999969482422,14.56999969482422,61900
14.4399995803833,15.15999984741211,14.199999809265137,15.079999923706056,15.079999923706056,77000
15.119999885559082,15.890000343322754,15.0,15.699999809265137,15.699999809265137,57900
15.68000030517578,16.010000228881836,15.220000267028809,15.970000267028809,15.970000267028809,48600
15.93000030517578,16.298999786376953,15.260000228881836,15.369999885559082,15.369999885559082,48100
15.369999885559082,15.56999969482422,14.729999542236328,15.020000457763672,15.020000457763672,32600
15.0,15.470000267028809,14.890000343322754,14.949999809265137,14.949999809265137,29300
15.020000457763672,15.284000396728516,14.149999618530272,14.420000076293944,14.420000076293944,55100
14.470000267028809,14.753000259399414,13.881999969482422,13.960000038146973,13.960000038146973,54100
13.970000267028809,13.970000267028809,13.5,13.760000228881836,13.760000228881836,28600
13.670000076293944,14.079999923706056,13.460000038146973,14.079999923706056,14.079999923706056,21400
14.406999588012695,14.770000457763672,14.109999656677246,14.43000030517578,14.43000030517578,44300
14.460000038146973,14.850000381469728,14.31999969482422,14.56999969482422,14.56999969482422,26700
14.65999984741211,15.050000190734863,14.270000457763672,14.760000228881836,14.760000228881836,49300
14.979999542236328,15.59000015258789,14.75,14.90999984741211,14.90999984741211,48200
15.09000015258789,15.4399995803833,13.970000267028809,14.3100004196167,14.3100004196167,95000
14.460000038146973,14.9399995803833,13.659000396728516,14.390000343322754,14.390000343322754,63300
14.31999969482422,14.729999542236328,14.140000343322754,14.300000190734863,14.300000190734863,30100
14.329999923706056,15.145999908447266,14.29800033569336,14.489999771118164,14.489999771118164,89400
14.40999984741211,14.69499969482422,14.130000114440918,14.229999542236328,14.229999542236328,76200
14.25,14.390000343322754,13.890000343322754,14.0,14.0,70500
14.029999732971191,14.15999984741211,13.710000038146973,14.09000015258789,14.09000015258789,71700
14.0,14.170000076293944,13.739999771118164,13.9399995803833,13.9399995803833,52700
14.479999542236328,14.479999542236328,13.869999885559082,14.06999969482422,14.06999969482422,37200
14.020000457763672,14.199999809265137,13.010000228881836,13.380000114440918,13.380000114440918,85800
13.4399995803833,13.885000228881836,13.109999656677246,13.800000190734863,13.800000190734863,42800
13.880000114440918,14.029999732971191,13.5,13.68000030517578,13.68000030517578,75800
13.770000457763672,14.420000076293944,13.473999977111816,13.739999771118164,13.739999771118164,69000
13.880000114440918,14.399999618530272,13.640000343322754,14.239999771118164,14.239999771118164,64200
14.25,14.65999984741211,14.25,14.4399995803833,14.4399995803833,34000
14.399999618530272,14.760000228881836,14.289999961853027,14.520000457763672,14.520000457763672,13500
14.479999542236328,14.789999961853027,13.979999542236328,14.270000457763672,14.270000457763672,60200
14.170000076293944,14.210000038146973,13.9399995803833,14.050000190734863,14.050000190734863,109300
14.149999618530272,14.15999984741211,13.68000030517578,13.90999984741211,13.90999984741211,42000
13.93000030517578,14.199999809265137,13.770000457763672,14.0600004196167,14.0600004196167,67500
14.220000267028809,14.699000358581545,14.0,14.649999618530272,14.649999618530272,47200
14.619999885559082,14.93000030517578,14.4399995803833,14.539999961853027,14.539999961853027,49300
14.758000373840332,14.803000450134276,14.329999923706056,14.59000015258789,14.59000015258789,44800
14.649999618530272,14.989999771118164,14.510000228881836,14.949999809265137,14.949999809265137,24900
14.949999809265137,15.475000381469728,14.779999732971191,15.420000076293944,15.420000076293944,50200
15.489999771118164,15.789999961853027,14.710000038146973,14.800000190734863,14.800000190734863,30300
14.8100004196167,15.04800033569336,14.199999809265137,14.220000267028809,14.220000267028809,37700
14.239999771118164,14.3100004196167,13.920000076293944,13.970000267028809,13.970000267028809,48200
13.84000015258789,13.859999656677246,13.18000030517578,13.229999542236328,13.229999542236328,48100
13.260000228881836,13.3100004196167,12.43000030517578,12.579999923706056,12.579999923706056,62800
12.609999656677246,13.369999885559082,12.600000381469728,13.18000030517578,13.18000030517578,51800
13.130000114440918,13.359999656677246,12.869999885559082,13.31999969482422,13.31999969482422,41300
13.31999969482422,13.770000457763672,13.289999961853027,13.699999809265137,13.699999809265137,24200
13.81999969482422,13.81999969482422,13.609999656677246,13.739999771118164,13.739999771118164,17300
13.760000228881836,13.760000228881836,13.350000381469728,13.65999984741211,13.65999984741211,26800
13.649999618530272,13.649999618530272,13.109999656677246,13.18000030517578,13.18000030517578,36200
13.039999961853027,13.489999771118164,13.039999961853027,13.40999984741211,13.40999984741211,28400
13.630000114440918,15.149999618530272,13.449999809265137,14.65999984741211,14.65999984741211,74400
14.649999618530272,14.65999984741211,14.0600004196167,14.109999656677246,14.109999656677246,52200
14.109999656677246,14.598999977111816,13.970000267028809,14.479999542236328,14.479999542236328,25600
14.420000076293944,15.15999984741211,14.229999542236328,14.789999961853027,14.789999961853027,50100
14.850000381469728,15.32699966430664,14.760000228881836,15.079999923706056,15.079999923706056,26000
15.220000267028809,15.75,14.899999618530272,15.010000228881836,15.010000228881836,36400
15.039999961853027,15.31999969482422,14.84000015258789,15.199999809265137,15.199999809265137,49600
15.380000114440918,16.2450008392334,14.210000038146973,15.06999969482422,15.06999969482422,120400
15.06999969482422,15.170000076293944,14.0,14.0600004196167,14.0600004196167,48300
14.18000030517578,14.489999771118164,13.899999618530272,14.270000457763672,14.270000457763672,68600
14.4399995803833,14.4399995803833,14.05500030517578,14.1899995803833,14.1899995803833,38600
14.380000114440918,14.460000038146973,14.0,14.09000015258789,14.09000015258789,57300
14.010000228881836,14.149999618530272,13.770000457763672,13.960000038146973,13.960000038146973,54700
13.850000381469728,14.300000190734863,13.84000015258789,14.260000228881836,14.260000228881836,46500
14.199999809265137,14.536999702453612,14.199999809265137,14.289999961853027,14.289999961853027,22100
14.420000076293944,14.420000076293944,14.062999725341797,14.220000267028809,14.220000267028809,21500
13.890000343322754,14.5,13.890000343322754,14.329999923706056,14.329999923706056,64200
14.34000015258789,14.460000038146973,13.949999809265137,14.010000228881836,14.010000228881836,93100
14.010000228881836,14.65999984741211,13.6899995803833,14.399999618530272,14.399999618530272,59000
14.399999618530272,14.630000114440918,14.039999961853027,14.59000015258789,14.59000015258789,45700
14.479999542236328,14.859999656677246,13.600000381469728,14.0,14.0,48200
14.010000228881836,14.369999885559082,13.859999656677246,13.90999984741211,13.90999984741211,35200
14.0,14.107000350952148,13.779999732971191,13.84000015258789,13.84000015258789,16200
14.010000228881836,14.1899995803833,13.835000038146973,14.0600004196167,14.0600004196167,15500
14.010000228881836,14.100000381469728,13.600000381469728,13.649999618530272,13.649999618530272,20500
13.649999618530272,13.890000343322754,13.635000228881836,13.720000267028809,13.720000267028809,50400
13.84000015258789,14.0600004196167,13.579999923706056,13.729999542236328,13.729999542236328,48600
13.579999923706056,13.869999885559082,13.579999923706056,13.75,13.75,29300
13.850000381469728,13.859999656677246,13.600000381469728,13.619999885559082,13.619999885559082,19100
13.600000381469728,13.600000381469728,12.18000030517578,12.18000030517578,12.18000030517578,59100
7.0,8.760000228881836,7.0,8.550000190734863,8.550000190734863,1190000
8.25,8.350000381469727,7.559999942779541,8.119999885559082,8.119999885559082,279000
8.289999961853027,8.42199993133545,7.284999847412109,7.699999809265137,7.699999809265137,275700
7.679999828338623,7.849999904632568,7.369999885559082,7.610000133514404,7.610000133514404,82200
7.699999809265137,7.699999809265137,7.0,7.019999980926514,7.019999980926514,137900
7.019999980926514,7.209000110626221,6.800000190734863,7.050000190734863,7.050000190734863,132500
7.059999942779541,7.099999904632568,6.730000019073486,6.860000133514404,6.860000133514404,118000
6.840000152587891,7.360000133514404,6.775000095367432,6.840000152587891,6.840000152587891,108400
6.769999980926514,6.909999847412109,6.329999923706055,6.590000152587891,6.590000152587891,109000
6.480000019073486,6.860000133514404,6.170000076293945,6.849999904632568,6.849999904632568,111000
6.809999942779541,7.074999809265137,6.590000152587891,6.949999809265137,6.949999809265137,92000
6.960000038146973,7.0,6.630000114440918,6.670000076293945,6.670000076293945,71900
6.960000038146973,7.489999771118164,6.699999809265137,7.25,7.25,111700
7.03000020980835,7.599999904632568,7.010000228881836,7.489999771118164,7.489999771118164,53700
7.420000076293945,7.940000057220459,7.179999828338623,7.739999771118164,7.739999771118164,94900
7.550000190734863,7.550000190734863,6.75,7.210000038146973,7.210000038146973,107300
7.400000095367432,7.400000095367432,7.0,7.110000133514404,7.110000133514404,47400
7.03000020980835,7.090000152587891,6.144999980926514,6.360000133514404,6.360000133514404,118700
6.110000133514404,6.460000038146973,5.690000057220459,6.079999923706055,6.079999923706055,98600
6.070000171661377,6.099999904632568,5.53000020980835,5.769999980926514,5.769999980926514,192200
5.539999961853027,5.900000095367432,5.110000133514404,5.230000019073486,5.230000019073486,135100
5.447999954223633,7.127999782562256,5.239999771118164,6.989999771118164,6.989999771118164,204400
6.579999923706055,7.53000020980835,6.0,6.269999980926514,6.269999980926514,156900
6.269999980926514,6.939000129699707,6.0,6.289999961853027,6.289999961853027,130700
6.559999942779541,6.665999889373779,6.0,6.070000171661377,6.070000171661377,112500
6.010000228881836,6.340000152587891,5.590000152587891,5.769999980926514,5.769999980926514,65000
6.150000095367432,6.400000095367432,5.869999885559082,6.300000190734863,6.300000190734863,92400
6.320000171661377,6.539999961853027,6.070000171661377,6.130000114440918,6.130000114440918,71200
6.170000076293945,6.460000038146973,5.699999809265137,6.360000133514404,6.360000133514404,107600
6.289999961853027,6.849999904632568,6.039999961853027,6.679999828338623,6.679999828338623,72000
6.829999923706055,6.949999809265137,6.34499979019165,6.739999771118164,6.739999771118164,41300
6.739999771118164,7.389999866485596,6.681000232696533,7.159999847412109,7.159999847412109,99500
7.0,7.159999847412109,6.059999942779541,6.230000019073486,6.230000019073486,80600
