4.050000190734863,4.130000114440918,4.019999980926514,4.070000171661377,-107.85499572753906,5118.0
4.170000076293945,4.170000076293945,3.950000047683716,3.950000047683716,-104.67499542236328,7803.0
3.930000066757202,4.25,3.930000066757202,4.150000095367432,-109.97499084472656,59312.0
3.9800000190734863,4.230100154876709,3.950000047683716,4.110000133514404,-108.9149932861328,36071.0
0.0140000004321336,0.0140000004321336,0.0140000004321336,0.0140000004321336,-0.3709999918937683,0.0
0.0170000009238719,0.0170000009238719,0.0170000009238719,0.0170000009238719,-0.4504999816417694,0.0
0.0140000004321336,0.0140000004321336,0.0140000004321336,0.0140000004321336,-0.3709999918937683,0.0
0.0189999993890523,0.0189999993890523,0.0189999993890523,0.0189999993890523,-0.5034999251365662,0.0
0.0170000009238719,0.0170000009238719,0.0170000009238719,0.0170000009238719,-0.4504999816417694,0.0
0.0140000004321336,0.0140000004321336,0.0140000004321336,0.0140000004321336,-0.3709999918937683,0.0
0.0170000009238719,0.0170000009238719,0.0170000009238719,0.0170000009238719,-0.4504999816417694,0.0
0.0140000004321336,0.0140000004321336,0.0140000004321336,0.0140000004321336,-0.3709999918937683,0.0
0.0189999993890523,0.0189999993890523,0.0189999993890523,0.0189999993890523,-0.5034999251365662,0.0
0.0219999998807907,0.0219999998807907,0.0219999998807907,0.0219999998807907,-0.5829999446868896,0.0
0.0219999998807907,0.0219999998807907,0.0219999998807907,0.0219999998807907,-0.5829999446868896,0.0
0.0219999998807907,0.0219999998807907,0.0219999998807907,0.0219999998807907,-0.5829999446868896,0.0
0.0309999994933605,0.0309999994933605,0.0309999994933605,0.0309999994933605,-0.8214999437332153,0.0
0.0280000008642673,0.0280000008642673,0.0280000008642673,0.0280000008642673,-0.7419999837875366,0.0
0.0280000008642673,0.0280000008642673,0.0280000008642673,0.0280000008642673,-0.7419999837875366,0.0
0.0280000008642673,0.0280000008642673,0.0280000008642673,0.0280000008642673,-0.7419999837875366,0.0
0.0270000007003545,0.0270000007003545,0.0270000007003545,0.0270000007003545,-0.7154999375343323,0.0
0.0280000008642673,0.0280000008642673,0.0280000008642673,0.0280000008642673,-0.7419999837875366,0.0
0.0240000002086162,0.0240000002086162,0.0240000002086162,0.0240000002086162,-0.6359999775886536,0.0
0.0240000002086162,0.0240000002086162,0.0240000002086162,0.0240000002086162,-0.6359999775886536,0.0
0.0240000002086162,0.0240000002086162,0.0240000002086162,0.0240000002086162,-0.6359999775886536,0.0
0.0240000002086162,0.0240000002086162,0.0240000002086162,0.0240000002086162,-0.6359999775886536,0.0
0.0189999993890523,0.0189999993890523,0.0189999993890523,0.0189999993890523,-0.5034999251365662,0.0
0.0219999998807907,0.0219999998807907,0.0219999998807907,0.0219999998807907,-0.5829999446868896,0.0
0.0189999993890523,0.0189999993890523,0.0189999993890523,0.0189999993890523,-0.5034999251365662,0.0
0.0219999998807907,0.0219999998807907,0.0219999998807907,0.0219999998807907,-0.5829999446868896,0.0
0.0209999997168779,0.0209999997168779,0.0209999997168779,0.0209999997168779,-0.5564999580383301,0.0
0.0209999997168779,0.0209999997168779,0.0209999997168779,0.0209999997168779,-0.5564999580383301,0.0
0.0189999993890523,0.0189999993890523,0.0189999993890523,0.0189999993890523,-0.5034999251365662,0.0
0.0179999992251396,0.0179999992251396,0.0179999992251396,0.0179999992251396,-0.4769999384880066,0.0
0.0179999992251396,0.0179999992251396,0.0179999992251396,0.0179999992251396,-0.4769999384880066,0.0
0.0179999992251396,0.0179999992251396,0.0179999992251396,0.0179999992251396,-0.4769999384880066,0.0
0.0199999995529651,0.0199999995529651,0.0199999995529651,0.0199999995529651,-0.5299999713897705,0.0
0.0170000009238719,0.0170000009238719,0.0170000009238719,0.0170000009238719,-0.4504999816417694,0.0
0.0199999995529651,0.0199999995529651,0.0199999995529651,0.0199999995529651,-0.5299999713897705,0.0
0.0179999992251396,0.0179999992251396,0.0179999992251396,0.0179999992251396,-0.4769999384880066,0.0
0.0199999995529651,0.0199999995529651,0.0199999995529651,0.0199999995529651,-0.5299999713897705,0.0
0.0179999992251396,0.0179999992251396,0.0179999992251396,0.0179999992251396,-0.4769999384880066,0.0
0.0170000009238719,0.0170000009238719,0.0170000009238719,0.0170000009238719,-0.4504999816417694,0.0
0.0149999996647238,0.0149999996647238,0.0149999996647238,0.0149999996647238,-0.3974999487400055,0.0
0.0149999996647238,0.0149999996647238,0.0149999996647238,0.0149999996647238,-0.3974999487400055,0.0
0.0149999996647238,0.0149999996647238,0.0149999996647238,0.0149999996647238,-0.3974999487400055,0.0
0.0149999996647238,0.0149999996647238,0.0149999996647238,0.0149999996647238,-0.3974999487400055,0.0
0.0170000009238719,0.0170000009238719,0.0170000009238719,0.0170000009238719,-0.4504999816417694,0.0
0.0140000004321336,0.0140000004321336,0.0140000004321336,0.0140000004321336,-0.3709999918937683,0.0
0.0140000004321336,0.0140000004321336,0.0140000004321336,0.0140000004321336,-0.3709999918937683,0.0
0.0109999999403953,0.0109999999403953,0.0109999999403953,0.0109999999403953,-0.2914999723434448,0.0
0.0109999999403953,0.0109999999403953,0.0109999999403953,0.0109999999403953,-0.2914999723434448,0.0
0.0149999996647238,0.0149999996647238,0.0149999996647238,0.0149999996647238,-0.3974999487400055,0.0
0.0109999999403953,0.0109999999403953,0.0109999999403953,0.0109999999403953,-0.2914999723434448,0.0
0.0109999999403953,0.0109999999403953,0.0109999999403953,0.0109999999403953,-0.2914999723434448,0.0
0.0109999999403953,0.0109999999403953,0.0109999999403953,0.0109999999403953,-0.2914999723434448,0.0
0.0149999996647238,0.0149999996647238,0.0149999996647238,0.0149999996647238,-0.3974999487400055,0.0
0.0109999999403953,0.0109999999403953,0.0109999999403953,0.0109999999403953,-0.2914999723434448,0.0
0.0109999999403953,0.0109999999403953,0.0109999999403953,0.0109999999403953,-0.2914999723434448,0.0
0.0149999996647238,0.0149999996647238,0.0149999996647238,0.0149999996647238,-0.3974999487400055,0.0
0.0170000009238719,0.0170000009238719,0.0170000009238719,0.0170000009238719,-0.4504999816417694,0.0
0.0149999996647238,0.0149999996647238,0.0149999996647238,0.0149999996647238,-0.3974999487400055,0.0
0.0149999996647238,0.0149999996647238,0.0149999996647238,0.0149999996647238,-0.3974999487400055,0.0
0.0120000001043081,0.0120000001043081,0.0120000001043081,0.0120000001043081,-0.3179999887943268,0.0
0.0099999997764825,0.0099999997764825,0.0099999997764825,0.0099999997764825,-0.2649999856948852,0.0
0.0120000001043081,0.0120000001043081,0.0120000001043081,0.0120000001043081,-0.3179999887943268,0.0
0.0120000001043081,0.0120000001043081,0.0120000001043081,0.0120000001043081,-0.3179999887943268,0.0
0.0070000002160668,0.0070000002160668,0.0070000002160668,0.0070000002160668,-0.1854999959468841,0.0
0.0140000004321336,0.0140000004321336,0.0140000004321336,0.0140000004321336,-0.3709999918937683,0.0
0.0080000003799796,0.0080000003799796,0.0080000003799796,0.0080000003799796,-0.2119999974966049,0.0
0.0149999996647238,0.0149999996647238,0.0149999996647238,0.0149999996647238,-0.3974999487400055,0.0
0.0120000001043081,0.0120000001043081,0.0120000001043081,0.0120000001043081,-0.3179999887943268,0.0
0.025000000372529,0.025000000372529,0.025000000372529,0.025000000372529,-0.6624999642372131,0.0
0.025000000372529,0.025000000372529,0.025000000372529,0.025000000372529,-0.6624999642372131,0.0
0.0219999998807907,0.0219999998807907,0.0219999998807907,0.0219999998807907,-0.5829999446868896,0.0
0.0219999998807907,0.0219999998807907,0.0219999998807907,0.0219999998807907,-0.5829999446868896,0.0
0.0219999998807907,0.0219999998807907,0.0219999998807907,0.0219999998807907,-0.5829999446868896,0.0
0.0149999996647238,0.0149999996647238,0.0149999996647238,0.0149999996647238,-0.3974999487400055,0.0
0.0149999996647238,0.0149999996647238,0.0149999996647238,0.0149999996647238,-0.3974999487400055,0.0
0.0149999996647238,0.0149999996647238,0.0149999996647238,0.0149999996647238,-0.3974999487400055,0.0
0.0199999995529651,0.0199999995529651,0.0199999995529651,0.0199999995529651,-0.5299999713897705,0.0
0.0179999992251396,0.0179999992251396,0.0179999992251396,0.0179999992251396,-0.4769999384880066,0.0
0.0199999995529651,0.0199999995529651,0.0199999995529651,0.0199999995529651,-0.5299999713897705,0.0
0.0199999995529651,0.0199999995529651,0.0199999995529651,0.0199999995529651,-0.5299999713897705,0.0
0.0189999993890523,0.0189999993890523,0.0189999993890523,0.0189999993890523,-0.5034999251365662,0.0
0.0199999995529651,0.0199999995529651,0.0199999995529651,0.0199999995529651,-0.5299999713897705,0.0
0.0189999993890523,0.0189999993890523,0.0189999993890523,0.0189999993890523,-0.5034999251365662,0.0
0.0170000009238719,0.0170000009238719,0.0170000009238719,0.0170000009238719,-0.4504999816417694,0.0
0.0179999992251396,0.0179999992251396,0.0179999992251396,0.0179999992251396,-0.4769999384880066,0.0
0.025000000372529,0.025000000372529,0.025000000372529,0.025000000372529,-0.6624999642372131,0.0
0.0170000009238719,0.0170000009238719,0.0170000009238719,0.0170000009238719,-0.4504999816417694,0.0
0.0199999995529651,0.0199999995529651,0.0199999995529651,0.0199999995529651,-0.5299999713897705,0.0
0.0179999992251396,0.0179999992251396,0.0179999992251396,0.0179999992251396,-0.4769999384880066,0.0
0.0199999995529651,0.0199999995529651,0.0199999995529651,0.0199999995529651,-0.5299999713897705,0.0
0.0170000009238719,0.0170000009238719,0.0170000009238719,0.0170000009238719,-0.4504999816417694,0.0
0.0080000003799796,0.0080000003799796,0.0080000003799796,0.0080000003799796,-0.2119999974966049,0.0
0.0109999999403953,0.0109999999403953,0.0109999999403953,0.0109999999403953,-0.2914999723434448,0.0
0.0120000001043081,0.0120000001043081,0.0120000001043081,0.0120000001043081,-0.3179999887943268,0.0
0.0149999996647238,0.0149999996647238,0.0149999996647238,0.0149999996647238,-0.3974999487400055,0.0
0.0140000004321336,0.0140000004321336,0.0140000004321336,0.0140000004321336,-0.3709999918937683,0.0
0.0140000004321336,0.0140000004321336,0.0140000004321336,0.0140000004321336,-0.3709999918937683,0.0
0.0120000001043081,0.0120000001043081,0.0120000001043081,0.0120000001043081,-0.3179999887943268,0.0
0.0170000009238719,0.0170000009238719,0.0170000009238719,0.0170000009238719,-0.4504999816417694,0.0
0.025000000372529,0.025000000372529,0.025000000372529,0.025000000372529,-0.6624999642372131,0.0
0.0149999996647238,0.0149999996647238,0.0149999996647238,0.0149999996647238,-0.3974999487400055,0.0
0.0149999996647238,0.0149999996647238,0.0149999996647238,0.0149999996647238,-0.3974999487400055,0.0
0.0149999996647238,0.0149999996647238,0.0149999996647238,0.0149999996647238,-0.3974999487400055,0.0
0.0109999999403953,0.0109999999403953,0.0109999999403953,0.0109999999403953,-0.2914999723434448,0.0
0.0149999996647238,0.0149999996647238,0.0149999996647238,0.0149999996647238,-0.3974999487400055,0.0
0.0149999996647238,0.0149999996647238,0.0149999996647238,0.0149999996647238,-0.3974999487400055,0.0
0.0189999993890523,0.0189999993890523,0.0189999993890523,0.0189999993890523,-0.5034999251365662,0.0
0.0149999996647238,0.0149999996647238,0.0149999996647238,0.0149999996647238,-0.3974999487400055,0.0
0.0109999999403953,0.0109999999403953,0.0109999999403953,0.0109999999403953,-0.2914999723434448,0.0
0.0109999999403953,0.0109999999403953,0.0109999999403953,0.0109999999403953,-0.2914999723434448,0.0
0.0149999996647238,0.0149999996647238,0.0149999996647238,0.0149999996647238,-0.3974999487400055,0.0
0.0109999999403953,0.0109999999403953,0.0109999999403953,0.0109999999403953,-0.2914999723434448,0.0
0.0149999996647238,0.0149999996647238,0.0149999996647238,0.0149999996647238,-0.3974999487400055,0.0
0.0109999999403953,0.0109999999403953,0.0109999999403953,0.0109999999403953,-0.2914999723434448,0.0
0.0120000001043081,0.0120000001043081,0.0120000001043081,0.0120000001043081,-0.3179999887943268,0.0
0.0080000003799796,0.0080000003799796,0.0080000003799796,0.0080000003799796,-0.2119999974966049,0.0
0.0149999996647238,0.0149999996647238,0.0149999996647238,0.0149999996647238,-0.3974999487400055,0.0
0.0120000001043081,0.0120000001043081,0.0120000001043081,0.0120000001043081,-0.3179999887943268,0.0
0.0099999997764825,0.0099999997764825,0.0099999997764825,0.0099999997764825,-0.2649999856948852,0.0
0.0120000001043081,0.0120000001043081,0.0120000001043081,0.0120000001043081,-0.3179999887943268,0.0
0.0080000003799796,0.0080000003799796,0.0080000003799796,0.0080000003799796,-0.2119999974966049,0.0
0.0120000001043081,0.0120000001043081,0.0120000001043081,0.0120000001043081,-0.3179999887943268,0.0
0.0120000001043081,0.0120000001043081,0.0120000001043081,0.0120000001043081,-0.3179999887943268,0.0
0.0080000003799796,0.0080000003799796,0.0080000003799796,0.0080000003799796,-0.2119999974966049,0.0
0.0099999997764825,0.0099999997764825,0.0099999997764825,0.0099999997764825,-0.2649999856948852,0.0
0.0099999997764825,0.0099999997764825,0.0099999997764825,0.0099999997764825,-0.2649999856948852,0.0
0.0089999996125698,0.0089999996125698,0.0089999996125698,0.0089999996125698,-0.2384999692440033,0.0
0.0040000001899898,0.0040000001899898,0.0040000001899898,0.0040000001899898,-0.1059999987483024,0.0
0.0099999997764825,0.0099999997764825,0.0099999997764825,0.0099999997764825,-0.2649999856948852,0.0
0.0099999997764825,0.0099999997764825,0.0099999997764825,0.0099999997764825,-0.2649999856948852,0.0
0.0040000001899898,0.0040000001899898,0.0040000001899898,0.0040000001899898,-0.1059999987483024,0.0
0.0040000001899898,0.0040000001899898,0.0040000001899898,0.0040000001899898,-0.1059999987483024,0.0
0.0040000001899898,0.0040000001899898,0.0040000001899898,0.0040000001899898,-0.1059999987483024,0.0
0.0040000001899898,0.0040000001899898,0.0040000001899898,0.0040000001899898,-0.1059999987483024,0.0
0.0120000001043081,0.0120000001043081,0.0120000001043081,0.0120000001043081,-0.3179999887943268,0.0
0.0070000002160668,0.0070000002160668,0.0070000002160668,0.0070000002160668,-0.1854999959468841,0.0
0.0099999997764825,0.0099999997764825,0.0099999997764825,0.0099999997764825,-0.2649999856948852,0.0
0.0099999997764825,0.0099999997764825,0.0099999997764825,0.0099999997764825,-0.2649999856948852,0.0
0.0099999997764825,0.0099999997764825,0.0099999997764825,0.0099999997764825,-0.2649999856948852,0.0
0.0040000001899898,0.0040000001899898,0.0040000001899898,0.0040000001899898,-0.1059999987483024,0.0
0.0099999997764825,0.0099999997764825,0.0099999997764825,0.0099999997764825,-0.2649999856948852,0.0
0.0040000001899898,0.0040000001899898,0.0040000001899898,0.0040000001899898,-0.1059999987483024,0.0
0.0040000001899898,0.0040000001899898,0.0040000001899898,0.0040000001899898,-0.1059999987483024,0.0
0.0070000002160668,0.0070000002160668,0.0070000002160668,0.0070000002160668,-0.1854999959468841,0.0
0.0040000001899898,0.0040000001899898,0.0040000001899898,0.0040000001899898,-0.1059999987483024,0.0
0.0040000001899898,0.0040000001899898,0.0040000001899898,0.0040000001899898,-0.1059999987483024,0.0
0.0040000001899898,0.0040000001899898,0.0040000001899898,0.0040000001899898,-0.1059999987483024,0.0
0.0040000001899898,0.0040000001899898,0.0040000001899898,0.0040000001899898,-0.1059999987483024,0.0
0.0049999998882412,0.0049999998882412,0.0049999998882412,0.0049999998882412,-0.1324999928474426,0.0
0.0099999997764825,0.0099999997764825,0.0099999997764825,0.0099999997764825,-0.2649999856948852,0.0
0.0070000002160668,0.0070000002160668,0.0070000002160668,0.0070000002160668,-0.1854999959468841,0.0
0.0099999997764825,0.0099999997764825,0.0099999997764825,0.0099999997764825,-0.2649999856948852,0.0
0.0099999997764825,0.0099999997764825,0.0099999997764825,0.0099999997764825,-0.2649999856948852,0.0
0.0099999997764825,0.0099999997764825,0.0099999997764825,0.0099999997764825,-0.2649999856948852,0.0
0.0080000003799796,0.0080000003799796,0.0080000003799796,0.0080000003799796,-0.2119999974966049,0.0
0.0099999997764825,0.0099999997764825,0.0099999997764825,0.0099999997764825,-0.2649999856948852,0.0
0.0099999997764825,0.0099999997764825,0.0099999997764825,0.0099999997764825,-0.2649999856948852,0.0
0.0070000002160668,0.0070000002160668,0.0070000002160668,0.0070000002160668,-0.1854999959468841,0.0
0.0010000000474974,0.0010000000474974,0.0010000000474974,0.0010000000474974,-0.0264999996870756,0.0
0.0099999997764825,0.0099999997764825,0.0099999997764825,0.0099999997764825,-0.2649999856948852,0.0
0.0049999998882412,0.0049999998882412,0.0049999998882412,0.0049999998882412,-0.1324999928474426,0.0
0.0099999997764825,0.0099999997764825,0.0099999997764825,0.0099999997764825,-0.2649999856948852,0.0
0.0049999998882412,0.0049999998882412,0.0049999998882412,0.0049999998882412,-0.1324999928474426,0.0
0.0099999997764825,0.0099999997764825,0.0099999997764825,0.0099999997764825,-0.2649999856948852,0.0
0.0099999997764825,0.0099999997764825,0.0099999997764825,0.0099999997764825,-0.2649999856948852,0.0
0.0020000000949949,0.0020000000949949,0.0020000000949949,0.0020000000949949,-0.0529999993741512,0.0
0.0020000000949949,0.0020000000949949,0.0020000000949949,0.0020000000949949,-0.0529999993741512,0.0
0.0020000000949949,0.0020000000949949,0.0020000000949949,0.0020000000949949,-0.0529999993741512,0.0
0.0020000000949949,0.0020000000949949,0.0020000000949949,0.0020000000949949,-0.0529999993741512,0.0
0.0020000000949949,0.0020000000949949,0.0020000000949949,0.0020000000949949,-0.0529999993741512,0.0
0.0020000000949949,0.0020000000949949,0.0020000000949949,0.0020000000949949,-0.0529999993741512,0.0
0.0020000000949949,0.0020000000949949,0.0020000000949949,0.0020000000949949,-0.0529999993741512,0.0
0.0020000000949949,0.0020000000949949,0.0020000000949949,0.0020000000949949,-0.0529999993741512,0.0
0.0020000000949949,0.0020000000949949,0.0020000000949949,0.0020000000949949,-0.0529999993741512,0.0
0.0020000000949949,0.0020000000949949,0.0020000000949949,0.0020000000949949,-0.0529999993741512,0.0
0.0020000000949949,0.0020000000949949,0.0020000000949949,0.0020000000949949,-0.0529999993741512,0.0
0.0020000000949949,0.0020000000949949,0.0020000000949949,0.0020000000949949,0.0020000000949949,0.0
0.0020000000949949,0.0020000000949949,0.0020000000949949,0.0020000000949949,0.0020000000949949,0.0
0.9110000133514404,1.0,0.9110000133514404,0.9980000257492064,0.9980000257492064,15820.0
0.9890000224113464,0.9900000095367432,0.9097999930381776,0.9097999930381776,0.9097999930381776,14776.0
0.9190000295639038,0.9200000166893004,0.8899999856948853,0.8899999856948853,0.8899999856948853,22078.0
0.8899999856948853,0.8899999856948853,0.8500999808311462,0.8899999856948853,0.8899999856948853,30774.0
10.4399995803833,10.4399995803833,9.984000205993652,9.984000205993652,9.984000205993652,1800.0
10.4399995803833,10.5600004196167,10.199999809265137,10.199999809265137,10.199999809265137,1100.0
9.600000381469728,10.5600004196167,8.15999984741211,10.199999809265137,10.199999809265137,1300.0
10.5600004196167,10.5600004196167,9.359999656677246,9.600000381469728,9.600000381469728,1100.0
9.791999816894531,10.428000450134276,9.0,9.0,9.0,2800.0
8.843999862670898,9.0,8.843999862670898,9.0,9.0,200.0
8.904000282287598,9.600000381469728,8.880000114440918,8.880000114440918,8.880000114440918,300.0
9.0,9.239999771118164,8.399999618530273,8.520000457763672,8.520000457763672,1600.0
8.399999618530273,8.399999618530273,6.0,6.599999904632568,6.599999904632568,8200.0
7.199999809265137,7.800000190734863,6.239999771118164,6.828000068664551,6.828000068664551,1700.0
6.960000038146973,9.119999885559082,5.303999900817871,7.019999980926514,7.019999980926514,13300.0
5.400000095367432,7.199999809265137,5.400000095367432,6.960000038146973,6.960000038146973,9800.0
6.599999904632568,8.616000175476074,6.599999904632568,7.440000057220459,7.440000057220459,7100.0
7.199999809265137,7.440000057220459,5.915999889373779,6.480000019073486,6.480000019073486,3000.0
6.599999904632568,6.611999988555908,6.480000019073486,6.599999904632568,6.599999904632568,2000.0
6.599999904632568,6.71999979019165,5.519999980926514,6.119999885559082,6.119999885559082,900.0
5.880000114440918,6.239999771118164,5.639999866485596,6.239999771118164,6.239999771118164,4800.0
6.156000137329102,6.179999828338623,5.760000228881836,5.760000228881836,5.760000228881836,1600.0
5.28000020980835,9.0,4.955999851226807,9.0,9.0,6000.0
7.079999923706055,7.079999923706055,4.800000190734863,5.159999847412109,5.159999847412109,7200.0
5.423999786376953,5.831999778747559,4.800000190734863,5.039999961853027,5.039999961853027,20900.0
5.26800012588501,5.26800012588501,4.440000057220459,4.800000190734863,4.800000190734863,20600.0
4.800000190734863,4.823999881744385,4.559999942779541,4.788000106811523,4.788000106811523,9500.0
4.823999881744385,5.171999931335449,4.5960001945495605,4.800000190734863,4.800000190734863,16800.0
3.839999914169312,4.199999809265137,3.5999999046325684,3.7200000286102295,3.7200000286102295,12200.0
3.911999940872192,3.9600000381469727,3.4200000762939453,3.5999999046325684,3.5999999046325684,7400.0
3.624000072479248,3.624000072479248,2.436000108718872,2.6519999504089355,2.6519999504089355,7900.0
2.880000114440918,4.739999771118164,2.736000061035156,3.0,3.0,27500.0
3.4800000190734863,3.4800000190734863,2.7720000743865967,3.0,3.0,11100.0
3.119999885559082,3.119999885559082,2.640000104904175,2.880000114440918,2.880000114440918,8100.0
2.98799991607666,3.312000036239624,2.98799991607666,3.2160000801086426,3.2160000801086426,6900.0
3.359999895095825,3.359999895095825,3.119999885559082,3.240000009536743,3.240000009536743,12800.0
3.276000022888184,3.359999895095825,3.0,3.252000093460083,3.252000093460083,3700.0
3.359999895095825,3.4679999351501465,3.359999895095825,3.4200000762939453,3.4200000762939453,1200.0
3.359999895095825,3.407999992370605,3.0,3.0,3.0,6800.0
3.1559998989105225,3.2160000801086426,2.759999990463257,2.819999933242798,2.819999933242798,4700.0
2.759999990463257,3.180000066757202,2.759999990463257,3.0,3.0,2600.0
3.240000009536743,3.299999952316284,3.0,3.119999885559082,3.119999885559082,7300.0
3.119999885559082,3.1559998989105225,2.880000114440918,3.119999885559082,3.119999885559082,8000.0
2.880000114440918,3.359999895095825,2.880000114440918,3.276000022888184,3.276000022888184,2000.0
2.880000114440918,3.240000009536743,2.880000114440918,3.180000066757202,3.180000066757202,3000.0
3.059999942779541,3.119999885559082,2.8919999599456787,3.119999885559082,3.119999885559082,2900.0
3.072000026702881,3.359999895095825,2.819999933242798,2.819999933242798,2.819999933242798,5200.0
2.9040000438690186,3.4800000190734863,2.819999933242798,3.119999885559082,3.119999885559082,7400.0
2.759999990463257,3.0,2.759999990463257,2.868000030517578,2.868000030517578,5500.0
2.819999933242798,2.9040000438690186,2.759999990463257,2.759999990463257,2.759999990463257,13700.0
2.7720000743865967,2.98799991607666,2.436000108718872,2.7239999771118164,2.7239999771118164,10200.0
2.7239999771118164,2.819999933242798,2.388000011444092,2.819999933242798,2.819999933242798,9800.0
2.5799999237060547,2.640000104904175,1.968000054359436,2.424000024795532,2.424000024795532,9200.0
2.1600000858306885,3.0,2.039999961853028,3.0,3.0,17600.0
3.0,3.0,2.4119999408721924,2.759999990463257,2.759999990463257,2900.0
2.880000114440918,2.880000114440918,2.2799999713897705,2.5199999809265137,2.5199999809265137,4800.0
2.5199999809265137,2.5199999809265137,2.388000011444092,2.400000095367432,2.400000095367432,2500.0
2.400000095367432,2.615999937057495,2.1600000858306885,2.5199999809265137,2.5199999809265137,28000.0
2.5199999809265137,2.5199999809265137,2.2799999713897705,2.2799999713897705,2.2799999713897705,7700.0
2.2799999713897705,2.507999897003174,1.955999970436096,1.955999970436096,1.955999970436096,16200.0
2.063999891281128,2.447999954223633,1.919999957084656,2.2079999446868896,2.2079999446868896,22800.0
2.400000095367432,2.400000095367432,2.039999961853028,2.039999961853028,2.039999961853028,14800.0
2.400000095367432,2.640000104904175,2.1480000019073486,2.328000068664551,2.328000068664551,10200.0
2.640000104904175,3.359999895095825,2.4719998836517334,3.119999885559082,3.119999885559082,24500.0
3.276000022888184,3.276000022888184,2.5799999237060547,2.759999990463257,2.759999990463257,10300.0
2.9040000438690186,3.0,2.4600000381469727,2.5920000076293945,2.5920000076293945,6500.0
2.5920000076293945,2.5920000076293945,2.4719998836517334,2.4719998836517334,2.4719998836517334,5100.0
2.5920000076293945,2.5920000076293945,2.4719998836517334,2.4719998836517334,2.4719998836517334,6700.0
2.400000095367432,2.5920000076293945,2.400000095367432,2.4719998836517334,2.4719998836517334,9600.0
2.5920000076293945,5.159999847412109,2.5920000076293945,5.039999961853027,5.039999961853027,215500.0
5.400000095367432,6.0,3.803999900817871,4.127999782562256,4.127999782562256,149400.0
5.039999961853027,5.039999961853027,3.240000009536743,3.7200000286102295,3.7200000286102295,36000.0
3.575999975204468,3.7200000286102295,3.371999979019165,3.4200000762939453,3.4200000762939453,13800.0
4.559999942779541,4.559999942779541,3.299999952316284,3.4800000190734863,3.4800000190734863,37100.0
3.0,3.9600000381469727,3.0,3.359999895095825,3.359999895095825,18300.0
3.131999969482422,3.359999895095825,3.059999942779541,3.131999969482422,3.131999969482422,8500.0
2.759999990463257,3.252000093460083,2.711999893188477,2.98799991607666,2.98799991607666,12900.0
2.868000030517578,3.095999956130981,2.5199999809265137,2.95199990272522,2.95199990272522,6700.0
2.8320000171661377,3.072000026702881,2.6760001182556152,2.808000087738037,2.808000087738037,3300.0
2.940000057220459,3.119999885559082,2.6640000343322754,2.880000114440918,2.880000114440918,12500.0
3.0239999294281006,3.119999885559082,2.700000047683716,2.880000114440918,2.880000114440918,6700.0
2.759999990463257,3.359999895095825,2.759999990463257,2.7720000743865967,2.7720000743865967,17900.0
2.759999990463257,2.940000057220459,2.6640000343322754,2.6760001182556152,2.6760001182556152,5300.0
2.7720000743865967,3.7200000286102295,2.6640000343322754,3.4800000190734863,3.4800000190734863,82500.0
3.4800000190734863,3.4800000190734863,2.759999990463257,2.927999973297119,2.927999973297119,40000.0
3.0,3.407999992370605,2.880000114440918,2.96399998664856,2.96399998664856,22800.0
3.1080000400543213,3.119999885559082,2.759999990463257,2.880000114440918,2.880000114440918,17500.0
2.95199990272522,3.0,2.759999990463257,2.759999990463257,2.759999990463257,9300.0
2.759999990463257,2.8320000171661377,2.436000108718872,2.640000104904175,2.640000104904175,23200.0
2.436000108718872,2.628000020980835,2.2799999713897705,2.507999897003174,2.507999897003174,20600.0
2.6040000915527344,2.6040000915527344,2.3399999141693115,2.447999954223633,2.447999954223633,5000.0
2.5799999237060547,2.98799991607666,2.447999954223633,2.5799999237060547,2.5799999237060547,26900.0
2.4600000381469727,2.700000047683716,2.4119999408721924,2.4600000381469727,2.4600000381469727,8700.0
2.364000082015991,2.5439999103546143,2.303999900817871,2.4119999408721924,2.4119999408721924,13000.0
2.400000095367432,2.4719998836517334,2.3399999141693115,2.4119999408721924,2.4119999408721924,8500.0
2.4119999408721924,2.436000108718872,2.0999999046325684,2.1600000858306885,2.1600000858306885,12000.0
2.2679998874664307,2.351999998092652,2.171999931335449,2.2799999713897705,2.2799999713897705,6300.0
2.351999998092652,2.351999998092652,2.2799999713897705,2.351999998092652,2.351999998092652,8200.0
2.400000095367432,2.4600000381469727,2.2799999713897705,2.4600000381469727,2.4600000381469727,6400.0
2.400000095367432,3.9600000381469727,2.400000095367432,3.0,3.0,94800.0
3.1559998989105225,3.4800000190734863,2.880000114440918,3.0,3.0,46700.0
3.0,3.359999895095825,2.555999994277954,2.687999963760376,2.687999963760376,26900.0
2.868000030517578,3.119999885559082,2.759999990463257,2.98799991607666,2.98799991607666,22900.0
2.880000114440918,3.359999895095825,2.759999990463257,3.0239999294281006,3.0239999294281006,30400.0
3.359999895095825,3.359999895095825,2.9040000438690186,2.9760000705718994,2.9760000705718994,12200.0
2.9040000438690186,3.2880001068115234,2.9040000438690186,3.059999942779541,3.059999942779541,12200.0
3.0,3.5999999046325684,2.98799991607666,3.2039999961853027,3.2039999961853027,35000.0
3.5999999046325684,3.900000095367432,3.240000009536743,3.2880001068115234,3.2880001068115234,27500.0
3.359999895095825,3.539999961853028,3.0,3.180000066757202,3.180000066757202,25300.0
3.119999885559082,3.4800000190734863,3.119999885559082,3.191999912261963,3.191999912261963,11200.0
3.0,3.539999961853028,2.95199990272522,3.1679999828338623,3.1679999828338623,91300.0
3.312000036239624,3.3359999656677246,3.0,3.119999885559082,3.119999885559082,26100.0
3.01200008392334,3.2279999256134038,3.0,3.0,3.0,17400.0
2.880000114440918,3.240000009536743,2.568000078201294,2.568000078201294,2.568000078201294,14600.0
3.0840001106262207,3.1679999828338623,2.555999994277954,2.555999994277954,2.555999994277954,19400.0
2.940000057220459,3.1440000534057617,2.640000104904175,2.640000104904175,2.640000104904175,18400.0
3.240000009536743,10.5600004196167,3.0239999294281006,4.535999774932861,4.535999774932861,1055700.0
4.559999942779541,7.679999828338623,4.559999942779541,5.400000095367432,5.400000095367432,462900.0
5.760000228881836,6.576000213623047,5.21999979019165,6.576000213623047,6.576000213623047,463800.0
6.539999961853027,7.199999809265137,5.159999847412109,5.507999897003174,5.507999897003174,163600.0
5.519999980926514,5.760000228881836,4.800000190734863,4.9079999923706055,4.9079999923706055,110700.0
4.872000217437744,5.315999984741211,4.440000057220459,5.039999961853027,5.039999961853027,68200.0
5.039999961853027,5.039999961853027,4.199999809265137,4.452000141143799,4.452000141143799,81800.0
4.559999942779541,5.184000015258789,4.415999889373779,4.547999858856201,4.547999858856201,86400.0
4.440000057220459,4.668000221252441,3.684000015258789,3.839999914169312,3.839999914169312,42500.0
3.359999895095825,4.320000171661377,3.359999895095825,4.139999866485596,4.139999866485596,74100.0
4.343999862670898,4.48799991607666,4.211999893188477,4.260000228881836,4.260000228881836,20400.0
4.260000228881836,4.559999942779541,3.75600004196167,4.139999866485596,4.139999866485596,56900.0
3.983999967575073,4.679999828338623,3.900000095367432,4.5,4.5,44600.0
4.559999942779541,4.920000076293945,3.9600000381469727,4.691999912261963,4.691999912261963,61000.0
4.679999828338623,4.920000076293945,4.343999862670898,4.800000190734863,4.800000190734863,32500.0
4.788000106811523,4.800000190734863,4.343999862670898,4.47599983215332,4.47599983215332,39700.0
4.47599983215332,4.800000190734863,4.079999923706055,4.296000003814697,4.296000003814697,62300.0
4.320000171661377,4.368000030517578,3.767999887466431,4.151999950408936,4.151999950408936,55900.0
4.056000232696533,4.368000030517578,3.240000009536743,3.7200000286102295,3.7200000286102295,62700.0
3.611999988555908,4.019999980926514,3.5999999046325684,3.839999914169312,3.839999914169312,14500.0
3.803999900817871,4.019999980926514,3.7200000286102295,3.74399995803833,3.74399995803833,8400.0
3.74399995803833,3.839999914169312,3.4800000190734863,3.624000072479248,3.624000072479248,13700.0
3.5999999046325684,3.911999940872192,3.4800000190734863,3.539999961853028,3.539999961853028,37200.0
3.539999961853028,3.839999914169312,3.4200000762939453,3.5999999046325684,3.5999999046325684,22200.0
3.359999895095825,3.7200000286102295,3.3480000495910645,3.4800000190734863,3.4800000190734863,17500.0
3.503999948501587,3.5999999046325684,3.263999938964844,3.371999979019165,3.371999979019165,17800.0
3.539999961853028,3.539999961853028,3.263999938964844,3.371999979019165,3.371999979019165,6700.0
3.2880001068115234,3.444000005722046,3.2880001068115234,3.3480000495910645,3.3480000495910645,5500.0
3.299999952316284,3.7200000286102295,3.2880001068115234,3.299999952316284,3.299999952316284,26700.0
3.492000102996826,3.5999999046325684,3.299999952316284,3.384000062942505,3.384000062942505,19700.0
3.503999948501587,3.5999999046325684,3.2880001068115234,3.299999952316284,3.299999952316284,21000.0
3.312000036239624,3.7799999713897705,3.312000036239624,3.563999891281128,3.563999891281128,46800.0
3.7799999713897705,4.199999809265137,3.563999891281128,3.839999914169312,3.839999914169312,48200.0
4.0320000648498535,4.0320000648498535,3.5160000324249268,3.660000085830689,3.660000085830689,18300.0
3.5999999046325684,3.6480000019073486,3.431999921798706,3.635999917984009,3.635999917984009,13200.0
3.384000062942505,3.539999961853028,3.384000062942505,3.4679999351501465,3.4679999351501465,11200.0
3.384000062942505,3.4679999351501465,3.059999942779541,3.191999912261963,3.191999912261963,27200.0
3.312000036239624,3.3359999656677246,3.180000066757202,3.180000066757202,3.180000066757202,9100.0
3.2160000801086426,3.263999938964844,3.119999885559082,3.1559998989105225,3.1559998989105225,11600.0
3.059999942779541,3.4560000896453857,3.059999942779541,3.119999885559082,3.119999885559082,45000.0
3.0840001106262207,3.119999885559082,2.5199999809265137,2.736000061035156,2.736000061035156,34100.0
2.9040000438690186,2.9760000705718994,2.640000104904175,2.759999990463257,2.759999990463257,20900.0
2.6519999504089355,3.180000066757202,2.507999897003174,3.059999942779541,3.059999942779541,96000.0
3.5999999046325684,5.699999809265137,3.180000066757202,3.5999999046325684,3.5999999046325684,671500.0
3.5999999046325684,3.5999999046325684,2.880000114440918,3.119999885559082,3.119999885559082,89600.0
3.119999885559082,3.119999885559082,2.9159998893737797,3.0,3.0,37900.0
3.0,3.0480000972747803,2.7960000038146973,2.98799991607666,2.98799991607666,31300.0
2.819999933242798,3.059999942779541,2.808000087738037,2.9159998893737797,2.9159998893737797,20900.0
3.01200008392334,3.01200008392334,2.8320000171661377,2.8320000171661377,2.8320000171661377,9000.0
2.759999990463257,2.940000057220459,2.759999990463257,2.880000114440918,2.880000114440918,18400.0
3.0,3.0,2.819999933242798,2.8919999599456787,2.8919999599456787,17100.0
2.868000030517578,2.9760000705718994,2.808000087738037,2.819999933242798,2.819999933242798,15100.0
2.819999933242798,2.940000057220459,2.759999990463257,2.8559999465942383,2.8559999465942383,15700.0
2.7720000743865967,2.9040000438690186,2.640000104904175,2.640000104904175,2.640000104904175,31000.0
2.7720000743865967,2.7720000743865967,2.6519999504089355,2.687999963760376,2.687999963760376,13000.0
2.759999990463257,2.759999990463257,2.640000104904175,2.6760001182556152,2.6760001182556152,9800.0
2.6760001182556152,2.868000030517578,2.6760001182556152,2.8320000171661377,2.8320000171661377,25600.0
2.940000057220459,3.119999885559082,2.711999893188477,2.7960000038146973,2.7960000038146973,74800.0
2.940000057220459,3.095999956130981,2.8320000171661377,2.8559999465942383,2.8559999465942383,23900.0
2.819999933242798,2.95199990272522,2.819999933242798,2.8320000171661377,2.8320000171661377,7200.0
2.880000114440918,2.880000114440918,2.400000095367432,2.400000095367432,2.400000095367432,34900.0
2.640000104904175,2.880000114440918,2.640000104904175,2.844000101089477,2.844000101089477,22000.0
2.880000114440918,2.880000114440918,2.687999963760376,2.687999963760376,2.687999963760376,9500.0
2.700000047683716,2.759999990463257,2.5799999237060547,2.6519999504089355,2.6519999504089355,10000.0
2.5799999237060547,2.6519999504089355,2.5799999237060547,2.628000020980835,2.628000020980835,10400.0
2.5799999237060547,2.628000020980835,2.400000095367432,2.483999967575073,2.483999967575073,16500.0
2.496000051498413,2.5439999103546143,2.400000095367432,2.532000064849853,2.532000064849853,15500.0
2.615999937057495,2.640000104904175,2.2920000553131104,2.400000095367432,2.400000095367432,17300.0
2.4600000381469727,2.496000051498413,2.2920000553131104,2.436000108718872,2.436000108718872,9700.0
2.375999927520752,2.483999967575073,2.2799999713897705,2.400000095367432,2.400000095367432,13000.0
2.400000095367432,3.240000009536743,2.400000095367432,2.808000087738037,2.808000087738037,194800.0
2.880000114440918,2.927999973297119,2.555999994277954,2.6040000915527344,2.6040000915527344,47600.0
2.6040000915527344,2.759999990463257,2.6040000915527344,2.6040000915527344,2.6040000915527344,8400.0
2.532000064849853,2.700000047683716,2.532000064849853,2.628000020980835,2.628000020980835,7300.0
2.532000064849853,3.131999969482422,2.532000064849853,3.131999969482422,3.131999969482422,12500.0
3.0840001106262207,3.0840001106262207,2.6519999504089355,2.808000087738037,2.808000087738037,18900.0
2.819999933242798,2.819999933242798,2.6519999504089355,2.747999906539917,2.747999906539917,7000.0
2.759999990463257,2.880000114440918,2.6519999504089355,2.759999990463257,2.759999990463257,10300.0
2.6640000343322754,3.539999961853028,2.6640000343322754,3.240000009536743,3.240000009536743,138900.0
3.3480000495910645,3.492000102996826,2.96399998664856,2.96399998664856,2.96399998664856,80200.0
3.0,3.059999942779541,2.700000047683716,2.736000061035156,2.736000061035156,23700.0
2.819999933242798,2.98799991607666,2.640000104904175,2.8559999465942383,2.8559999465942383,29200.0
2.8559999465942383,3.072000026702881,2.819999933242798,2.927999973297119,2.927999973297119,12600.0
2.9040000438690186,3.0,2.808000087738037,2.9159998893737797,2.9159998893737797,8200.0
2.9159998893737797,3.119999885559082,2.808000087738037,2.880000114440918,2.880000114440918,12700.0
2.9040000438690186,2.9159998893737797,2.7839999198913574,2.7839999198913574,2.7839999198913574,16000.0
2.7720000743865967,2.880000114440918,2.700000047683716,2.736000061035156,2.736000061035156,7900.0
2.736000061035156,2.8559999465942383,2.6640000343322754,2.736000061035156,2.736000061035156,17900.0
2.819999933242798,2.819999933242798,2.615999937057495,2.711999893188477,2.711999893188477,4600.0
2.640000104904175,2.736000061035156,2.5439999103546143,2.640000104904175,2.640000104904175,7800.0
2.555999994277954,2.628000020980835,2.5199999809265137,2.555999994277954,2.555999994277954,4300.0
2.555999994277954,2.555999994277954,2.4600000381469727,2.4600000381469727,2.4600000381469727,6900.0
2.4600000381469727,2.4600000381469727,2.400000095367432,2.436000108718872,2.436000108718872,6900.0
2.400000095367432,2.436000108718872,2.375999927520752,2.424000024795532,2.424000024795532,8900.0
2.315999984741211,2.4719998836517334,2.315999984741211,2.436000108718872,2.436000108718872,8800.0
2.5199999809265137,2.615999937057495,2.436000108718872,2.507999897003174,2.507999897003174,7800.0
2.5199999809265137,2.628000020980835,2.400000095367432,2.507999897003174,2.507999897003174,6800.0
2.400000095367432,2.640000104904175,2.375999927520752,2.5799999237060547,2.5799999237060547,11900.0
2.5799999237060547,2.615999937057495,2.2799999713897705,2.424000024795532,2.424000024795532,18000.0
2.400000095367432,2.483999967575073,2.039999961853028,2.2679998874664307,2.2679998874664307,14700.0
2.063999891281128,2.2799999713897705,2.063999891281128,2.1480000019073486,2.1480000019073486,7400.0
2.220000028610229,2.220000028610229,1.919999957084656,2.135999917984009,2.135999917984009,13100.0
2.111999988555908,2.124000072479248,1.5720000267028809,1.5959999561309814,1.5959999561309814,44900.0
1.6080000400543213,1.7999999523162842,1.6080000400543213,1.787999987602234,1.787999987602234,13200.0
1.9079999923706052,1.9079999923706052,1.2000000476837158,1.52400004863739,1.52400004863739,33600.0
1.6080000400543213,1.6440000534057615,1.3200000524520874,1.5119999647140503,1.5119999647140503,13200.0
1.5839999914169312,2.1600000858306885,1.5839999914169312,1.8359999656677248,1.8359999656677248,50900.0
1.8960000276565552,1.9079999923706052,1.6440000534057615,1.7760000228881836,1.7760000228881836,13100.0
1.919999957084656,1.932000041007996,1.7999999523162842,1.7999999523162842,1.7999999523162842,10000.0
1.919999957084656,1.919999957084656,1.6200000047683716,1.7039999961853027,1.7039999961853027,11800.0
1.7640000581741333,1.8600000143051147,1.559999942779541,1.7760000228881836,1.7760000228881836,15500.0
1.6440000534057615,1.7999999523162842,1.6200000047683716,1.715999960899353,1.715999960899353,15700.0
1.47599995136261,1.7640000581741333,1.47599995136261,1.6799999475479126,1.6799999475479126,13700.0
1.6799999475479126,2.0999999046325684,1.6799999475479126,1.715999960899353,1.715999960899353,52200.0
1.787999987602234,1.7999999523162842,1.559999942779541,1.559999942779541,1.559999942779541,22100.0
1.6799999475479126,1.715999960899353,1.5479999780654907,1.5720000267028809,1.5720000267028809,21100.0
1.5839999914169312,1.5959999561309814,1.5,1.52400004863739,1.52400004863739,31600.0
1.6440000534057615,1.6440000534057615,1.440000057220459,1.4520000219345093,1.4520000219345093,18500.0
1.559999942779541,1.919999957084656,1.4880000352859497,1.6679999828338623,1.6679999828338623,129000.0
1.6799999475479126,1.6799999475479126,1.47599995136261,1.559999942779541,1.559999942779541,28900.0
1.5720000267028809,1.7999999523162842,1.5,1.6200000047683716,1.6200000047683716,80500.0
4.320000171661377,4.559999942779541,2.1600000858306885,2.171999931335449,2.171999931335449,1254400.0
3.299999952316284,3.839999914169312,2.483999967575073,2.759999990463257,2.759999990463257,1165200.0
3.180000066757202,3.191999912261963,2.400000095367432,2.496000051498413,2.496000051498413,309100.0
2.3399999141693115,2.364000082015991,2.039999961853028,2.075999975204468,2.075999975204468,191900.0
2.2799999713897705,2.5199999809265137,2.052000045776367,2.375999927520752,2.375999927520752,162700.0
2.3399999141693115,2.3399999141693115,2.0999999046325684,2.111999988555908,2.111999988555908,89300.0
2.220000028610229,2.220000028610229,2.039999961853028,2.052000045776367,2.052000045776367,60300.0
2.1600000858306885,2.1600000858306885,2.052000045776367,2.0999999046325684,2.0999999046325684,56100.0
2.0999999046325684,2.1600000858306885,1.812000036239624,1.932000041007996,1.932000041007996,95300.0
2.1480000019073486,2.1480000019073486,1.8839999437332156,2.063999891281128,2.063999891281128,165300.0
2.088000059127808,2.96399998664856,2.0280001163482666,2.2320001125335693,2.2320001125335693,349800.0
2.2320001125335693,2.5199999809265137,2.111999988555908,2.124000072479248,2.124000072479248,95200.0
2.2079999446868896,2.220000028610229,2.075999975204468,2.075999975204468,2.075999975204468,53400.0
2.196000099182129,2.220000028610229,2.039999961853028,2.039999961853028,2.039999961853028,44500.0
2.220000028610229,2.220000028610229,1.932000041007996,2.1600000858306885,2.1600000858306885,88200.0
2.039999961853028,2.2799999713897705,1.944000005722046,2.171999931335449,2.171999931335449,201700.0
2.171999931335449,2.184000015258789,2.0160000324249268,2.075999975204468,2.075999975204468,89500.0
2.088000059127808,2.0999999046325684,1.944000005722046,2.0999999046325684,2.0999999046325684,59900.0
2.003999948501587,2.0999999046325684,1.932000041007996,2.0999999046325684,2.0999999046325684,52400.0
2.075999975204468,2.0999999046325684,1.955999970436096,2.0999999046325684,2.0999999046325684,38600.0
2.003999948501587,3.2160000801086426,2.003999948501587,2.628000020980835,2.628000020980835,910800.0
2.400000095367432,2.400000095367432,2.0999999046325684,2.1480000019073486,2.1480000019073486,213500.0
2.351999998092652,2.400000095367432,2.1480000019073486,2.400000095367432,2.400000095367432,79700.0
2.351999998092652,2.351999998092652,2.039999961853028,2.2799999713897705,2.2799999713897705,81500.0
2.111999988555908,2.25600004196167,2.0999999046325684,2.25600004196167,2.25600004196167,63200.0
2.0999999046325684,2.25600004196167,2.0999999046325684,2.25600004196167,2.25600004196167,21500.0
2.039999961853028,2.5199999809265137,2.039999961853028,2.400000095367432,2.400000095367432,237100.0
2.400000095367432,2.8559999465942383,2.2799999713897705,2.496000051498413,2.496000051498413,116400.0
2.400000095367432,2.4600000381469727,2.2799999713897705,2.4600000381469727,2.4600000381469727,61600.0
2.2799999713897705,2.351999998092652,2.0999999046325684,2.220000028610229,2.220000028610229,54700.0
2.2320001125335693,2.759999990463257,2.0999999046325684,2.220000028610229,2.220000028610229,242100.0
2.375999927520752,2.375999927520752,2.1600000858306885,2.1600000858306885,2.1600000858306885,79300.0
2.2799999713897705,2.2799999713897705,2.171999931335449,2.184000015258789,2.184000015258789,49700.0
2.2679998874664307,2.2679998874664307,2.135999917984009,2.1600000858306885,2.1600000858306885,35400.0
2.1600000858306885,2.184000015258789,2.063999891281128,2.124000072479248,2.124000072479248,33000.0
2.171999931335449,2.171999931335449,2.063999891281128,2.111999988555908,2.111999988555908,26500.0
2.063999891281128,2.124000072479248,1.919999957084656,2.0160000324249268,2.0160000324249268,45900.0
2.088000059127808,2.088000059127808,1.932000041007996,1.9800000190734863,1.9800000190734863,32800.0
2.0999999046325684,2.0999999046325684,1.9800000190734863,2.0999999046325684,2.0999999046325684,23300.0
1.9919999837875368,2.1480000019073486,1.9919999837875368,2.1480000019073486,2.1480000019073486,19700.0
2.111999988555908,2.1600000858306885,2.039999961853028,2.088000059127808,2.088000059127808,32800.0
2.039999961853028,2.124000072479248,1.9919999837875368,2.052000045776367,2.052000045776367,27300.0
2.0999999046325684,2.0999999046325684,1.9919999837875368,2.0280001163482666,2.0280001163482666,22200.0
2.111999988555908,2.111999988555908,1.932000041007996,1.944000005722046,1.944000005722046,33400.0
2.039999961853028,2.039999961853028,1.812000036239624,1.919999957084656,1.919999957084656,57800.0
1.919999957084656,1.955999970436096,1.7400000095367432,1.8600000143051147,1.8600000143051147,48600.0
1.6799999475479126,1.9800000190734863,1.559999942779541,1.9800000190734863,1.9800000190734863,42200.0
1.7999999523162842,1.9800000190734863,1.7760000228881836,1.9800000190734863,1.9800000190734863,25500.0
1.8839999437332156,1.919999957084656,1.6799999475479126,1.919999957084656,1.919999957084656,29700.0
1.8240000009536743,1.8240000009536743,1.6799999475479126,1.7999999523162842,1.7999999523162842,15800.0
1.7760000228881836,1.7999999523162842,1.7519999742507937,1.7760000228881836,1.7760000228881836,10900.0
1.812000036239624,1.8600000143051147,1.7640000581741333,1.8240000009536743,1.8240000009536743,9000.0
1.968000054359436,1.9800000190734863,1.7519999742507937,1.8240000009536743,1.8240000009536743,64500.0
1.8960000276565552,1.919999957084656,1.715999960899353,1.8600000143051147,1.8600000143051147,31300.0
1.8359999656677248,1.8480000495910645,1.6799999475479126,1.7999999523162842,1.7999999523162842,44200.0
1.6920000314712524,1.812000036239624,1.6920000314712524,1.715999960899353,1.715999960899353,18700.0
1.715999960899353,1.7280000448226929,1.6080000400543213,1.6200000047683716,1.6200000047683716,35500.0
1.7280000448226929,1.7640000581741333,1.5959999561309814,1.6799999475479126,1.6799999475479126,82000.0
2.063999891281128,2.388000011444092,1.7999999523162842,1.7999999523162842,1.7999999523162842,558000.0
1.7760000228881836,1.7999999523162842,1.631999969482422,1.631999969482422,1.631999969482422,110600.0
1.631999969482422,1.715999960899353,1.5720000267028809,1.5959999561309814,1.5959999561309814,59100.0
1.6200000047683716,1.6799999475479126,1.4880000352859497,1.5479999780654907,1.5479999780654907,59800.0
1.5839999914169312,1.631999969482422,1.5,1.5,1.5,43000.0
1.440000057220459,1.559999942779541,1.440000057220459,1.5360000133514404,1.5360000133514404,42700.0
1.5,1.5479999780654907,1.440000057220459,1.4639999866485596,1.4639999866485596,27200.0
1.5360000133514404,1.559999942779541,1.3200000524520874,1.4160000085830688,1.4160000085830688,35700.0
1.4160000085830688,1.5,1.2000000476837158,1.2719999551773071,1.2719999551773071,28300.0
1.284000039100647,1.3799999952316284,1.2599999904632568,1.2960000038146973,1.2960000038146973,32900.0
1.3559999465942385,1.3919999599456787,1.2480000257492063,1.284000039100647,1.284000039100647,23100.0
1.3200000524520874,1.3200000524520874,1.0800000429153442,1.1039999723434448,1.1039999723434448,33300.0
1.1640000343322754,1.2000000476837158,0.9120000004768372,0.9359999895095824,0.9359999895095824,32100.0
0.7200000286102295,1.1039999723434448,0.7200000286102295,1.0199999809265137,1.0199999809265137,30800.0
1.0800000429153442,1.3200000524520874,1.0679999589920044,1.187999963760376,1.187999963760376,49300.0
1.3079999685287476,1.3079999685287476,0.959999978542328,1.0199999809265137,1.0199999809265137,48600.0
1.0920000076293943,1.2000000476837158,1.0800000429153442,1.1399999856948853,1.1399999856948853,34700.0
1.0800000429153442,1.559999942779541,1.0199999809265137,1.559999942779541,1.559999942779541,185400.0
1.5,2.0799999237060547,1.2100000381469729,1.4500000476837158,1.4500000476837158,1226800.0
1.4600000381469729,1.6299999952316284,1.3300000429153442,1.5,1.5,496700.0
1.409999966621399,1.4800000190734863,1.25,1.3200000524520874,1.3200000524520874,267900.0
1.350000023841858,1.350000023841858,1.149999976158142,1.2799999713897705,1.2799999713897705,342700.0
1.2899999618530271,2.380000114440918,1.2899999618530271,1.8799999952316284,1.8799999952316284,6635200.0
1.809999942779541,1.809999942779541,1.350000023841858,1.350000023841858,1.350000023841858,585800.0
1.409999966621399,1.4299999475479126,1.159000039100647,1.2799999713897705,1.2799999713897705,328700.0
1.2599999904632568,1.2699999809265137,1.190000057220459,1.2100000381469729,1.2100000381469729,107600.0
1.190000057220459,1.350000023841858,1.1200000047683716,1.1200000047683716,1.1200000047683716,153600.0
1.1299999952316284,1.187000036239624,1.0499999523162842,1.0800000429153442,1.0800000429153442,205500.0
1.0700000524520874,1.1699999570846558,1.0099999904632568,1.159999966621399,1.159999966621399,208600.0
1.2400000095367432,1.5499999523162842,1.1200000047683716,1.2200000286102295,1.2200000286102295,822900.0
1.2200000286102295,1.2680000066757202,1.1100000143051147,1.2100000381469729,1.2100000381469729,101400.0
1.190000057220459,1.2000000476837158,1.100000023841858,1.1100000143051147,1.1100000143051147,113300.0
1.149999976158142,1.5499999523162842,1.100000023841858,1.340000033378601,1.340000033378601,2076400.0
1.3300000429153442,1.3799999952316284,1.1299999952316284,1.149999976158142,1.149999976158142,327600.0
1.1799999475479126,1.3200000524520874,1.1799999475479126,1.2100000381469729,1.2100000381469729,167000.0
1.2300000190734863,1.2300000190734863,1.1200000047683716,1.1299999952316284,1.1299999952316284,101800.0
1.1299999952316284,1.2100000381469729,1.1299999952316284,1.149999976158142,1.149999976158142,173600.0
1.190000057220459,1.25,1.1200000047683716,1.1799999475479126,1.1799999475479126,74600.0
1.1699999570846558,1.1799999475479126,1.100000023841858,1.149999976158142,1.149999976158142,74200.0
1.149999976158142,1.3600000143051147,1.1299999952316284,1.1699999570846558,1.1699999570846558,518700.0
1.159999966621399,1.2000000476837158,1.149999976158142,1.149999976158142,1.149999976158142,90900.0
1.159999966621399,1.2699999809265137,1.159999966621399,1.2400000095367432,1.2400000095367432,149200.0
1.2300000190734863,1.2319999933242798,1.149999976158142,1.159999966621399,1.159999966621399,84400.0
1.159999966621399,1.2690000534057615,1.149999976158142,1.1799999475479126,1.1799999475479126,313400.0
1.1799999475479126,1.25,1.1799999475479126,1.190000057220459,1.190000057220459,74500.0
1.190000057220459,1.25,1.1699999570846558,1.2200000286102295,1.2200000286102295,147100.0
1.2200000286102295,1.340000033378601,1.2000000476837158,1.25,1.25,312100.0
1.253000020980835,1.309999942779541,1.2300000190734863,1.2999999523162842,1.2999999523162842,97000.0
1.2799999713897705,1.2799999713897705,1.2000000476837158,1.2100000381469729,1.2100000381469729,88300.0
1.25,1.25,1.2000000476837158,1.2300000190734863,1.2300000190734863,42100.0
1.2000000476837158,1.2200000286102295,1.1699999570846558,1.1699999570846558,1.1699999570846558,75600.0
1.1699999570846558,1.25,1.1699999570846558,1.2200000286102295,1.2200000286102295,143000.0
1.2000000476837158,1.2139999866485596,1.1699999570846558,1.1699999570846558,1.1699999570846558,56700.0
1.1699999570846558,1.2100000381469729,1.149999976158142,1.2100000381469729,1.2100000381469729,62700.0
1.1799999475479126,1.2100000381469729,1.1399999856948853,1.1399999856948853,1.1399999856948853,36800.0
1.149999976158142,1.2300000190734863,1.149999976158142,1.2100000381469729,1.2100000381469729,85200.0
1.1799999475479126,1.2300000190734863,1.1399999856948853,1.190000057220459,1.190000057220459,75600.0
1.1699999570846558,1.274999976158142,1.159999966621399,1.2100000381469729,1.2100000381469729,229100.0
1.2599999904632568,1.340000033378601,1.2000000476837158,1.2899999618530271,1.2899999618530271,329300.0
1.25,1.3200000524520874,1.2000000476837158,1.3200000524520874,1.3200000524520874,86300.0
1.2899999618530271,1.3200000524520874,1.2100000381469729,1.2100000381469729,1.2100000381469729,66800.0
1.2200000286102295,1.399999976158142,1.2200000286102295,1.3799999952316284,1.3799999952316284,326200.0
1.3700000047683716,1.5499999523162842,1.2999999523162842,1.3200000524520874,1.3200000524520874,744000.0
1.2999999523162842,1.402999997138977,1.2100000381469729,1.2899999618530271,1.2899999618530271,255600.0
1.2799999713897705,1.2799999713897705,1.2200000286102295,1.2200000286102295,1.2200000286102295,74500.0
1.2239999771118164,1.2799999713897705,1.2100000381469729,1.2799999713897705,1.2799999713897705,55000.0
1.2599999904632568,1.2599999904632568,1.1799999475479126,1.2000000476837158,1.2000000476837158,69800.0
1.1799999475479126,1.25,1.159999966621399,1.2400000095367432,1.2400000095367432,102600.0
1.2200000286102295,1.2200000286102295,1.149999976158142,1.149999976158142,1.149999976158142,68800.0
1.149999976158142,1.2139999866485596,1.149999976158142,1.2100000381469729,1.2100000381469729,80600.0
1.2000000476837158,1.2100000381469729,1.159999966621399,1.1699999570846558,1.1699999570846558,71900.0
1.149999976158142,1.2100000381469729,1.149999976158142,1.2100000381469729,1.2100000381469729,32800.0
1.1799999475479126,1.190000057220459,1.149999976158142,1.159999966621399,1.159999966621399,46200.0
1.149999976158142,1.2799999713897705,1.149999976158142,1.2400000095367432,1.2400000095367432,244400.0
1.2200000286102295,1.399999976158142,1.1799999475479126,1.2300000190734863,1.2300000190734863,470200.0
1.2200000286102295,1.25,1.159999966621399,1.1799999475479126,1.1799999475479126,132100.0
1.1699999570846558,1.2200000286102295,1.149999976158142,1.2200000286102295,1.2200000286102295,155300.0
1.190000057220459,1.190000057220459,1.1299999952316284,1.149999976158142,1.149999976158142,67800.0
1.1399999856948853,1.1699999570846558,1.1200000047683716,1.1299999952316284,1.1299999952316284,43100.0
1.1299999952316284,1.1799999475479126,1.1299999952316284,1.1799999475479126,1.1799999475479126,16500.0
1.149999976158142,1.2300000190734863,1.1399999856948853,1.159999966621399,1.159999966621399,29900.0
1.159999966621399,1.1859999895095823,1.100000023841858,1.159999966621399,1.159999966621399,104700.0
1.1299999952316284,1.1299999952316284,1.059999942779541,1.1299999952316284,1.1299999952316284,61600.0
1.100000023841858,1.149999976158142,1.0800000429153442,1.100000023841858,1.100000023841858,35900.0
1.0800000429153442,1.149999976158142,1.0800000429153442,1.1399999856948853,1.1399999856948853,31200.0
1.1100000143051147,1.1399999856948853,1.0800000429153442,1.0800000429153442,1.0800000429153442,23100.0
1.0700000524520874,1.1299999952316284,1.0700000524520874,1.1299999952316284,1.1299999952316284,34400.0
1.100000023841858,1.1299999952316284,1.100000023841858,1.1299999952316284,1.1299999952316284,13600.0
1.1100000143051147,1.1299999952316284,1.0920000076293943,1.1299999952316284,1.1299999952316284,11300.0
1.100000023841858,1.2200000286102295,1.100000023841858,1.159999966621399,1.159999966621399,220600.0
1.1299999952316284,1.1440000534057615,1.100000023841858,1.1200000047683716,1.1200000047683716,57400.0
1.1100000143051147,1.1200000047683716,1.090000033378601,1.1200000047683716,1.1200000047683716,97800.0
1.0700000524520874,1.1100000143051147,1.0700000524520874,1.090000033378601,1.090000033378601,897700.0
2.940000057220459,3.940000057220459,2.2100000381469727,2.4200000762939453,2.4200000762939453,21656100.0
1.9900000095367432,2.220000028610229,1.8200000524520876,2.130000114440918,2.130000114440918,902700.0
2.0299999713897705,2.0299999713897705,1.649999976158142,1.690000057220459,1.690000057220459,532500.0
1.6699999570846558,1.7999999523162842,1.5700000524520874,1.5700000524520874,1.5700000524520874,221300.0
2.539999961853028,3.150000095367432,1.9700000286102293,2.299999952316284,2.299999952316284,14708600.0
2.259999990463257,2.390000104904175,2.0999999046325684,2.1700000762939453,2.1700000762939453,416300.0
2.140000104904175,2.2300000190734863,2.0799999237060547,2.200000047683716,2.200000047683716,208600.0
2.190000057220459,2.200000047683716,2.039999961853028,2.180000066757202,2.180000066757202,223900.0
2.1600000858306885,2.990000009536743,2.0,2.5,2.5,1028200.0
4.75,5.300000190734863,3.400000095367432,3.5,3.5,11814900.0
3.5999999046325684,3.630000114440918,3.069999933242798,3.2699999809265137,3.2699999809265137,494400.0
3.200000047683716,3.700000047683716,3.049999952316284,3.0999999046325684,3.0999999046325684,462700.0
3.190000057220459,3.390000104904175,3.049999952316284,3.1700000762939453,3.1700000762939453,381200.0
3.109999895095825,3.799999952316284,3.059999942779541,3.7799999713897705,3.7799999713897705,877200.0
3.740000009536743,3.869999885559082,3.299999952316284,3.359999895095825,3.359999895095825,561800.0
3.119999885559082,3.3499999046325684,3.072999954223633,3.200000047683716,3.200000047683716,169000.0
3.190000057220459,3.3399999141693115,3.1600000858306885,3.309999942779541,3.309999942779541,152300.0
3.319999933242798,3.5999999046325684,3.2100000381469727,3.2799999713897705,3.2799999713897705,253000.0
3.309999942779541,3.369999885559082,2.859999895095825,2.859999895095825,2.859999895095825,302700.0
2.789999961853028,2.9100000858306885,2.220000028610229,2.2799999713897705,2.2799999713897705,347500.0
2.2799999713897705,2.740000009536743,2.2799999713897705,2.450000047683716,2.450000047683716,246900.0
2.440000057220459,2.450000047683716,2.3010001182556152,2.3499999046325684,2.3499999046325684,87500.0
2.400000095367432,2.5,2.299999952316284,2.309999942779541,2.309999942779541,71100.0
2.309999942779541,2.358999967575073,1.9600000381469729,1.9600000381469729,1.9600000381469729,168300.0
2.0799999237060547,2.0799999237060547,1.909999966621399,2.059999942779541,2.059999942779541,96600.0
2.109999895095825,2.2300000190734863,1.9299999475479128,1.9299999475479128,1.9299999475479128,114200.0
1.919999957084656,1.919999957084656,1.590000033378601,1.840000033378601,1.840000033378601,151900.0
1.8200000524520876,1.85699999332428,1.7599999904632568,1.7999999523162842,1.7999999523162842,45100.0
1.7599999904632568,1.950000047683716,1.6799999475479126,1.774999976158142,1.774999976158142,63300.0
1.75,1.8799999952316284,1.7000000476837158,1.7000000476837158,1.7000000476837158,77500.0
1.7599999904632568,2.1600000858306885,1.75,2.069999933242798,2.069999933242798,305400.0
2.140000104904175,2.490000009536743,2.0,2.150000095367432,2.150000095367432,216500.0
2.0999999046325684,2.309999942779541,2.0,2.0,2.0,70400.0
2.0199999809265137,2.2100000381469727,1.9589999914169312,2.0199999809265137,2.0199999809265137,71500.0
2.059999942779541,2.2300000190734863,1.899999976158142,2.150000095367432,2.150000095367432,199600.0
2.25,2.25,2.0859999656677246,2.220000028610229,2.220000028610229,35700.0
2.25,2.289999961853028,2.059999942779541,2.130000114440918,2.130000114440918,21700.0
2.130000114440918,2.150000095367432,2.0,2.0999999046325684,2.0999999046325684,31700.0
2.0999999046325684,2.0999999046325684,2.0,2.059999942779541,2.059999942779541,50100.0
2.0,2.0799999237060547,1.8200000524520876,1.8200000524520876,1.8200000524520876,40900.0
1.932000041007996,2.0199999809265137,1.8799999952316284,1.919999957084656,1.919999957084656,40100.0
1.950000047683716,2.289999961853028,1.919999957084656,2.0799999237060547,2.0799999237060547,277300.0
2.0899999141693115,2.0899999141693115,1.8899999856948853,1.899999976158142,1.899999976158142,87500.0
1.909999966621399,1.909999966621399,1.8200000524520876,1.8799999952316284,1.8799999952316284,55600.0
1.8200000524520876,1.9299999475479128,1.7999999523162842,1.870000004768372,1.870000004768372,41500.0
1.8600000143051147,1.909999966621399,1.7999999523162842,1.7999999523162842,1.7999999523162842,35300.0
1.809000015258789,1.840000033378601,1.7200000286102295,1.75,1.75,46100.0
1.7999999523162842,1.830000042915344,1.7200000286102295,1.7929999828338623,1.7929999828338623,18100.0
1.7599999904632568,1.8279999494552608,1.7300000190734863,1.7300000190734863,1.7300000190734863,26500.0
1.7999999523162842,1.7999999523162842,1.7200000286102295,1.75,1.75,15300.0
1.7599999904632568,1.781000018119812,1.7000000476837158,1.7300000190734863,1.7300000190734863,22600.0
1.75,1.7999999523162842,1.7100000381469729,1.7100000381469729,1.7100000381469729,17400.0
1.7100000381469729,1.7799999713897705,1.7000000476837158,1.75,1.75,30500.0
1.7599999904632568,1.7699999809265137,1.6100000143051147,1.75,1.75,49100.0
1.75,1.75,1.6299999952316284,1.6799999475479126,1.6799999475479126,16100.0
1.659999966621399,1.7100000381469729,1.649999976158142,1.6799999475479126,1.6799999475479126,16300.0
1.6699999570846558,1.7100000381469729,1.6100000143051147,1.6699999570846558,1.6699999570846558,35900.0
1.7100000381469729,1.7400000095367432,1.6699999570846558,1.6799999475479126,1.6799999475479126,14400.0
1.6399999856948853,1.6799999475479126,1.6399999856948853,1.659999966621399,1.659999966621399,15500.0
1.6299999952316284,1.6540000438690186,1.5399999618530271,1.559999942779541,1.559999942779541,39100.0
1.5700000524520874,1.9700000286102293,1.5679999589920044,1.899999976158142,1.899999976158142,235300.0
1.950000047683716,2.700000047683716,1.8600000143051147,2.4800000190734863,2.4800000190734863,498700.0
2.450000047683716,2.450000047683716,2.0999999046325684,2.130000114440918,2.130000114440918,147300.0
2.059999942779541,2.25,1.9800000190734863,2.049999952316284,2.049999952316284,77000.0
2.059999942779541,2.059999942779541,1.899999976158142,2.039999961853028,2.039999961853028,22400.0
2.009999990463257,2.059999942779541,1.8600000143051147,1.899999976158142,1.899999976158142,57400.0
1.8600000143051147,1.9900000095367432,1.8600000143051147,1.870000004768372,1.870000004768372,19400.0
1.924999952316284,2.220000028610229,1.924999952316284,2.130000114440918,2.130000114440918,66300.0
2.200000047683716,2.25,2.0299999713897705,2.069999933242798,2.069999933242798,54300.0
2.0299999713897705,2.240000009536743,2.0199999809265137,2.130000114440918,2.130000114440918,46200.0
2.109999895095825,2.200000047683716,1.950000047683716,1.950000047683716,1.950000047683716,48200.0
1.9900000095367432,2.150000095367432,1.909999966621399,2.109999895095825,2.109999895095825,29900.0
2.940000057220459,3.119999885559082,2.140000104904175,2.3299999237060547,2.3299999237060547,4086900.0
2.009999990463257,2.2100000381469727,1.950000047683716,2.200000047683716,2.200000047683716,105000.0
2.240000009536743,2.240000009536743,1.950000047683716,1.9700000286102293,1.9700000286102293,119300.0
1.9800000190734863,2.0999999046325684,1.899999976158142,1.98199999332428,1.98199999332428,48800.0
2.0350000858306885,2.0799999237060547,1.909999966621399,1.9299999475479128,1.9299999475479128,47900.0
1.899999976158142,1.9880000352859497,1.600000023841858,1.7300000190734863,1.7300000190734863,199700.0
1.7899999618530271,1.7899999618530271,1.649999976158142,1.7000000476837158,1.7000000476837158,25300.0
1.6799999475479126,1.850000023841858,1.6699999570846558,1.7400000095367432,1.7400000095367432,60000.0
1.690000057220459,1.7300000190734863,1.6100000143051147,1.7000000476837158,1.7000000476837158,20600.0
1.7070000171661377,1.7599999904632568,1.600000023841858,1.6640000343322754,1.6640000343322754,31100.0
1.75,1.7999999523162842,1.649999976158142,1.7289999723434448,1.7289999723434448,31800.0
1.7699999809265137,1.7699999809265137,1.684999942779541,1.7100000381469729,1.7100000381469729,4700.0
1.7100000381469729,1.7699999809265137,1.6799999475479126,1.7000000476837158,1.7000000476837158,46100.0
1.7200000286102295,2.0199999809265137,1.7100000381469729,1.7999999523162842,1.7999999523162842,169300.0
1.7999999523162842,1.8799999952316284,1.7899999618530271,1.830000042915344,1.830000042915344,22500.0
1.8359999656677248,1.919999957084656,1.75,1.75,1.75,42000.0
1.850000023841858,1.850000023841858,1.75,1.781999945640564,1.781999945640564,16300.0
1.7999999523162842,1.8550000190734863,1.7400000095367432,1.809999942779541,1.809999942779541,48800.0
1.850000023841858,2.190000057220459,1.809999942779541,2.0,2.0,190600.0
2.150000095367432,2.1600000858306885,2.009999990463257,2.109999895095825,2.109999895095825,61700.0
2.119999885559082,2.119999885559082,2.039999961853028,2.069999933242798,2.069999933242798,24100.0
2.069999933242798,2.109999895095825,1.950000047683716,2.109999895095825,2.109999895095825,15300.0
2.109999895095825,2.119999885559082,1.899999976158142,1.9700000286102293,1.9700000286102293,39400.0
1.9900000095367432,2.0,1.75,1.899999976158142,1.899999976158142,84700.0
1.843999981880188,1.9299999475479128,1.843999981880188,1.909999966621399,1.909999966621399,29400.0
1.899999976158142,1.899999976158142,1.7799999713897705,1.825000047683716,1.825000047683716,35700.0
1.870000004768372,1.870000004768372,1.7799999713897705,1.807999968528748,1.807999968528748,23700.0
1.7799999713897705,1.840000033378601,1.7699999809265137,1.7799999713897705,1.7799999713897705,35100.0
1.7999999523162842,1.850000023841858,1.7699999809265137,1.7699999809265137,1.7699999809265137,18900.0
1.7799999713897705,1.7999999523162842,1.7100000381469729,1.75,1.75,34700.0
1.7300000190734863,1.7999999523162842,1.7300000190734863,1.7699999809265137,1.7699999809265137,11600.0
1.7699999809265137,1.7699999809265137,1.6699999570846558,1.690000057220459,1.690000057220459,43400.0
1.7000000476837158,1.7400000095367432,1.6799999475479126,1.690000057220459,1.690000057220459,20400.0
1.7599999904632568,1.7599999904632568,1.690000057220459,1.7300000190734863,1.7300000190734863,10100.0
1.7000000476837158,1.7400000095367432,1.649999976158142,1.7300000190734863,1.7300000190734863,29000.0
1.690000057220459,1.7100000381469729,1.6299999952316284,1.6299999952316284,1.6299999952316284,4400.0
1.690000057220459,1.690000057220459,1.6299999952316284,1.6299999952316284,1.6299999952316284,5900.0
1.6399999856948853,1.6399999856948853,1.5700000524520874,1.5800000429153442,1.5800000429153442,14600.0
1.5800000429153442,1.6619999408721924,1.5700000524520874,1.5700000524520874,1.5700000524520874,14900.0
1.5800000429153442,1.6299999952316284,1.5700000524520874,1.6299999952316284,1.6299999952316284,6500.0
1.649999976158142,1.649999976158142,1.5800000429153442,1.600000023841858,1.600000023841858,4200.0
1.600000023841858,1.6349999904632568,1.4299999475479126,1.4639999866485596,1.4639999866485596,34200.0
1.4299999475479126,1.4600000381469729,1.3899999856948853,1.409999966621399,1.409999966621399,11200.0
1.399999976158142,1.4800000190734863,1.399999976158142,1.4630000591278076,1.4630000591278076,14300.0
1.4900000095367432,1.5099999904632568,1.409999966621399,1.4600000381469729,1.4600000381469729,2600.0
1.5399999618530271,1.5499999523162842,1.4700000286102295,1.4700000286102295,1.4700000286102295,11700.0
1.4700000286102295,1.4700000286102295,1.409999966621399,1.409999966621399,1.409999966621399,2700.0
1.4199999570846558,1.4500000476837158,1.3849999904632568,1.4190000295639038,1.4190000295639038,7000.0
1.4329999685287476,1.4329999685287476,1.3279999494552612,1.3799999952316284,1.3799999952316284,8000.0
1.3899999856948853,1.409999966621399,1.340000033378601,1.3799999952316284,1.3799999952316284,10900.0
1.2999999523162842,1.3910000324249268,1.2799999713897705,1.3200000524520874,1.3200000524520874,20500.0
1.309999942779541,1.399999976158142,1.309999942779541,1.3700000047683716,1.3700000047683716,31100.0
1.3899999856948853,2.5999999046325684,1.3700000047683716,1.6699999570846558,1.6699999570846558,1318900.0
1.6200000047683716,1.659999966621399,1.3899999856948853,1.600000023841858,1.600000023841858,154100.0
1.600000023841858,1.6699999570846558,1.4700000286102295,1.524999976158142,1.524999976158142,50600.0
1.5299999713897705,1.5299999713897705,1.4299999475479126,1.4600000381469729,1.4600000381469729,51300.0
1.5,1.559999942779541,1.440000057220459,1.5,1.5,20600.0
1.4900000095367432,1.5049999952316284,1.4500000476837158,1.4900000095367432,1.4900000095367432,7800.0
1.4800000190734863,1.5800000429153442,1.399999976158142,1.5299999713897705,1.5299999713897705,83000.0
1.5299999713897705,1.5800000429153442,1.4600000381469729,1.5570000410079956,1.5570000410079956,27500.0
1.5499999523162842,1.5700000524520874,1.4700000286102295,1.5,1.5,13000.0
1.5,1.5399999618530271,1.440000057220459,1.4500000476837158,1.4500000476837158,18000.0
1.440000057220459,1.4900000095367432,1.4299999475479126,1.4500000476837158,1.4500000476837158,16300.0
1.4199999570846558,1.4299999475479126,1.3300000429153442,1.399999976158142,1.399999976158142,41200.0
1.350000023841858,1.4500000476837158,1.350000023841858,1.3869999647140503,1.3869999647140503,10000.0
1.4160000085830688,1.537999987602234,1.3600000143051147,1.5,1.5,52600.0
1.5,1.5,1.409999966621399,1.4199999570846558,1.4199999570846558,29100.0
1.409999966621399,1.4199999570846558,1.3799999952316284,1.3799999952316284,1.3799999952316284,15100.0
1.4500000476837158,1.4500000476837158,1.2999999523162842,1.3600000143051147,1.3600000143051147,28600.0
1.350000023841858,1.4199999570846558,1.3300000429153442,1.3300000429153442,1.3300000429153442,12300.0
1.309999942779541,1.340000033378601,1.2200000286102295,1.284000039100647,1.284000039100647,40400.0
1.2999999523162842,1.340000033378601,1.2799999713897705,1.2999999523162842,1.2999999523162842,9800.0
1.3589999675750732,1.919999957084656,1.3589999675750732,1.5299999713897705,1.5299999713897705,896600.0
1.600000023841858,1.649999976158142,1.4299999475479126,1.4600000381469729,1.4600000381469729,81800.0
1.350000023841858,1.5099999904632568,1.350000023841858,1.440000057220459,1.440000057220459,55300.0
1.5,1.5,1.350000023841858,1.409999966621399,1.409999966621399,40500.0
1.350000023841858,1.440000057220459,1.340000033378601,1.3600000143051147,1.3600000143051147,57900.0
1.399999976158142,1.399999976158142,1.309999942779541,1.3200000524520874,1.3200000524520874,43000.0
1.3799999952316284,1.3799999952316284,1.3200000524520874,1.340000033378601,1.340000033378601,12200.0
1.2899999618530271,1.350000023841858,1.2899999618530271,1.3300000429153442,1.3300000429153442,26700.0
1.440000057220459,1.440000057220459,1.340000033378601,1.3600000143051147,1.3600000143051147,41000.0
1.3300000429153442,1.399999976158142,1.309999942779541,1.3200000524520874,1.3200000524520874,33900.0
1.343000054359436,1.440000057220459,1.340000033378601,1.4079999923706057,1.4079999923706057,51700.0
1.350000023841858,1.5499999523162842,1.350000023841858,1.5299999713897705,1.5299999713897705,105900.0
1.5299999713897705,1.5299999713897705,1.412999987602234,1.440000057220459,1.440000057220459,88900.0
1.4700000286102295,1.5,1.4199999570846558,1.4600000381469729,1.4600000381469729,29900.0
1.4609999656677246,1.5099999904632568,1.350000023841858,1.4199999570846558,1.4199999570846558,76800.0
1.4299999475479126,1.4600000381469729,1.3300000429153442,1.3480000495910645,1.3480000495910645,51400.0
1.378999948501587,1.440000057220459,1.340000033378601,1.340000033378601,1.340000033378601,34800.0
1.340000033378601,1.3799999952316284,1.3200000524520874,1.350000023841858,1.350000023841858,9200.0
1.309999942779541,1.440000057220459,1.309999942779541,1.3600000143051147,1.3600000143051147,26800.0
1.3300000429153442,1.3899999856948853,1.3300000429153442,1.340000033378601,1.340000033378601,7300.0
1.3300000429153442,1.4199999570846558,1.309999942779541,1.399999976158142,1.399999976158142,111200.0
1.409999966621399,1.5700000524520874,1.3700000047683716,1.383999943733215,1.383999943733215,49500.0
1.4199999570846558,1.440000057220459,1.4079999923706057,1.4299999475479126,1.4299999475479126,10900.0
1.3899999856948853,1.4299999475479126,1.3300000429153442,1.4299999475479126,1.4299999475479126,50300.0
1.3600000143051147,1.4299999475479126,1.3600000143051147,1.399999976158142,1.399999976158142,17800.0
1.3910000324249268,1.4299999475479126,1.3910000324249268,1.4299999475479126,1.4299999475479126,15400.0
1.4149999618530271,1.5399999618530271,1.4149999618530271,1.4299999475479126,1.4299999475479126,15100.0
1.4249999523162842,1.5099999904632568,1.4199999570846558,1.4800000190734863,1.4800000190734863,42700.0
1.4299999475479126,1.4700000286102295,1.3899999856948853,1.4500000476837158,1.4500000476837158,11900.0
1.4199999570846558,1.4839999675750732,1.3700000047683716,1.440000057220459,1.440000057220459,30500.0
1.4270000457763672,1.4299999475479126,1.3700000047683716,1.3869999647140503,1.3869999647140503,35700.0
1.3700000047683716,1.440000057220459,1.3700000047683716,1.440000057220459,1.440000057220459,28000.0
1.5,1.5,1.3700000047683716,1.399999976158142,1.399999976158142,20900.0
1.3899999856948853,1.399999976158142,1.3799999952316284,1.3830000162124634,1.3830000162124634,15600.0
1.3899999856948853,1.399999976158142,1.3700000047683716,1.3899999856948853,1.3899999856948853,14900.0
1.600000023841858,1.600000023841858,1.350000023841858,1.399999976158142,1.399999976158142,86500.0
1.4079999923706057,1.4700000286102295,1.399999976158142,1.409999966621399,1.409999966621399,9300.0
1.3899999856948853,1.506999969482422,1.3899999856948853,1.4520000219345093,1.4520000219345093,51400.0
1.4980000257492063,1.6799999475479126,1.3899999856948853,1.5299999713897705,1.5299999713897705,325300.0
1.4700000286102295,1.5099999904632568,1.399999976158142,1.4800000190734863,1.4800000190734863,42000.0
1.5099999904632568,1.5299999713897705,1.440000057220459,1.4900000095367432,1.4900000095367432,56400.0
1.4600000381469729,1.559999942779541,1.4600000381469729,1.524999976158142,1.524999976158142,43400.0
1.4900000095367432,1.5369999408721924,1.440000057220459,1.4700000286102295,1.4700000286102295,13600.0
1.590000033378601,1.590000033378601,1.4800000190734863,1.4950000047683716,1.4950000047683716,15800.0
1.5299999713897705,1.5399999618530271,1.4800000190734863,1.5,1.5,30800.0
1.5499999523162842,1.5499999523162842,1.4700000286102295,1.4800000190734863,1.4800000190734863,25700.0
1.4600000381469729,1.5420000553131104,1.440000057220459,1.5099999904632568,1.5099999904632568,20800.0
1.5499999523162842,1.6399999856948853,1.5269999504089355,1.5950000286102295,1.5950000286102295,84800.0
1.5700000524520874,1.6200000047683716,1.5299999713897705,1.5299999713897705,1.5299999713897705,37900.0
1.5700000524520874,1.6100000143051147,1.493000030517578,1.590000033378601,1.590000033378601,48700.0
1.590000033378601,1.649999976158142,1.5299999713897705,1.5460000038146973,1.5460000038146973,29400.0
1.5440000295639038,1.5440000295639038,1.5,1.5099999904632568,1.5099999904632568,21400.0
1.5,1.5,1.4509999752044678,1.496000051498413,1.496000051498413,28100.0
1.4509999752044678,1.5399999618530271,1.4500000476837158,1.4900000095367432,1.4900000095367432,5400.0
1.4600000381469729,1.725000023841858,1.430999994277954,1.6100000143051147,1.6100000143051147,253300.0
1.7000000476837158,1.7000000476837158,1.5099999904632568,1.5299999713897705,1.5299999713897705,101800.0
1.5499999523162842,1.6100000143051147,1.5,1.5420000553131104,1.5420000553131104,51200.0
1.5499999523162842,1.593000054359436,1.5099999904632568,1.5499999523162842,1.5499999523162842,25900.0
1.600000023841858,1.600000023841858,1.5329999923706057,1.5579999685287476,1.5579999685287476,7900.0
1.559999942779541,1.5920000076293943,1.5,1.5499999523162842,1.5499999523162842,28000.0
1.5299999713897705,1.5720000267028809,1.5230000019073486,1.5299999713897705,1.5299999713897705,23000.0
1.5,1.5399999618530271,1.5,1.5290000438690186,1.5290000438690186,3400.0
1.5,1.5180000066757202,1.440000057220459,1.4500000476837158,1.4500000476837158,50000.0
1.4700000286102295,1.4889999628067017,1.4199999570846558,1.4390000104904177,1.4390000104904177,11300.0
1.440000057220459,1.4700000286102295,1.440000057220459,1.4479999542236328,1.4479999542236328,4300.0
1.4240000247955322,1.4490000009536743,1.4240000247955322,1.437000036239624,1.437000036239624,14300.0
1.440000057220459,1.47599995136261,1.4270000457763672,1.4579999446868896,1.4579999446868896,10400.0
1.440000057220459,1.4889999628067017,1.4199999570846558,1.4240000247955322,1.4240000247955322,36700.0
1.399999976158142,1.4900000095367432,1.399999976158142,1.4500000476837158,1.4500000476837158,21300.0
1.4199999570846558,1.4210000038146973,1.3799999952316284,1.3969999551773071,1.3969999551773071,24600.0
1.3799999952316284,1.4179999828338623,1.3200000524520874,1.3200000524520874,1.3200000524520874,19000.0
1.315000057220459,1.399999976158142,1.2999999523162842,1.366000056266785,1.366000056266785,40600.0
1.340000033378601,1.4900000095367432,1.340000033378601,1.3700000047683716,1.3700000047683716,42400.0
1.3899999856948853,1.3899999856948853,1.1950000524520874,1.2799999713897705,1.2799999713897705,50600.0
1.3270000219345093,1.3270000219345093,1.309999942779541,1.309999942779541,1.309999942779541,11500.0
1.337000012397766,1.649999976158142,1.337000012397766,1.399999976158142,1.399999976158142,283100.0
1.440000057220459,1.4630000591278076,1.399999976158142,1.409999966621399,1.409999966621399,35900.0
1.409999966621399,1.409999966621399,1.2000000476837158,1.2699999809265137,1.2699999809265137,30000.0
1.2100000381469729,1.309999942779541,1.1950000524520874,1.2300000190734863,1.2300000190734863,36700.0
1.2999999523162842,1.2999999523162842,1.0850000381469729,1.2599999904632568,1.2599999904632568,20500.0
1.1929999589920044,1.1929999589920044,1.090000033378601,1.090000033378601,1.090000033378601,5600.0
1.0199999809265137,1.0390000343322754,0.75,1.0099999904632568,1.0099999904632568,25300.0
1.0499999523162842,1.0499999523162842,0.8109999895095825,0.9200000166893004,0.9200000166893004,15700.0
0.8999999761581421,0.9200000166893004,0.75,0.75,0.75,19300.0
0.75,0.8500000238418579,0.75,0.8320000171661377,0.8320000171661377,41300.0
0.7599999904632568,0.7749999761581421,0.75,0.7720000147819519,0.7720000147819519,16500.0
0.8100000023841858,0.8500000238418579,0.75,0.7760000228881836,0.7760000228881836,18000.0
0.7680000066757202,0.8399999737739563,0.7519999742507935,0.7599999904632568,0.7599999904632568,16400.0
0.7799999713897705,0.8500000238418579,0.75,0.824999988079071,0.824999988079071,13500.0
0.8700000047683716,1.25,0.8700000047683716,1.008999943733215,1.008999943733215,178000.0
0.953000009059906,1.100000023841858,0.8209999799728394,0.9300000071525574,0.9300000071525574,80100.0
0.9769999980926514,1.149999976158142,0.9300000071525574,1.100000023841858,1.100000023841858,51100.0
1.1799999475479126,1.1799999475479126,1.0199999809265137,1.100000023841858,1.100000023841858,19400.0
1.0499999523162842,1.1200000047683716,1.0499999523162842,1.059999942779541,1.059999942779541,29300.0
1.0399999618530271,1.600000023841858,1.0399999618530271,1.3799999952316284,1.3799999952316284,315600.0
1.350000023841858,1.3600000143051147,1.1200000047683716,1.340000033378601,1.340000033378601,125000.0
