6.0,6.0,6.0,6.0,6.0,0
6.0,6.0,6.0,6.0,6.0,0
6.0,6.0,6.0,6.0,6.0,0
6.0,6.0,6.0,6.0,6.0,0
6.0,6.0,6.0,6.0,6.0,0
6.0,6.0,6.0,6.0,6.0,0
6.0,6.0,6.0,6.0,6.0,0
6.0,6.0,6.0,6.0,6.0,0
6.0,6.0,6.0,6.0,6.0,0
6.0,6.0,6.0,6.0,6.0,0
6.0,6.0,6.0,6.0,6.0,0
6.0,6.0,6.0,6.0,6.0,0
6.0,6.0,6.0,6.0,6.0,0
6.0,6.0,6.0,6.0,6.0,0
6.0,6.0,6.0,6.0,6.0,0
6.0,6.0,6.0,6.0,6.0,0
6.0,6.0,6.0,6.0,6.0,0
6.0,6.0,6.0,6.0,6.0,0
6.0,6.0,6.0,6.0,6.0,0
6.0,6.0,6.0,6.0,6.0,0
6.0,6.0,6.0,6.0,6.0,0
6.0,6.0,6.0,6.0,6.0,0
6.0,6.0,6.0,6.0,6.0,0
6.0,6.0,6.0,6.0,6.0,0
6.0,6.0,6.0,6.0,6.0,0
6.0,6.0,6.0,6.0,6.0,0
6.0,6.0,6.0,6.0,6.0,0
6.0,6.0,6.0,6.0,6.0,0
6.0,6.0,6.0,6.0,6.0,0
6.0,6.0,6.0,6.0,6.0,0
6.0,6.0,6.0,6.0,6.0,0
6.0,6.0,6.0,6.0,6.0,0
6.0,6.0,6.0,6.0,6.0,0
6.0,6.0,6.0,6.0,6.0,0
6.0,6.0,6.0,6.0,6.0,0
6.0,6.0,6.0,6.0,6.0,0
6.0,6.0,6.0,6.0,6.0,0
6.0,6.0,6.0,6.0,6.0,0
6.0,6.0,6.0,6.0,6.0,0
6.0,6.0,6.0,6.0,6.0,0
6.0,6.0,6.0,6.0,6.0,0
6.0,6.0,6.0,6.0,6.0,0
6.0,6.0,6.0,6.0,6.0,0
6.0,6.0,6.0,6.0,6.0,0
6.0,6.0,6.0,6.0,6.0,0
6.0,6.0,6.0,6.0,6.0,0
6.0,6.0,6.0,6.0,6.0,0
6.0,6.0,6.0,6.0,6.0,0
6.0,6.0,6.0,6.0,6.0,0
6.0,6.0,6.0,6.0,6.0,0
6.0,6.0,6.0,6.0,6.0,0
6.0,6.0,6.0,6.0,6.0,0
6.0,6.0,6.0,6.0,6.0,0
6.0,6.0,6.0,6.0,6.0,0
6.0,6.0,6.0,6.0,6.0,0
6.0,6.0,6.0,6.0,6.0,0
6.0,6.0,6.0,6.0,6.0,0
6.0,6.0,6.0,6.0,6.0,0
6.0,6.0,6.0,6.0,6.0,0
6.0,6.0,6.0,6.0,6.0,0
6.0,6.0,6.0,6.0,6.0,0
6.0,6.0,6.0,6.0,6.0,0
6.0,6.0,6.0,6.0,6.0,0
6.0,6.0,6.0,6.0,6.0,0
6.0,6.0,6.0,6.0,6.0,0
6.0,6.0,6.0,6.0,6.0,0
6.0,6.0,6.0,6.0,6.0,0
6.0,6.0,6.0,6.0,6.0,0
6.0,6.0,6.0,6.0,6.0,0
6.0,6.0,6.0,6.0,6.0,0
6.0,6.0,6.0,6.0,6.0,0
6.0,6.0,6.0,6.0,6.0,0
6.0,6.0,6.0,6.0,6.0,0
6.0,6.0,6.0,6.0,6.0,0
6.0,6.0,6.0,6.0,6.0,0
6.0,6.0,6.0,6.0,6.0,0
6.0,6.0,6.0,6.0,6.0,0
6.0,6.0,6.0,6.0,6.0,0
6.0,6.0,6.0,6.0,6.0,0
6.0,6.0,6.0,6.0,6.0,0
6.0,6.0,6.0,6.0,6.0,0
6.0,6.0,6.0,6.0,6.0,0
6.0,6.0,6.0,6.0,6.0,0
6.0,6.0,6.0,6.0,6.0,0
6.0,6.0,6.0,6.0,6.0,0
6.0,6.0,6.0,6.0,6.0,0
6.0,6.0,6.0,6.0,6.0,0
6.0,6.0,6.0,6.0,6.0,0
6.0,6.0,6.0,6.0,6.0,0
6.0,6.0,6.0,6.0,6.0,0
6.0,6.0,6.0,6.0,6.0,0
6.0,6.0,6.0,6.0,6.0,0
6.0,6.0,6.0,6.0,6.0,0
6.0,6.0,6.0,6.0,6.0,0
6.0,6.0,6.0,6.0,6.0,0
6.0,6.0,6.0,6.0,6.0,0
6.0,6.0,6.0,6.0,6.0,0
6.0,6.0,6.0,6.0,6.0,0
6.0,6.0,6.0,6.0,6.0,0
6.0,6.0,6.0,6.0,6.0,0
6.0,6.0,6.0,6.0,6.0,0
6.0,6.0,6.0,6.0,6.0,0
6.0,6.0,6.0,6.0,6.0,0
6.0,6.0,6.0,6.0,6.0,0
6.0,6.0,6.0,6.0,6.0,0
6.0,6.0,6.0,6.0,6.0,0
6.0,6.0,6.0,6.0,6.0,0
6.0,6.0,6.0,6.0,6.0,0
6.0,6.0,6.0,6.0,6.0,0
6.0,6.0,6.0,6.0,6.0,0
6.0,6.0,6.0,6.0,6.0,0
6.0,6.0,6.0,6.0,6.0,0
6.0,6.0,6.0,6.0,6.0,0
6.0,6.0,6.0,6.0,6.0,0
6.0,6.0,6.0,6.0,6.0,0
6.0,6.0,6.0,6.0,6.0,0
6.0,6.0,6.0,6.0,6.0,0
6.0,6.0,6.0,6.0,6.0,0
6.0,6.0,6.0,6.0,6.0,0
6.0,6.0,6.0,6.0,6.0,0
6.0,6.0,6.0,6.0,6.0,0
6.0,6.0,6.0,6.0,6.0,0
6.0,6.0,6.0,6.0,6.0,0
6.0,6.0,6.0,6.0,6.0,0
6.0,6.0,6.0,6.0,6.0,0
6.0,6.0,6.0,6.0,6.0,0
6.0,6.0,6.0,6.0,6.0,0
6.0,6.0,6.0,6.0,6.0,0
6.0,6.0,6.0,6.0,6.0,0
6.0,6.0,6.0,6.0,6.0,0
6.0,6.0,6.0,6.0,6.0,0
6.0,6.0,6.0,6.0,6.0,0
6.0,6.0,6.0,6.0,6.0,0
6.0,6.0,6.0,6.0,6.0,0
6.0,6.0,6.0,6.0,6.0,0
6.0,6.0,6.0,6.0,6.0,0
6.0,6.0,6.0,6.0,6.0,0
6.0,6.0,6.0,6.0,6.0,0
6.0,6.0,6.0,6.0,6.0,0
6.0,6.0,6.0,6.0,6.0,0
6.0,6.0,6.0,6.0,6.0,0
6.0,6.0,6.0,6.0,6.0,0
6.0,6.0,6.0,6.0,6.0,0
6.0,6.0,6.0,6.0,6.0,0
6.0,6.0,6.0,6.0,6.0,0
6.0,6.0,6.0,6.0,6.0,0
6.0,6.0,6.0,6.0,6.0,0
6.0,6.0,6.0,6.0,6.0,0
6.0,6.0,6.0,6.0,6.0,0
6.0,6.0,6.0,6.0,6.0,0
6.0,6.0,6.0,6.0,6.0,0
6.0,6.0,6.0,6.0,6.0,0
6.0,6.0,6.0,6.0,6.0,0
6.0,6.0,6.0,6.0,6.0,0
6.0,6.0,6.0,6.0,6.0,0
6.0,6.0,6.0,6.0,6.0,0
6.0,6.0,6.0,6.0,6.0,0
6.0,6.0,6.0,6.0,6.0,0
6.0,6.0,6.0,6.0,6.0,0
6.0,6.0,6.0,6.0,6.0,0
6.0,6.0,6.0,6.0,6.0,0
6.0,6.0,6.0,6.0,6.0,0
6.0,6.0,6.0,6.0,6.0,0
6.0,6.0,6.0,6.0,6.0,0
6.0,6.0,6.0,6.0,6.0,0
6.0,6.0,6.0,6.0,6.0,0
6.0,6.0,6.0,6.0,6.0,0
6.0,6.0,6.0,6.0,6.0,0
6.0,6.0,6.0,6.0,6.0,0
6.0,6.0,6.0,6.0,6.0,0
6.0,6.0,6.0,6.0,6.0,0
6.0,6.0,6.0,6.0,6.0,0
6.0,6.0,6.0,6.0,6.0,0
6.0,6.0,6.0,6.0,6.0,0
6.0,6.0,6.0,6.0,6.0,0
6.0,6.0,6.0,6.0,6.0,0
6.0,6.0,6.0,6.0,6.0,0
6.0,6.0,6.0,6.0,6.0,0
6.0,6.0,6.0,6.0,6.0,0
6.0,6.0,6.0,6.0,6.0,0
6.0,6.0,6.0,6.0,6.0,0
6.0,6.0,6.0,6.0,6.0,0
6.0,6.0,6.0,6.0,6.0,0
6.0,6.0,6.0,6.0,6.0,0
6.0,6.0,6.0,6.0,6.0,0
6.0,6.0,6.0,6.0,6.0,0
6.0,6.0,6.0,6.0,6.0,0
6.0,6.0,6.0,6.0,6.0,0
6.0,6.0,6.0,6.0,6.0,0
6.0,6.0,6.0,6.0,6.0,0
6.0,6.0,6.0,6.0,6.0,0
6.0,6.0,6.0,6.0,6.0,0
6.0,6.0,6.0,6.0,6.0,0
6.0,6.0,6.0,6.0,6.0,0
6.0,6.0,6.0,6.0,6.0,0
6.0,6.0,6.0,6.0,6.0,0
6.0,6.0,6.0,6.0,6.0,0
6.0,6.0,6.0,6.0,6.0,0
6.0,6.0,6.0,6.0,6.0,0
6.0,6.0,6.0,6.0,6.0,0
6.0,6.0,6.0,6.0,6.0,0
6.0,6.0,6.0,6.0,6.0,0
6.0,6.0,6.0,6.0,6.0,0
6.0,6.0,6.0,6.0,6.0,0
6.0,6.0,6.0,6.0,6.0,0
6.0,6.0,6.0,6.0,6.0,0
6.0,6.0,6.0,6.0,6.0,0
6.0,6.0,6.0,6.0,6.0,0
6.0,6.0,6.0,6.0,6.0,0
6.0,6.0,6.0,6.0,6.0,0
6.0,6.0,6.0,6.0,6.0,0
6.0,6.0,6.0,6.0,6.0,0
6.0,6.0,6.0,6.0,6.0,0
6.0,6.0,6.0,6.0,6.0,0
6.0,6.0,6.0,6.0,6.0,0
6.0,6.0,6.0,6.0,6.0,0
6.0,6.0,6.0,6.0,6.0,0
6.0,6.0,6.0,6.0,6.0,0
6.0,6.0,6.0,6.0,6.0,0
6.0,6.0,6.0,6.0,6.0,0
6.0,6.0,6.0,6.0,6.0,0
6.0,6.0,6.0,6.0,6.0,0
6.0,6.0,6.0,6.0,6.0,0
6.0,6.0,6.0,6.0,6.0,0
6.0,6.0,6.0,6.0,6.0,0
6.0,6.0,6.0,6.0,6.0,0
6.0,6.0,6.0,6.0,6.0,0
6.0,6.0,6.0,6.0,6.0,0
6.0,6.0,6.0,6.0,6.0,0
6.0,6.0,6.0,6.0,6.0,0
6.0,6.0,6.0,6.0,6.0,0
6.0,6.0,6.0,6.0,6.0,0
6.0,6.0,6.0,6.0,6.0,0
6.0,6.0,6.0,6.0,6.0,0
6.0,6.0,6.0,6.0,6.0,0
6.0,6.0,6.0,6.0,6.0,0
6.0,6.0,6.0,6.0,6.0,0
6.0,6.0,6.0,6.0,6.0,0
6.0,6.0,6.0,6.0,6.0,0
6.0,6.0,6.0,6.0,6.0,0
6.0,6.0,6.0,6.0,6.0,0
6.0,6.0,6.0,6.0,6.0,0
6.0,6.0,6.0,6.0,6.0,0
6.0,6.0,6.0,6.0,6.0,0
6.0,6.0,6.0,6.0,6.0,0
6.0,6.0,6.0,6.0,6.0,0
6.0,6.0,6.0,6.0,6.0,0
6.0,6.0,6.0,6.0,6.0,0
6.0,6.0,6.0,6.0,6.0,0
6.0,6.0,6.0,6.0,6.0,0
6.0,6.0,6.0,6.0,6.0,0
6.0,6.0,6.0,6.0,6.0,0
6.0,6.0,6.0,6.0,6.0,0
6.0,6.0,6.0,6.0,6.0,0
6.0,6.0,6.0,6.0,6.0,0
6.0,6.0,6.0,6.0,6.0,0
6.0,6.0,6.0,6.0,6.0,0
6.0,6.0,6.0,6.0,6.0,0
6.0,6.0,6.0,6.0,6.0,0
6.0,6.0,6.0,6.0,6.0,0
6.0,6.0,6.0,6.0,6.0,0
6.0,6.0,6.0,6.0,6.0,0
6.0,6.0,6.0,6.0,6.0,0
6.0,6.0,6.0,6.0,6.0,0
6.0,6.0,6.0,6.0,6.0,0
6.0,6.0,6.0,6.0,6.0,0
6.0,6.0,6.0,6.0,6.0,0
6.0,6.0,6.0,6.0,6.0,0
6.0,6.0,6.0,6.0,6.0,0
6.0,6.0,6.0,6.0,6.0,0
6.0,6.0,6.0,6.0,6.0,0
6.0,6.0,6.0,6.0,6.0,0
6.0,6.0,6.0,6.0,6.0,0
6.0,6.0,6.0,6.0,6.0,0
6.0,6.0,6.0,6.0,6.0,0
6.0,6.0,6.0,6.0,6.0,0
6.0,6.0,6.0,6.0,6.0,0
6.0,6.0,6.0,6.0,6.0,0
6.0,6.0,6.0,6.0,6.0,0
6.0,6.0,6.0,6.0,6.0,0
6.0,6.0,6.0,6.0,6.0,0
6.0,6.0,6.0,6.0,6.0,0
6.0,6.0,6.0,6.0,6.0,0
6.0,6.0,6.0,6.0,6.0,0
6.0,6.0,6.0,6.0,6.0,0
6.0,6.0,6.0,6.0,6.0,0
6.0,6.0,6.0,6.0,6.0,0
6.0,6.0,6.0,6.0,6.0,0
6.0,6.0,6.0,6.0,6.0,0
6.0,6.0,6.0,6.0,6.0,0
6.0,6.0,6.0,6.0,6.0,0
6.0,6.0,6.0,6.0,6.0,0
6.0,6.0,6.0,6.0,6.0,0
6.0,6.0,6.0,6.0,6.0,0
6.0,6.0,6.0,6.0,6.0,0
6.0,6.0,6.0,6.0,6.0,0
6.0,6.0,6.0,6.0,6.0,0
6.0,6.0,6.0,6.0,6.0,0
6.0,6.0,6.0,6.0,6.0,0
6.0,6.0,6.0,6.0,6.0,0
6.0,6.0,6.0,6.0,6.0,0
6.0,6.0,6.0,6.0,6.0,0
6.0,6.0,6.0,6.0,6.0,0
6.0,6.0,6.0,6.0,6.0,0
6.0,6.0,6.0,6.0,6.0,0
6.0,6.0,6.0,6.0,6.0,0
6.0,6.0,6.0,6.0,6.0,0
6.0,6.0,6.0,6.0,6.0,0
6.0,6.0,6.0,6.0,6.0,0
6.0,6.0,6.0,6.0,6.0,0
6.0,6.0,6.0,6.0,6.0,0
6.0,6.0,6.0,6.0,6.0,0
6.0,6.0,6.0,6.0,6.0,0
6.0,6.0,6.0,6.0,6.0,0
6.0,6.0,6.0,6.0,6.0,0
6.0,6.0,6.0,6.0,6.0,0
6.0,6.0,6.0,6.0,6.0,0
6.0,6.0,6.0,6.0,6.0,0
6.0,6.0,6.0,6.0,6.0,0
6.0,6.0,6.0,6.0,6.0,0
6.0,6.0,6.0,6.0,6.0,0
6.0,6.0,6.0,6.0,6.0,0
6.0,6.0,6.0,6.0,6.0,0
6.0,6.0,6.0,6.0,6.0,0
6.0,6.0,6.0,6.0,6.0,0
6.0,6.0,6.0,6.0,6.0,0
6.0,6.0,6.0,6.0,6.0,0
10.0,10.0,10.0,10.0,10.0,0
10.0,10.0,10.0,10.0,10.0,0
10.0,10.0,10.0,10.0,10.0,0
10.0,10.0,10.0,10.0,10.0,0
10.0,10.0,10.0,10.0,10.0,0
10.0,10.0,10.0,10.0,10.0,0
10.0,10.0,10.0,10.0,10.0,0
10.0,14.0,10.0,14.0,14.0,98
14.0,14.0,14.0,14.0,14.0,0
12.0,12.0,12.0,12.0,12.0,0
12.0,12.0,12.0,12.0,12.0,0
12.0,12.0,11.800000190734863,11.800000190734863,11.800000190734863,20
12.0,12.0,12.0,12.0,12.0,0
14.0,14.0,14.0,14.0,14.0,0
14.0,14.0,14.0,14.0,14.0,40
14.0,18.0,14.0,18.0,18.0,3000
18.0,18.0,17.0,17.0,17.0,2
17.0,17.0,17.0,17.0,17.0,0
17.0,17.0,16.0,16.0,16.0,3000
16.0,16.0,14.0,14.0,14.0,2
14.0,14.0,14.0,14.0,14.0,0
14.0,14.0,14.0,14.0,14.0,0
14.0,14.0,14.0,14.0,14.0,0
16.0,16.0,16.0,16.0,16.0,0
16.0,16.0,16.0,16.0,16.0,0
16.0,16.0,16.0,16.0,16.0,0
16.0,16.0,13.5,13.5,13.5,0
13.5,13.5,13.5,13.5,13.5,0
13.5,13.5,13.5,13.5,13.5,0
13.5,13.5,13.5,13.5,13.5,0
13.5,13.5,13.5,13.5,13.5,0
11.5,11.5,11.5,11.5,11.5,0
11.5,11.5,11.5,11.5,11.5,0
11.5,11.5,9.5,9.5,9.5,0
9.5,9.5,9.5,9.5,9.5,0
9.5,9.5,9.5,9.5,9.5,0
9.5,12.0,7.5,7.5,7.5,33
7.5,7.5,7.5,7.5,7.5,0
7.5,7.5,7.5,7.5,7.5,0
7.5,7.5,6.900000095367432,6.900000095367432,6.900000095367432,1402
7.0,7.0,6.5,6.5,6.5,1565
6.0,6.0,6.0,6.0,6.0,0
6.0,6.5,6.0,6.5,6.5,1925
6.0,6.0,6.0,6.0,6.0,1000
5.0,5.0,5.0,5.0,5.0,1000
4.25,4.25,4.25,4.25,4.25,110
4.25,4.25,4.25,4.25,4.25,890
4.25,4.25,3.900000095367432,3.900000095367432,3.900000095367432,1500
4.0,4.0,4.0,4.0,4.0,0
4.0,4.0,4.0,4.0,4.0,0
4.0,4.0,4.0,4.0,4.0,0
4.0,4.0,4.0,4.0,4.0,0
4.0,4.0,4.0,4.0,4.0,0
4.0,4.0,4.0,4.0,4.0,0
4.0,4.0,4.0,4.0,4.0,0
4.0,4.0,4.0,4.0,4.0,0
4.0,4.0,4.0,4.0,4.0,0
4.0,4.0,4.0,4.0,4.0,0
4.0,4.0,3.3299999237060547,3.3299999237060547,3.3299999237060547,10
3.25,3.25,3.25,3.25,3.25,0
3.25,3.25,3.25,3.25,3.25,0
3.25,3.25,3.25,3.25,3.25,0
3.25,3.25,3.25,3.25,3.25,0
3.25,3.25,3.25,3.25,3.25,0
3.25,3.25,3.25,3.25,3.25,0
3.25,3.25,3.25,3.25,3.25,0
3.25,3.25,3.25,3.25,3.25,0
3.8010001182556152,3.8010001182556152,3.8010001182556152,3.8010001182556152,3.8010001182556152,0
3.8010001182556152,3.8010001182556152,3.8010001182556152,3.8010001182556152,3.8010001182556152,0
3.8010001182556152,3.8010001182556152,3.8010001182556152,3.8010001182556152,3.8010001182556152,0
3.8010001182556152,3.950000047683716,3.8010001182556152,3.809999942779541,3.809999942779541,14500
3.8010001182556152,3.900000095367432,3.8010001182556152,3.900000095367432,3.900000095367432,14510
4.699999809265137,5.199999809265137,4.699999809265137,5.199999809265137,5.199999809265137,2380
4.699999809265137,4.699999809265137,4.699999809265137,4.699999809265137,4.699999809265137,0
4.699999809265137,4.699999809265137,4.699999809265137,4.699999809265137,4.699999809265137,0
4.699999809265137,4.699999809265137,4.699999809265137,4.699999809265137,4.699999809265137,0
4.699999809265137,4.699999809265137,4.699999809265137,4.699999809265137,4.699999809265137,0
4.699999809265137,4.699999809265137,4.699999809265137,4.699999809265137,4.699999809265137,0
4.699999809265137,4.699999809265137,4.699999809265137,4.699999809265137,4.699999809265137,0
4.800000190734863,6.099999904632568,4.800000190734863,6.099999904632568,6.099999904632568,12450
6.099999904632568,6.099999904632568,5.900000095367432,5.900000095367432,5.900000095367432,495
5.900000095367432,5.900000095367432,5.89900016784668,5.89900016784668,5.89900016784668,5
5.900000095367432,5.900000095367432,5.900000095367432,5.900000095367432,5.900000095367432,0
5.900000095367432,5.900000095367432,5.900000095367432,5.900000095367432,5.900000095367432,0
5.900000095367432,5.900000095367432,5.900000095367432,5.900000095367432,5.900000095367432,0
5.900000095367432,5.900000095367432,5.900000095367432,5.900000095367432,5.900000095367432,0
5.900000095367432,5.900000095367432,5.900000095367432,5.900000095367432,5.900000095367432,0
5.900000095367432,5.900000095367432,5.900000095367432,5.900000095367432,5.900000095367432,110
5.900000095367432,5.900000095367432,5.900000095367432,5.900000095367432,5.900000095367432,150
5.900000095367432,5.900000095367432,5.900000095367432,5.900000095367432,5.900000095367432,0
6.0,8.289999961853027,6.0,8.289999961853027,8.289999961853027,205
8.199999809265137,8.199999809265137,8.199999809265137,8.199999809265137,8.199999809265137,0
8.1899995803833,8.1899995803833,8.1899995803833,8.1899995803833,8.1899995803833,0
7.999000072479248,7.999000072479248,7.999000072479248,7.999000072479248,7.999000072479248,0
7.999000072479248,7.999000072479248,7.999000072479248,7.999000072479248,7.999000072479248,0
7.999000072479248,7.999000072479248,7.999000072479248,7.999000072479248,7.999000072479248,0
7.999000072479248,7.999000072479248,7.999000072479248,7.999000072479248,7.999000072479248,0
7.980000019073486,7.980000019073486,7.980000019073486,7.980000019073486,7.980000019073486,0
7.980000019073486,7.980000019073486,7.980000019073486,7.980000019073486,7.980000019073486,0
7.980000019073486,7.980000019073486,7.980000019073486,7.980000019073486,7.980000019073486,0
7.980000019073486,7.980000019073486,7.980000019073486,7.980000019073486,7.980000019073486,0
7.980000019073486,7.980000019073486,7.980000019073486,7.980000019073486,7.980000019073486,0
7.980000019073486,7.980000019073486,7.980000019073486,7.980000019073486,7.980000019073486,0
7.980000019073486,7.980000019073486,7.980000019073486,7.980000019073486,7.980000019073486,0
7.980000019073486,7.980000019073486,7.980000019073486,7.980000019073486,7.980000019073486,0
7.980000019073486,7.980000019073486,7.980000019073486,7.980000019073486,7.980000019073486,0
7.980000019073486,7.980000019073486,7.980000019073486,7.980000019073486,7.980000019073486,0
7.980000019073486,7.980000019073486,7.980000019073486,7.980000019073486,7.980000019073486,0
7.980000019073486,7.980000019073486,7.980000019073486,7.980000019073486,7.980000019073486,0
7.980000019073486,7.980000019073486,7.980000019073486,7.980000019073486,7.980000019073486,0
7.980000019073486,7.980000019073486,7.980000019073486,7.980000019073486,7.980000019073486,0
7.980000019073486,7.980000019073486,7.980000019073486,7.980000019073486,7.980000019073486,0
7.980000019073486,7.980000019073486,4.25,4.25,4.25,1550
4.25,4.25,3.799999952316284,3.799999952316284,3.799999952316284,1000
3.549999952316284,3.549999952316284,3.549999952316284,3.549999952316284,3.549999952316284,0
3.549999952316284,3.549999952316284,3.549999952316284,3.549999952316284,3.549999952316284,0
3.549999952316284,3.549999952316284,3.549999952316284,3.549999952316284,3.549999952316284,0
3.549999952316284,3.549999952316284,3.549999952316284,3.549999952316284,3.549999952316284,0
3.549999952316284,3.549999952316284,3.549999952316284,3.549999952316284,3.549999952316284,0
3.549999952316284,3.549999952316284,3.549999952316284,3.549999952316284,3.549999952316284,0
3.549999952316284,3.549999952316284,3.549999952316284,3.549999952316284,3.549999952316284,0
3.549999952316284,3.549999952316284,3.549999952316284,3.549999952316284,3.549999952316284,0
3.549999952316284,3.549999952316284,3.549999952316284,3.549999952316284,3.549999952316284,0
3.549999952316284,3.549999952316284,3.549999952316284,3.549999952316284,3.549999952316284,0
3.549999952316284,3.549999952316284,3.549999952316284,3.549999952316284,3.549999952316284,0
3.549999952316284,3.549999952316284,3.549999952316284,3.549999952316284,3.549999952316284,0
3.549999952316284,3.549999952316284,3.549999952316284,3.549999952316284,3.549999952316284,0
3.549999952316284,3.549999952316284,3.549999952316284,3.549999952316284,3.549999952316284,0
3.700000047683716,3.700000047683716,3.700000047683716,3.700000047683716,3.700000047683716,0
3.700000047683716,3.700000047683716,3.700000047683716,3.700000047683716,3.700000047683716,0
3.700000047683716,3.700000047683716,3.700000047683716,3.700000047683716,3.700000047683716,0
3.700000047683716,3.700000047683716,3.700000047683716,3.700000047683716,3.700000047683716,0
3.700000047683716,3.700000047683716,3.700000047683716,3.700000047683716,3.700000047683716,0
3.700000047683716,3.700000047683716,3.700000047683716,3.700000047683716,3.700000047683716,0
3.700000047683716,3.700000047683716,3.700000047683716,3.700000047683716,3.700000047683716,0
3.700000047683716,3.700000047683716,3.700000047683716,3.700000047683716,3.700000047683716,0
3.900000095367432,5.0,3.900000095367432,5.0,5.0,2050
5.0,5.0,5.0,5.0,5.0,0
5.0,5.0,5.0,5.0,5.0,0
5.0,5.0,5.0,5.0,5.0,0
5.0,5.0,5.0,5.0,5.0,0
5.0,5.0,5.0,5.0,5.0,0
5.0,5.0,5.0,5.0,5.0,0
5.0,5.0,5.0,5.0,5.0,0
4.699999809265137,6.599999904632568,4.699999809265137,6.599999904632568,6.599999904632568,450
6.599999904632568,6.599999904632568,6.599999904632568,6.599999904632568,6.599999904632568,0
7.25,7.25,7.25,7.25,7.25,27
7.25,7.25,7.25,7.25,7.25,0
7.25,7.25,7.25,7.25,7.25,0
7.25,7.25,7.25,7.25,7.25,0
7.25,7.25,7.25,7.25,7.25,0
7.25,7.25,7.25,7.25,7.25,0
7.25,7.25,7.25,7.25,7.25,0
7.25,7.25,7.25,7.25,7.25,0
7.25,7.25,7.25,7.25,7.25,0
7.25,7.25,7.25,7.25,7.25,0
7.25,7.25,7.25,7.25,7.25,0
3.700000047683716,5.989999771118164,3.700000047683716,5.989999771118164,5.989999771118164,368690
6.110000133514404,6.289999961853027,3.920000076293945,3.940000057220459,3.940000057220459,510639
3.799999952316284,4.239999771118164,2.390000104904175,2.390000104904175,2.390000104904175,982943
2.309999942779541,2.400000095367432,1.4800000190734863,1.5499999523162842,1.5499999523162842,641714
1.4800000190734863,1.909999966621399,1.3300000429153442,1.850000023841858,1.850000023841858,643276
1.850000023841858,1.850000023841858,1.850000023841858,1.850000023841858,1.850000023841858,0
1.919999957084656,2.25,1.899999976158142,2.140000104904175,2.140000104904175,383895
2.150000095367432,3.130000114440918,2.0799999237060547,3.130000114440918,3.130000114440918,1523967
3.130000114440918,3.259999990463257,2.509999990463257,2.5799999237060547,2.5799999237060547,810769
2.5799999237060547,2.5799999237060547,2.5799999237060547,2.5799999237060547,2.5799999237060547,0
2.4800000190734863,2.650000095367432,2.0999999046325684,2.0999999046325684,2.0999999046325684,779281
2.150000095367432,3.0199999809265137,1.7999999523162842,2.430000066757202,2.430000066757202,2596112
2.430000066757202,2.430000066757202,2.430000066757202,2.430000066757202,2.430000066757202,0
2.400000095367432,2.900000095367432,2.200000047683716,2.3399999141693115,2.3399999141693115,1225668
2.4200000762939453,2.559999942779541,1.75,1.870000004768372,1.870000004768372,1391114
1.8899999856948853,1.9800000190734863,1.6799999475479126,1.8200000524520876,1.8200000524520876,536208
1.850000023841858,1.899999976158142,1.340000033378601,1.440000057220459,1.440000057220459,1525307
1.4700000286102295,1.5499999523162842,1.3600000143051147,1.3899999856948853,1.3899999856948853,165938
1.4299999475479126,1.4299999475479126,1.309999942779541,1.350000023841858,1.350000023841858,305227
1.340000033378601,1.5700000524520874,1.3200000524520874,1.3799999952316284,1.3799999952316284,634755
1.3600000143051147,1.4700000286102295,1.309999942779541,1.4299999475479126,1.4299999475479126,283140
1.4199999570846558,1.6200000047683716,1.309999942779541,1.350000023841858,1.350000023841858,1161119
1.3700000047683716,1.399999976158142,1.100000023841858,1.100000023841858,1.100000023841858,1483383
1.090000033378601,1.1299999952316284,1.0,1.0099999904632568,1.0099999904632568,563857
1.0399999618530271,1.1200000047683716,1.0099999904632568,1.0800000429153442,1.0800000429153442,480675
1.100000023841858,1.159999966621399,1.0499999523162842,1.0700000524520874,1.0700000524520874,362358
1.0700000524520874,1.3300000429153442,1.0,1.190000057220459,1.190000057220459,2007427
1.2100000381469729,1.2699999809265137,1.1799999475479126,1.2200000286102295,1.2200000286102295,523334
1.2000000476837158,1.2699999809265137,1.1299999952316284,1.1399999856948853,1.1399999856948853,402725
1.1399999856948853,1.1399999856948853,1.059999942779541,1.090000033378601,1.090000033378601,253497
1.0700000524520874,1.090000033378601,1.0399999618530271,1.0499999523162842,1.0499999523162842,121087
1.0499999523162842,1.0700000524520874,1.0199999809265137,1.0499999523162842,1.0499999523162842,167523
1.0499999523162842,1.0700000524520874,1.0,1.0399999618530271,1.0399999618530271,214850
1.0399999618530271,1.1399999856948853,1.0099999904632568,1.1399999856948853,1.1399999856948853,422843
1.149999976158142,1.2200000286102295,0.959999978542328,1.059999942779541,1.059999942779541,1061422
1.0499999523162842,1.0700000524520874,0.9700000286102296,0.9800000190734864,0.9800000190734864,380110
0.9700000286102296,0.9800000190734864,0.8899999856948853,0.8899999856948853,0.8899999856948853,755423
0.8899999856948853,0.9399999976158142,0.7799999713897705,0.7900000214576721,0.7900000214576721,904656
0.7900000214576721,0.8199999928474426,0.7099999785423279,0.7300000190734863,0.7300000190734863,742474
28.0,28.0,28.0,28.0,28.0,0
28.0,29.0,28.0,29.0,29.0,0
0.7599999904632568,0.800000011920929,0.7200000286102295,0.7799999713897705,0.7799999713897705,860757
29.0,29.0,29.0,29.0,29.0,0
29.0,29.0,29.0,29.0,29.0,0
29.0,29.0,29.0,29.0,29.0,0
29.0,29.0,29.0,29.0,29.0,0
0.5899999737739563,0.6200000047683716,0.5299999713897705,0.5600000023841858,0.5600000023841858,1011679
0.5699999928474426,0.6499999761581421,0.5699999928474426,0.6100000143051147,0.6100000143051147,957501
0.6000000238418579,0.6399999856948853,0.5799999833106995,0.6000000238418579,0.6000000238418579,185078
29.0,29.0,29.0,29.0,29.0,0
0.5799999833106995,0.6100000143051147,0.5699999928474426,0.6000000238418579,0.6000000238418579,171989
0.6100000143051147,0.6200000047683716,0.5600000023841858,0.6000000238418579,0.6000000238418579,161888
28.0,28.0,28.0,28.0,28.0,0
28.0,28.0,28.0,28.0,28.0,0
30.459999084472656,30.459999084472656,30.459999084472656,30.459999084472656,30.459999084472656,0
30.459999084472656,30.459999084472656,30.459999084472656,30.459999084472656,30.459999084472656,0
30.459999084472656,30.459999084472656,30.459999084472656,30.459999084472656,30.459999084472656,0
0.5600000023841858,0.5799999833106995,0.5099999904632568,0.5199999809265137,0.5199999809265137,522802
30.459999084472656,30.459999084472656,30.459999084472656,30.459999084472656,30.459999084472656,0
0.5600000023841858,0.5899999737739563,0.550000011920929,0.5600000023841858,0.5600000023841858,284694
0.5699999928474426,0.5799999833106995,0.5600000023841858,0.5699999928474426,0.5699999928474426,14775
35.369998931884766,35.369998931884766,35.369998931884766,35.369998931884766,35.369998931884766,0
35.369998931884766,35.369998931884766,35.369998931884766,35.369998931884766,35.369998931884766,0
0.5799999833106995,0.6200000047683716,0.5799999833106995,0.5899999737739563,0.5899999737739563,89495
35.369998931884766,35.369998931884766,35.369998931884766,35.369998931884766,35.369998931884766,0
0.6100000143051147,0.6200000047683716,0.6000000238418579,0.6100000143051147,0.6100000143051147,83209
0.6299999952316284,0.7099999785423279,0.6100000143051147,0.6800000071525574,0.6800000071525574,527266
0.6800000071525574,0.6800000071525574,0.6800000071525574,0.6800000071525574,0.6800000071525574,0
0.699999988079071,0.7699999809265137,0.6899999976158142,0.7599999904632568,0.7599999904632568,579138
0.7900000214576721,0.7900000214576721,0.6800000071525574,0.6899999976158142,0.6899999976158142,450800
0.6800000071525574,0.7400000095367432,0.6499999761581421,0.7200000286102295,0.7200000286102295,270354
0.7300000190734863,0.7300000190734863,0.6600000262260437,0.6800000071525574,0.6800000071525574,137219
0.6899999976158142,0.7099999785423279,0.6600000262260437,0.6899999976158142,0.6899999976158142,83610
0.6700000166893005,0.6800000071525574,0.6600000262260437,0.6700000166893005,0.6700000166893005,41573
0.6700000166893005,0.6899999976158142,0.6499999761581421,0.6800000071525574,0.6800000071525574,34430
0.6800000071525574,0.7300000190734863,0.6700000166893005,0.6899999976158142,0.6899999976158142,118752
30.82900047302246,30.82900047302246,30.82900047302246,30.82900047302246,30.82900047302246,0
0.75,0.8500000238418579,0.75,0.8199999928474426,0.8199999928474426,756773
0.8399999737739563,0.8500000238418579,0.7799999713897705,0.800000011920929,0.800000011920929,185683
0.7900000214576721,0.9300000071525574,0.7900000214576721,0.9300000071525574,0.9300000071525574,879744
0.949999988079071,0.9800000190734864,0.8899999856948853,0.9399999976158142,0.9399999976158142,552461
0.9399999976158142,0.9399999976158142,0.8799999952316284,0.9100000262260436,0.9100000262260436,154298
0.9700000286102296,1.1200000047683716,0.959999978542328,1.0299999713897705,1.0299999713897705,838801
1.0299999713897705,1.149999976158142,1.0,1.1399999856948853,1.1399999856948853,881409
1.1299999952316284,1.190000057220459,1.100000023841858,1.100000023841858,1.100000023841858,466267
1.100000023841858,1.1200000047683716,1.0499999523162842,1.090000033378601,1.090000033378601,172197
1.0499999523162842,1.090000033378601,0.9800000190734864,1.0499999523162842,1.0499999523162842,418950
1.059999942779541,1.2400000095367432,1.0199999809265137,1.2200000286102295,1.2200000286102295,696432
30.82900047302246,30.82900047302246,30.82900047302246,30.82900047302246,30.82900047302246,0
30.82900047302246,30.82900047302246,30.82900047302246,30.82900047302246,30.82900047302246,0
1.149999976158142,1.149999976158142,1.090000033378601,1.149999976158142,1.149999976158142,123319
30.82900047302246,30.82900047302246,30.82900047302246,30.82900047302246,30.82900047302246,0
30.82900047302246,30.82900047302246,30.82900047302246,30.82900047302246,30.82900047302246,0
30.82900047302246,30.82900047302246,30.82900047302246,30.82900047302246,30.82900047302246,0
30.82900047302246,30.82900047302246,30.82900047302246,30.82900047302246,30.82900047302246,0
30.82900047302246,30.82900047302246,30.82900047302246,30.82900047302246,30.82900047302246,0
30.82900047302246,30.82900047302246,30.82900047302246,30.82900047302246,30.82900047302246,0
30.82900047302246,30.82900047302246,30.82900047302246,30.82900047302246,30.82900047302246,0
30.82900047302246,30.82900047302246,30.82900047302246,30.82900047302246,30.82900047302246,0
30.82900047302246,30.82900047302246,30.82900047302246,30.82900047302246,30.82900047302246,0
30.82900047302246,30.82900047302246,30.82900047302246,30.82900047302246,30.82900047302246,0
30.82900047302246,30.82900047302246,30.82900047302246,30.82900047302246,30.82900047302246,0
1.4299999475479126,1.4800000190734863,1.3700000047683716,1.440000057220459,1.440000057220459,136496
1.2699999809265137,1.3700000047683716,1.2300000190734863,1.350000023841858,1.350000023841858,520412
30.82900047302246,30.82900047302246,30.82900047302246,30.82900047302246,30.82900047302246,0
30.82900047302246,30.82900047302246,30.82900047302246,30.82900047302246,30.82900047302246,0
30.82900047302246,30.82900047302246,30.82900047302246,30.82900047302246,30.82900047302246,0
30.82900047302246,30.82900047302246,30.82900047302246,30.82900047302246,30.82900047302246,0
30.82900047302246,30.82900047302246,30.82900047302246,30.82900047302246,30.82900047302246,0
1.3300000429153442,1.350000023841858,1.2200000286102295,1.25,1.25,178556
1.25,1.25,1.25,1.25,1.25,0
30.82900047302246,30.82900047302246,30.82900047302246,30.82900047302246,30.82900047302246,0
1.190000057220459,1.190000057220459,1.100000023841858,1.1399999856948853,1.1399999856948853,198678
1.1299999952316284,1.2799999713897705,1.100000023841858,1.2300000190734863,1.2300000190734863,529734
1.1699999570846558,1.2000000476837158,0.9900000095367432,1.0099999904632568,1.0099999904632568,483662
29.36100006103516,29.36100006103516,29.36100006103516,29.36100006103516,29.36100006103516,0
29.36100006103516,29.36100006103516,29.36100006103516,29.36100006103516,29.36100006103516,0
29.36100006103516,29.36100006103516,29.36100006103516,29.36100006103516,29.36100006103516,0
0.9700000286102296,1.1100000143051147,0.9700000286102296,1.059999942779541,1.059999942779541,168179
1.059999942779541,1.0800000429153442,1.0299999713897705,1.059999942779541,1.059999942779541,36553
1.0199999809265137,1.059999942779541,0.9800000190734864,1.0099999904632568,1.0099999904632568,96932
29.36100006103516,29.36100006103516,29.36100006103516,29.36100006103516,29.36100006103516,0
0.7599999904632568,0.8199999928474426,0.6700000166893005,0.7699999809265137,0.7699999809265137,277768
0.800000011920929,0.9300000071525574,0.7599999904632568,0.800000011920929,0.800000011920929,312679
0.800000011920929,0.8399999737739563,0.7400000095367432,0.75,0.75,156521
0.75,0.7799999713897705,0.699999988079071,0.7300000190734863,0.7300000190734863,141089
0.7699999809265137,0.8199999928474426,0.7400000095367432,0.800000011920929,0.800000011920929,140602
0.8199999928474426,0.8600000143051147,0.7599999904632568,0.800000011920929,0.800000011920929,121946
0.7900000214576721,0.800000011920929,0.7599999904632568,0.7900000214576721,0.7900000214576721,55823
0.7900000214576721,0.8199999928474426,0.7400000095367432,0.8100000023841858,0.8100000023841858,89469
0.699999988079071,0.7900000214576721,0.6899999976158142,0.7599999904632568,0.7599999904632568,177200
29.36100006103516,29.36100006103516,29.36100006103516,29.36100006103516,29.36100006103516,0
0.7799999713897705,0.8399999737739563,0.7799999713897705,0.8199999928474426,0.8199999928474426,87203
0.7900000214576721,0.8199999928474426,0.7799999713897705,0.8100000023841858,0.8100000023841858,15571
0.800000011920929,0.800000011920929,0.7599999904632568,0.7699999809265137,0.7699999809265137,47236
0.7699999809265137,0.800000011920929,0.7400000095367432,0.800000011920929,0.800000011920929,26447
29.950000762939453,29.950000762939453,29.950000762939453,29.950000762939453,29.950000762939453,0
0.7799999713897705,0.7799999713897705,0.7300000190734863,0.7699999809265137,0.7699999809265137,19176
0.7699999809265137,0.7699999809265137,0.7400000095367432,0.7599999904632568,0.7599999904632568,17187
0.75,0.7599999904632568,0.7400000095367432,0.7599999904632568,0.7599999904632568,11759
0.7599999904632568,0.7900000214576721,0.7300000190734863,0.7900000214576721,0.7900000214576721,50853
29.104999542236328,29.104999542236328,29.104999542236328,29.104999542236328,29.104999542236328,0
0.7799999713897705,0.800000011920929,0.7799999713897705,0.7799999713897705,0.7799999713897705,13065
0.7799999713897705,0.9200000166893004,0.7799999713897705,0.8799999952316284,0.8799999952316284,250077
0.9200000166893004,1.0299999713897705,0.8700000047683716,0.9900000095367432,0.9900000095367432,333035
0.9900000095367432,1.1699999570846558,0.9700000286102296,1.0499999523162842,1.0499999523162842,471880
1.090000033378601,1.090000033378601,1.0199999809265137,1.0199999809265137,1.0199999809265137,91376
1.0199999809265137,1.059999942779541,0.9800000190734864,1.0299999713897705,1.0299999713897705,143912
1.0499999523162842,1.059999942779541,0.9800000190734864,0.9800000190734864,0.9800000190734864,55346
0.9700000286102296,1.0,0.949999988079071,1.0,1.0,35073
1.0,1.0099999904632568,0.949999988079071,1.0,1.0,15750
1.0,1.0,0.9200000166893004,0.9399999976158142,0.9399999976158142,68062
0.9100000262260436,0.9399999976158142,0.8600000143051147,0.9200000166893004,0.9200000166893004,25248
0.9100000262260436,0.949999988079071,0.7599999904632568,0.8199999928474426,0.8199999928474426,160304
0.8100000023841858,0.8500000238418579,0.800000011920929,0.8199999928474426,0.8199999928474426,77553
0.8500000238418579,0.8500000238418579,0.7799999713897705,0.8199999928474426,0.8199999928474426,98401
29.899999618530277,29.899999618530277,29.899999618530277,29.899999618530277,29.899999618530277,31
29.899999618530277,29.899999618530277,29.899999618530277,29.899999618530277,29.899999618530277,0
28.261999130249023,28.261999130249023,28.261999130249023,28.261999130249023,28.261999130249023,0
28.261999130249023,28.261999130249023,28.261999130249023,28.261999130249023,28.261999130249023,0
0.8199999928474426,0.8399999737739563,0.8100000023841858,0.8199999928474426,0.8199999928474426,23874
27.173999786376957,29.88999938964844,27.173999786376957,29.88999938964844,29.88999938964844,169
29.88999938964844,29.88999938964844,29.88999938964844,29.88999938964844,29.88999938964844,0
29.88999938964844,29.88999938964844,29.88999938964844,29.88999938964844,29.88999938964844,0
29.88999938964844,29.88999938964844,29.88999938964844,29.88999938964844,29.88999938964844,0
0.7900000214576721,0.7900000214576721,0.7900000214576721,0.7900000214576721,0.7900000214576721,0
29.88999938964844,29.88999938964844,29.88999938964844,29.88999938964844,29.88999938964844,0
29.88999938964844,29.88999938964844,29.88999938964844,29.88999938964844,29.88999938964844,0
29.88999938964844,29.88999938964844,29.88999938964844,29.88999938964844,29.88999938964844,0
29.88999938964844,29.88999938964844,29.88999938964844,29.88999938964844,29.88999938964844,0
0.7400000095367432,0.8899999856948853,0.7300000190734863,0.7799999713897705,0.7799999713897705,472807
29.88999938964844,29.88999938964844,29.88999938964844,29.88999938964844,29.88999938964844,0
0.7699999809265137,0.8199999928474426,0.75,0.7599999904632568,0.7599999904632568,453001
29.88999938964844,29.88999938964844,29.88999938964844,29.88999938964844,29.88999938964844,0
29.88999938964844,29.88999938964844,29.88999938964844,29.88999938964844,29.88999938964844,0
29.88999938964844,29.88999938964844,29.88999938964844,29.88999938964844,29.88999938964844,0
0.7799999713897705,0.7799999713897705,0.7400000095367432,0.7699999809265137,0.7699999809265137,23182
0.7400000095367432,0.7400000095367432,0.7300000190734863,0.7400000095367432,0.7400000095367432,81139
29.049999237060547,29.049999237060547,29.049999237060547,29.049999237060547,29.049999237060547,33
0.7300000190734863,0.75,0.7200000286102295,0.75,0.75,22075
29.049999237060547,29.049999237060547,29.049999237060547,29.049999237060547,29.049999237060547,0
29.049999237060547,29.049999237060547,29.049999237060547,29.049999237060547,29.049999237060547,0
0.7599999904632568,0.7699999809265137,0.75,0.7599999904632568,0.7599999904632568,24099
29.049999237060547,29.049999237060547,29.049999237060547,29.049999237060547,29.049999237060547,0
0.75,0.7599999904632568,0.7200000286102295,0.7300000190734863,0.7300000190734863,57124
0.7300000190734863,0.7400000095367432,0.7300000190734863,0.7400000095367432,0.7400000095367432,18370
29.049999237060547,29.049999237060547,29.049999237060547,29.049999237060547,29.049999237060547,0
29.049999237060547,29.049999237060547,29.049999237060547,29.049999237060547,29.049999237060547,0
0.7400000095367432,0.7799999713897705,0.7300000190734863,0.7300000190734863,0.7300000190734863,41123
29.049999237060547,29.049999237060547,29.049999237060547,29.049999237060547,29.049999237060547,0
0.800000011920929,0.8299999833106995,0.7799999713897705,0.8199999928474426,0.8199999928474426,86994
0.8100000023841858,0.8299999833106995,0.800000011920929,0.8199999928474426,0.8199999928474426,36793
0.8199999928474426,0.8199999928474426,0.7400000095367432,0.7699999809265137,0.7699999809265137,81633
0.7699999809265137,0.7799999713897705,0.75,0.7699999809265137,0.7699999809265137,48457
0.7699999809265137,0.7699999809265137,0.7400000095367432,0.7400000095367432,0.7400000095367432,45245
0.75,0.7699999809265137,0.7300000190734863,0.7699999809265137,0.7699999809265137,22828
0.7699999809265137,0.7900000214576721,0.7599999904632568,0.7699999809265137,0.7699999809265137,22131
0.7699999809265137,0.7900000214576721,0.7400000095367432,0.7599999904632568,0.7599999904632568,32864
0.7599999904632568,0.7599999904632568,0.7400000095367432,0.75,0.75,13402
29.049999237060547,29.049999237060547,29.049999237060547,29.049999237060547,29.049999237060547,0
0.7400000095367432,0.7599999904632568,0.7400000095367432,0.7599999904632568,0.7599999904632568,33287
0.7599999904632568,0.7599999904632568,0.7300000190734863,0.7400000095367432,0.7400000095367432,21676
0.7400000095367432,0.7599999904632568,0.7400000095367432,0.7599999904632568,0.7599999904632568,18245
0.7599999904632568,0.8100000023841858,0.75,0.7799999713897705,0.7799999713897705,110943
0.7699999809265137,0.7699999809265137,0.7400000095367432,0.7599999904632568,0.7599999904632568,59664
0.7599999904632568,0.7599999904632568,0.7300000190734863,0.75,0.75,19410
0.75,0.75,0.7300000190734863,0.7300000190734863,0.7300000190734863,9549
0.7300000190734863,0.7599999904632568,0.7099999785423279,0.7300000190734863,0.7300000190734863,126279
0.7200000286102295,0.75,0.699999988079071,0.75,0.75,71121
0.7400000095367432,0.7400000095367432,0.7200000286102295,0.7400000095367432,0.7400000095367432,70355
0.7200000286102295,0.7599999904632568,0.7200000286102295,0.7599999904632568,0.7599999904632568,80940
0.7300000190734863,0.75,0.7200000286102295,0.7400000095367432,0.7400000095367432,74896
0.7200000286102295,0.7400000095367432,0.7200000286102295,0.7400000095367432,0.7400000095367432,51196
0.7400000095367432,0.8600000143051147,0.699999988079071,0.8299999833106995,0.8299999833106995,621591
0.8199999928474426,0.8199999928474426,0.7599999904632568,0.7699999809265137,0.7699999809265137,215480
0.7900000214576721,0.800000011920929,0.699999988079071,0.7400000095367432,0.7400000095367432,370169
0.7400000095367432,0.7400000095367432,0.6499999761581421,0.7099999785423279,0.7099999785423279,289857
0.699999988079071,0.7300000190734863,0.6899999976158142,0.699999988079071,0.699999988079071,48824
0.699999988079071,0.7200000286102295,0.699999988079071,0.7099999785423279,0.7099999785423279,23377
0.7099999785423279,0.7300000190734863,0.699999988079071,0.7300000190734863,0.7300000190734863,27906
0.7300000190734863,0.7300000190734863,0.7300000190734863,0.7300000190734863,0.7300000190734863,0
0.7300000190734863,0.7699999809265137,0.699999988079071,0.75,0.75,66701
0.75,0.7599999904632568,0.7099999785423279,0.7400000095367432,0.7400000095367432,30015
0.7099999785423279,0.7400000095367432,0.7099999785423279,0.7099999785423279,0.7099999785423279,40347
0.7400000095367432,0.7400000095367432,0.6800000071525574,0.7300000190734863,0.7300000190734863,29072
0.7300000190734863,0.7300000190734863,0.6899999976158142,0.7200000286102295,0.7200000286102295,23192
0.7099999785423279,0.7200000286102295,0.699999988079071,0.7099999785423279,0.7099999785423279,43022
0.7099999785423279,0.7300000190734863,0.699999988079071,0.7099999785423279,0.7099999785423279,46972
15.600000381469728,15.600000381469728,15.600000381469728,15.600000381469728,15.600000381469728,0
0.7099999785423279,0.7200000286102295,0.699999988079071,0.7200000286102295,0.7200000286102295,2632
15.600000381469728,15.600000381469728,15.600000381469728,15.600000381469728,15.600000381469728,0
15.600000381469728,15.600000381469728,15.600000381469728,15.600000381469728,15.600000381469728,0
11.5,11.5,11.5,11.5,11.5,56
11.5,11.5,11.5,11.5,11.5,0
11.5,11.5,11.5,11.5,11.5,0
11.5,11.5,11.5,11.5,11.5,0
11.5,11.5,11.5,11.5,11.5,0
11.5,11.5,11.5,11.5,11.5,0
0.6700000166893005,0.6899999976158142,0.6499999761581421,0.6499999761581421,0.6499999761581421,13933
11.5,11.5,11.5,11.5,11.5,0
11.5,11.5,11.5,11.5,11.5,0
11.5,11.5,11.5,11.5,11.5,0
11.5,11.5,11.5,11.5,11.5,0
11.5,11.5,11.5,11.5,11.5,0
0.6600000262260437,0.6899999976158142,0.6499999761581421,0.6899999976158142,0.6899999976158142,10107
0.6899999976158142,0.699999988079071,0.6299999952316284,0.6299999952316284,0.6299999952316284,72771
0.6499999761581421,0.6600000262260437,0.6200000047683716,0.6299999952316284,0.6299999952316284,24759
11.5,11.5,11.5,11.5,11.5,0
0.6299999952316284,0.6600000262260437,0.6200000047683716,0.6600000262260437,0.6600000262260437,24271
0.6299999952316284,0.6600000262260437,0.6000000238418579,0.6200000047683716,0.6200000047683716,102756
11.5,11.5,11.5,11.5,11.5,0
11.5,11.5,11.5,11.5,11.5,0
0.6000000238418579,0.6200000047683716,0.6000000238418579,0.6100000143051147,0.6100000143051147,10604
0.6100000143051147,0.6100000143051147,0.5799999833106995,0.5899999737739563,0.5899999737739563,51255
12.0,12.0,12.0,12.0,12.0,0
12.0,12.0,12.0,12.0,12.0,0
12.0,12.0,12.0,12.0,12.0,0
12.0,12.0,12.0,12.0,12.0,0
12.0,12.0,12.0,12.0,12.0,0
0.5799999833106995,0.5799999833106995,0.550000011920929,0.5600000023841858,0.5600000023841858,140355
0.5699999928474426,0.5799999833106995,0.550000011920929,0.5699999928474426,0.5699999928474426,43731
0.5699999928474426,0.5899999737739563,0.550000011920929,0.5899999737739563,0.5899999737739563,7630
13.149999618530272,13.149999618530272,13.149999618530272,13.149999618530272,13.149999618530272,0
0.6200000047683716,0.6200000047683716,0.5899999737739563,0.6200000047683716,0.6200000047683716,5250
0.6200000047683716,0.6200000047683716,0.5899999737739563,0.5899999737739563,0.5899999737739563,6917
0.5899999737739563,0.5899999737739563,0.5899999737739563,0.5899999737739563,0.5899999737739563,0
0.5899999737739563,0.6000000238418579,0.5799999833106995,0.6000000238418579,0.6000000238418579,12268
0.6000000238418579,0.6000000238418579,0.5899999737739563,0.5899999737739563,0.5899999737739563,8330
0.5799999833106995,0.6000000238418579,0.5699999928474426,0.6000000238418579,0.6000000238418579,26065
0.6000000238418579,0.6000000238418579,0.5699999928474426,0.6000000238418579,0.6000000238418579,11792
0.6000000238418579,0.6000000238418579,0.6000000238418579,0.6000000238418579,0.6000000238418579,100
0.5799999833106995,0.6000000238418579,0.5699999928474426,0.5899999737739563,0.5899999737739563,30029
0.5899999737739563,0.6000000238418579,0.5799999833106995,0.5899999737739563,0.5899999737739563,3172
0.5899999737739563,0.6000000238418579,0.5899999737739563,0.6000000238418579,0.6000000238418579,3544
0.6000000238418579,0.6100000143051147,0.5699999928474426,0.6100000143051147,0.6100000143051147,59478
0.6200000047683716,0.6899999976158142,0.6200000047683716,0.6600000262260437,0.6600000262260437,173982
0.6499999761581421,0.6600000262260437,0.6299999952316284,0.6299999952316284,0.6299999952316284,26999
0.6299999952316284,0.6499999761581421,0.6200000047683716,0.6499999761581421,0.6499999761581421,28845
0.6399999856948853,0.6499999761581421,0.6100000143051147,0.6100000143051147,0.6100000143051147,44809
0.6000000238418579,0.6299999952316284,0.5899999737739563,0.6299999952316284,0.6299999952316284,35870
18.674999237060547,18.674999237060547,18.674999237060547,18.674999237060547,18.674999237060547,0
0.6399999856948853,0.6399999856948853,0.5899999737739563,0.6200000047683716,0.6200000047683716,34288
0.6200000047683716,0.6200000047683716,0.6100000143051147,0.6200000047683716,0.6200000047683716,7429
0.6200000047683716,0.6200000047683716,0.5899999737739563,0.6000000238418579,0.6000000238418579,19811
0.6000000238418579,0.6100000143051147,0.5799999833106995,0.6000000238418579,0.6000000238418579,65800
0.6000000238418579,0.6200000047683716,0.5799999833106995,0.5899999737739563,0.5899999737739563,5021
0.5899999737739563,0.6100000143051147,0.5799999833106995,0.6100000143051147,0.6100000143051147,14268
0.6100000143051147,0.6399999856948853,0.5699999928474426,0.6200000047683716,0.6200000047683716,76163
0.6100000143051147,0.6800000071525574,0.6000000238418579,0.6499999761581421,0.6499999761581421,158658
0.6499999761581421,0.6499999761581421,0.6200000047683716,0.6399999856948853,0.6399999856948853,4791
0.6399999856948853,0.6600000262260437,0.6200000047683716,0.6399999856948853,0.6399999856948853,26768
0.6399999856948853,0.6399999856948853,0.6399999856948853,0.6399999856948853,0.6399999856948853,50
0.6100000143051147,0.6200000047683716,0.5899999737739563,0.6000000238418579,0.6000000238418579,70752
0.5899999737739563,0.6000000238418579,0.5699999928474426,0.6000000238418579,0.6000000238418579,57474
0.5799999833106995,0.6000000238418579,0.5799999833106995,0.6000000238418579,0.6000000238418579,34203
19.25,19.25,19.25,19.25,19.25,0
19.25,19.25,19.25,19.25,19.25,0
0.6100000143051147,0.6100000143051147,0.5799999833106995,0.5899999737739563,0.5899999737739563,31934
19.25,19.25,19.25,19.25,19.25,0
19.25,19.25,19.25,19.25,19.25,0
19.25,19.25,19.25,19.25,19.25,0
19.25,19.25,19.25,19.25,19.25,0
19.25,19.25,19.25,19.25,19.25,0
19.25,19.25,19.25,19.25,19.25,0
19.25,19.25,19.25,19.25,19.25,0
0.6200000047683716,0.6600000262260437,0.6100000143051147,0.6100000143051147,0.6100000143051147,75641
0.6100000143051147,0.6299999952316284,0.6100000143051147,0.6299999952316284,0.6299999952316284,6267
19.25,19.25,19.25,19.25,19.25,0
0.6299999952316284,0.6299999952316284,0.6000000238418579,0.6299999952316284,0.6299999952316284,41681
0.6299999952316284,0.6299999952316284,0.6000000238418579,0.6299999952316284,0.6299999952316284,19336
0.6200000047683716,0.6299999952316284,0.5899999737739563,0.6000000238418579,0.6000000238418579,106475
0.6000000238418579,0.6000000238418579,0.5799999833106995,0.6000000238418579,0.6000000238418579,58942
18.881000518798828,18.881000518798828,18.881000518798828,18.881000518798828,18.881000518798828,0
0.6000000238418579,0.6000000238418579,0.5799999833106995,0.6000000238418579,0.6000000238418579,16054
0.5899999737739563,0.6100000143051147,0.5899999737739563,0.6100000143051147,0.6100000143051147,21710
0.6100000143051147,0.6100000143051147,0.5899999737739563,0.6100000143051147,0.6100000143051147,21456
0.6100000143051147,0.6100000143051147,0.5899999737739563,0.6100000143051147,0.6100000143051147,9444
0.6100000143051147,0.6100000143051147,0.5899999737739563,0.6000000238418579,0.6000000238418579,5720
0.6000000238418579,0.6000000238418579,0.5799999833106995,0.5899999737739563,0.5899999737739563,18855
0.5899999737739563,0.6299999952316284,0.5899999737739563,0.6200000047683716,0.6200000047683716,39242
0.6200000047683716,0.6200000047683716,0.5799999833106995,0.6000000238418579,0.6000000238418579,21515
0.6000000238418579,0.6100000143051147,0.5899999737739563,0.6100000143051147,0.6100000143051147,10375
0.6100000143051147,0.6100000143051147,0.5699999928474426,0.5799999833106995,0.5799999833106995,17800
0.5899999737739563,0.6000000238418579,0.5600000023841858,0.6000000238418579,0.6000000238418579,94185
0.6000000238418579,0.6000000238418579,0.5699999928474426,0.5799999833106995,0.5799999833106995,26701
0.5699999928474426,0.6000000238418579,0.5699999928474426,0.6000000238418579,0.6000000238418579,1759
0.6000000238418579,0.6000000238418579,0.5699999928474426,0.5899999737739563,0.5899999737739563,13372
19.21500015258789,19.21500015258789,19.21500015258789,19.21500015258789,19.21500015258789,0
19.21500015258789,19.21500015258789,19.21500015258789,19.21500015258789,19.21500015258789,0
19.21500015258789,19.21500015258789,19.21500015258789,19.21500015258789,19.21500015258789,0
0.6499999761581421,0.6499999761581421,0.6100000143051147,0.6399999856948853,0.6399999856948853,157144
19.21500015258789,19.21500015258789,19.21500015258789,19.21500015258789,19.21500015258789,0
0.6100000143051147,0.6499999761581421,0.6000000238418579,0.6399999856948853,0.6399999856948853,68338
19.21500015258789,19.21500015258789,19.21500015258789,19.21500015258789,19.21500015258789,0
0.6399999856948853,0.6499999761581421,0.6200000047683716,0.6399999856948853,0.6399999856948853,28820
0.6399999856948853,0.6700000166893005,0.6299999952316284,0.6299999952316284,0.6299999952316284,77907
0.6299999952316284,0.6700000166893005,0.6299999952316284,0.6700000166893005,0.6700000166893005,32973
0.6700000166893005,0.6700000166893005,0.6100000143051147,0.6499999761581421,0.6499999761581421,58494
19.21500015258789,19.21500015258789,19.21500015258789,19.21500015258789,19.21500015258789,0
0.6200000047683716,0.6299999952316284,0.6000000238418579,0.6200000047683716,0.6200000047683716,50461
0.6200000047683716,0.6299999952316284,0.6000000238418579,0.6299999952316284,0.6299999952316284,18403
0.6299999952316284,0.6299999952316284,0.5899999737739563,0.6000000238418579,0.6000000238418579,58465
19.21500015258789,19.21500015258789,19.21500015258789,19.21500015258789,19.21500015258789,0
0.6000000238418579,0.6000000238418579,0.6000000238418579,0.6000000238418579,0.6000000238418579,0
0.6000000238418579,0.6000000238418579,0.5799999833106995,0.6000000238418579,0.6000000238418579,9369
0.6000000238418579,0.6000000238418579,0.6000000238418579,0.6000000238418579,0.6000000238418579,0
0.5799999833106995,0.5899999737739563,0.5699999928474426,0.5799999833106995,0.5799999833106995,40205
20.364999771118164,20.364999771118164,20.364999771118164,20.364999771118164,20.364999771118164,0
20.364999771118164,20.364999771118164,20.364999771118164,20.364999771118164,20.364999771118164,0
0.5699999928474426,0.5799999833106995,0.5699999928474426,0.5699999928474426,0.5699999928474426,41179
0.5799999833106995,0.5899999737739563,0.5699999928474426,0.5699999928474426,0.5699999928474426,10610
0.5799999833106995,0.5899999737739563,0.5799999833106995,0.5799999833106995,0.5799999833106995,13672
0.5899999737739563,0.5899999737739563,0.5699999928474426,0.5699999928474426,0.5699999928474426,5510
20.364999771118164,20.364999771118164,20.364999771118164,20.364999771118164,20.364999771118164,0
20.364999771118164,20.364999771118164,20.364999771118164,20.364999771118164,20.364999771118164,0
20.364999771118164,20.364999771118164,20.364999771118164,20.364999771118164,20.364999771118164,0
0.5400000214576721,0.5600000023841858,0.5400000214576721,0.5600000023841858,0.5600000023841858,21020
0.5600000023841858,0.5600000023841858,0.5199999809265137,0.5400000214576721,0.5400000214576721,63517
0.5400000214576721,0.550000011920929,0.5299999713897705,0.550000011920929,0.550000011920929,12070
20.364999771118164,20.364999771118164,20.364999771118164,20.364999771118164,20.364999771118164,0
0.5400000214576721,0.550000011920929,0.5299999713897705,0.5400000214576721,0.5400000214576721,13469
0.5400000214576721,0.550000011920929,0.5299999713897705,0.550000011920929,0.550000011920929,12300
0.550000011920929,0.550000011920929,0.550000011920929,0.550000011920929,0.550000011920929,1000
20.364999771118164,20.364999771118164,20.364999771118164,20.364999771118164,20.364999771118164,0
0.5099999904632568,0.5199999809265137,0.5099999904632568,0.5199999809265137,0.5199999809265137,4234
20.364999771118164,20.364999771118164,20.364999771118164,20.364999771118164,20.364999771118164,0
0.5299999713897705,0.550000011920929,0.5299999713897705,0.5400000214576721,0.5400000214576721,7774
0.5400000214576721,0.5400000214576721,0.5299999713897705,0.5299999713897705,0.5299999713897705,384
0.5199999809265137,0.5299999713897705,0.5,0.5299999713897705,0.5299999713897705,20700
0.5299999713897705,0.5299999713897705,0.5099999904632568,0.5099999904632568,0.5099999904632568,5085
0.5099999904632568,0.5099999904632568,0.5,0.5,0.5,9500
0.5,0.5199999809265137,0.5,0.5099999904632568,0.5099999904632568,15612
0.5099999904632568,0.5099999904632568,0.5,0.5,0.5,13402
0.5,0.5099999904632568,0.5,0.5099999904632568,0.5099999904632568,30248
0.5099999904632568,0.5099999904632568,0.4699999988079071,0.4799999892711639,0.4799999892711639,40730
0.4799999892711639,0.4799999892711639,0.4799999892711639,0.4799999892711639,0.4799999892711639,0
0.4900000095367431,0.5,0.4699999988079071,0.5,0.5,39301
0.5,0.5,0.4900000095367431,0.4900000095367431,0.4900000095367431,1200
21.51499938964844,21.51499938964844,21.51499938964844,21.51499938964844,21.51499938964844,0
21.51499938964844,21.51499938964844,21.51499938964844,21.51499938964844,21.51499938964844,0
0.4699999988079071,0.4799999892711639,0.4699999988079071,0.4799999892711639,0.4799999892711639,8962
0.4799999892711639,0.4900000095367431,0.4699999988079071,0.4699999988079071,0.4699999988079071,6373
0.4699999988079071,0.4799999892711639,0.4300000071525574,0.449999988079071,0.449999988079071,38072
0.449999988079071,0.449999988079071,0.4000000059604645,0.4399999976158142,0.4399999976158142,129260
0.449999988079071,0.4799999892711639,0.449999988079071,0.4600000083446502,0.4600000083446502,31730
21.51499938964844,21.51499938964844,21.51499938964844,21.51499938964844,21.51499938964844,0
0.4699999988079071,0.550000011920929,0.4699999988079071,0.550000011920929,0.550000011920929,227745
21.51499938964844,21.51499938964844,21.51499938964844,21.51499938964844,21.51499938964844,0
0.5,0.5199999809265137,0.5,0.5099999904632568,0.5099999904632568,20870
0.5099999904632568,0.5099999904632568,0.5099999904632568,0.5099999904632568,0.5099999904632568,100
0.5099999904632568,0.5099999904632568,0.4799999892711639,0.5099999904632568,0.5099999904632568,8631
0.5099999904632568,0.5099999904632568,0.4399999976158142,0.4799999892711639,0.4799999892711639,69230
0.4799999892711639,0.4799999892711639,0.4399999976158142,0.449999988079071,0.449999988079071,35315
0.449999988079071,0.4799999892711639,0.449999988079071,0.4699999988079071,0.4699999988079071,59133
0.449999988079071,0.4600000083446502,0.4199999868869781,0.4600000083446502,0.4600000083446502,148757
0.449999988079071,0.449999988079071,0.449999988079071,0.449999988079071,0.449999988079071,1100
0.449999988079071,0.4799999892711639,0.449999988079071,0.4600000083446502,0.4600000083446502,62686
0.4600000083446502,0.4600000083446502,0.4600000083446502,0.4600000083446502,0.4600000083446502,276
0.4600000083446502,0.4699999988079071,0.4000000059604645,0.4600000083446502,0.4600000083446502,76300
0.4600000083446502,0.4699999988079071,0.449999988079071,0.449999988079071,0.449999988079071,7600
0.4699999988079071,0.5199999809265137,0.4699999988079071,0.5,0.5,42878
0.4600000083446502,0.4799999892711639,0.449999988079071,0.4799999892711639,0.4799999892711639,8235
0.4799999892711639,0.4900000095367431,0.4699999988079071,0.4900000095367431,0.4900000095367431,15930
0.4900000095367431,0.4900000095367431,0.4600000083446502,0.4900000095367431,0.4900000095367431,14100
0.4699999988079071,0.4799999892711639,0.449999988079071,0.449999988079071,0.449999988079071,15700
0.449999988079071,0.4799999892711639,0.4300000071525574,0.4600000083446502,0.4600000083446502,30612
0.449999988079071,0.4900000095367431,0.4399999976158142,0.449999988079071,0.449999988079071,26001
0.4399999976158142,0.4799999892711639,0.4399999976158142,0.449999988079071,0.449999988079071,19052
0.4600000083446502,0.4699999988079071,0.449999988079071,0.4600000083446502,0.4600000083446502,33491
0.449999988079071,0.4600000083446502,0.4399999976158142,0.449999988079071,0.449999988079071,10542
0.449999988079071,0.4600000083446502,0.449999988079071,0.449999988079071,0.449999988079071,12198
21.51499938964844,21.51499938964844,21.51499938964844,21.51499938964844,21.51499938964844,0
0.4399999976158142,0.4600000083446502,0.4300000071525574,0.4300000071525574,0.4300000071525574,23456
21.51499938964844,21.51499938964844,21.51499938964844,21.51499938964844,21.51499938964844,0
21.51499938964844,21.51499938964844,21.51499938964844,21.51499938964844,21.51499938964844,0
21.51499938964844,21.51499938964844,21.51499938964844,21.51499938964844,21.51499938964844,0
21.51499938964844,21.51499938964844,21.51499938964844,21.51499938964844,21.51499938964844,0
21.51499938964844,21.51499938964844,21.51499938964844,21.51499938964844,21.51499938964844,0
0.4900000095367431,0.5600000023841858,0.4699999988079071,0.4900000095367431,0.4900000095367431,275858
0.4799999892711639,0.4900000095367431,0.4600000083446502,0.4900000095367431,0.4900000095367431,61061
0.4799999892711639,0.4799999892711639,0.449999988079071,0.4799999892711639,0.4799999892711639,12392
0.4699999988079071,0.4699999988079071,0.4399999976158142,0.4600000083446502,0.4600000083446502,16704
21.51499938964844,21.51499938964844,21.51499938964844,21.51499938964844,21.51499938964844,0
0.4600000083446502,0.4600000083446502,0.4199999868869781,0.4399999976158142,0.4399999976158142,36281
0.449999988079071,0.4600000083446502,0.4199999868869781,0.4399999976158142,0.4399999976158142,36136
21.51499938964844,21.51499938964844,21.51499938964844,21.51499938964844,21.51499938964844,0
0.4300000071525574,0.4399999976158142,0.4000000059604645,0.4399999976158142,0.4399999976158142,50201
21.51499938964844,21.51499938964844,21.51499938964844,21.51499938964844,21.51499938964844,0
0.4199999868869781,0.4399999976158142,0.4199999868869781,0.4199999868869781,0.4199999868869781,4048
0.4199999868869781,0.4399999976158142,0.4099999964237213,0.4399999976158142,0.4399999976158142,6989
0.4399999976158142,0.449999988079071,0.4300000071525574,0.449999988079071,0.449999988079071,13966
0.449999988079071,0.449999988079071,0.4199999868869781,0.449999988079071,0.449999988079071,51793
0.4399999976158142,0.4399999976158142,0.4199999868869781,0.4199999868869781,0.4199999868869781,17894
0.4199999868869781,0.4399999976158142,0.4199999868869781,0.4399999976158142,0.4399999976158142,4633
0.4399999976158142,0.4399999976158142,0.4199999868869781,0.4199999868869781,0.4199999868869781,6693
0.4199999868869781,0.4300000071525574,0.4099999964237213,0.4099999964237213,0.4099999964237213,17745
0.4099999964237213,0.4300000071525574,0.4000000059604645,0.4300000071525574,0.4300000071525574,22395
0.4300000071525574,0.4300000071525574,0.3899999856948852,0.4000000059604645,0.4000000059604645,85999
0.4099999964237213,0.4300000071525574,0.4000000059604645,0.4300000071525574,0.4300000071525574,85018
0.4300000071525574,0.4399999976158142,0.4300000071525574,0.4399999976158142,0.4399999976158142,2463
0.4300000071525574,0.4399999976158142,0.4300000071525574,0.4399999976158142,0.4399999976158142,10481
0.4399999976158142,0.4399999976158142,0.4199999868869781,0.4199999868869781,0.4199999868869781,6505
0.4199999868869781,0.4199999868869781,0.4000000059604645,0.4099999964237213,0.4099999964237213,20713
0.4099999964237213,0.4199999868869781,0.4099999964237213,0.4099999964237213,0.4099999964237213,7630
0.4099999964237213,0.4300000071525574,0.4099999964237213,0.4099999964237213,0.4099999964237213,13594
0.4099999964237213,0.4099999964237213,0.4000000059604645,0.4000000059604645,0.4000000059604645,7248
0.4000000059604645,0.4000000059604645,0.3899999856948852,0.4000000059604645,0.4000000059604645,88590
0.4000000059604645,0.4099999964237213,0.4000000059604645,0.4099999964237213,0.4099999964237213,134
0.4099999964237213,0.4199999868869781,0.4000000059604645,0.4199999868869781,0.4199999868869781,14120
0.4199999868869781,0.4199999868869781,0.4000000059604645,0.4199999868869781,0.4199999868869781,2066
0.4199999868869781,0.4199999868869781,0.4000000059604645,0.4199999868869781,0.4199999868869781,8457
0.4099999964237213,0.4099999964237213,0.3799999952316284,0.4000000059604645,0.4000000059604645,37093
0.4099999964237213,0.4099999964237213,0.4000000059604645,0.4099999964237213,0.4099999964237213,6410
0.4099999964237213,0.4300000071525574,0.4000000059604645,0.4000000059604645,0.4000000059604645,91960
0.4000000059604645,0.4199999868869781,0.4000000059604645,0.4199999868869781,0.4199999868869781,22351
0.4199999868869781,0.4199999868869781,0.4000000059604645,0.4199999868869781,0.4199999868869781,7681
0.4199999868869781,0.4199999868869781,0.4000000059604645,0.4000000059604645,0.4000000059604645,23145
0.4399999976158142,0.5199999809265137,0.4300000071525574,0.449999988079071,0.449999988079071,426227
0.449999988079071,0.4699999988079071,0.4300000071525574,0.449999988079071,0.449999988079071,58410
0.449999988079071,0.449999988079071,0.4199999868869781,0.4199999868869781,0.4199999868869781,30451
0.4199999868869781,0.449999988079071,0.4199999868869781,0.4399999976158142,0.4399999976158142,7682
0.4399999976158142,0.449999988079071,0.4199999868869781,0.4300000071525574,0.4300000071525574,19712
0.4300000071525574,0.4399999976158142,0.4199999868869781,0.4399999976158142,0.4399999976158142,25889
0.4399999976158142,0.4600000083446502,0.4199999868869781,0.449999988079071,0.449999988079071,44487
0.4399999976158142,0.449999988079071,0.4300000071525574,0.449999988079071,0.449999988079071,2177
0.4900000095367431,0.5299999713897705,0.4600000083446502,0.4799999892711639,0.4799999892711639,453923
0.4900000095367431,0.5099999904632568,0.4699999988079071,0.5,0.5,27475
0.4600000083446502,0.4900000095367431,0.4600000083446502,0.4699999988079071,0.4699999988079071,18490
0.5,0.5099999904632568,0.4900000095367431,0.5,0.5,51166
0.5,0.5,0.4600000083446502,0.4699999988079071,0.4699999988079071,17014
0.4600000083446502,0.5199999809265137,0.449999988079071,0.5199999809265137,0.5199999809265137,144013
0.5199999809265137,0.5699999928474426,0.5199999809265137,0.5400000214576721,0.5400000214576721,116128
0.5400000214576721,0.5400000214576721,0.5400000214576721,0.5400000214576721,0.5400000214576721,0
0.550000011920929,0.550000011920929,0.5,0.5199999809265137,0.5199999809265137,82344
0.5400000214576721,0.550000011920929,0.5099999904632568,0.5400000214576721,0.5400000214576721,42383
0.550000011920929,0.550000011920929,0.5099999904632568,0.5299999713897705,0.5299999713897705,26185
0.5299999713897705,0.5299999713897705,0.5099999904632568,0.5299999713897705,0.5299999713897705,10805
0.5400000214576721,0.5400000214576721,0.5,0.5199999809265137,0.5199999809265137,16837
0.5199999809265137,0.5299999713897705,0.4900000095367431,0.5199999809265137,0.5199999809265137,12414
0.5199999809265137,0.5199999809265137,0.4699999988079071,0.5,0.5,28455
0.5,0.5099999904632568,0.4799999892711639,0.5,0.5,10405
0.5,0.5,0.4699999988079071,0.4799999892711639,0.4799999892711639,22651
0.4600000083446502,0.4699999988079071,0.4099999964237213,0.4300000071525574,0.4300000071525574,90971
0.4399999976158142,0.5,0.4399999976158142,0.4699999988079071,0.4699999988079071,23055
0.449999988079071,0.5,0.449999988079071,0.5,0.5,10595
0.5,0.5,0.5,0.5,0.5,20
0.4900000095367431,0.5199999809265137,0.4600000083446502,0.5199999809265137,0.5199999809265137,37555
0.5099999904632568,0.5099999904632568,0.4699999988079071,0.4900000095367431,0.4900000095367431,10320
0.4699999988079071,0.4900000095367431,0.4699999988079071,0.4900000095367431,0.4900000095367431,5100
0.4900000095367431,0.5,0.4699999988079071,0.5,0.5,18294
0.5,0.5099999904632568,0.4799999892711639,0.5,0.5,8930
0.4699999988079071,0.4900000095367431,0.4600000083446502,0.4799999892711639,0.4799999892711639,17019
0.4699999988079071,0.4699999988079071,0.4699999988079071,0.4699999988079071,0.4699999988079071,50
0.4799999892711639,0.5,0.449999988079071,0.449999988079071,0.449999988079071,4730
0.449999988079071,0.4799999892711639,0.449999988079071,0.449999988079071,0.449999988079071,11752
0.4799999892711639,0.4799999892711639,0.4399999976158142,0.4699999988079071,0.4699999988079071,9388
0.4600000083446502,0.5,0.449999988079071,0.4900000095367431,0.4900000095367431,22152
0.4900000095367431,0.5,0.449999988079071,0.5,0.5,45673
0.4900000095367431,0.5,0.4699999988079071,0.4799999892711639,0.4799999892711639,10318
0.4799999892711639,0.4900000095367431,0.4699999988079071,0.4900000095367431,0.4900000095367431,11316
0.4900000095367431,0.4900000095367431,0.4900000095367431,0.4900000095367431,0.4900000095367431,100
0.4900000095367431,0.4900000095367431,0.4600000083446502,0.4600000083446502,0.4600000083446502,13720
0.4600000083446502,0.5099999904632568,0.4600000083446502,0.5099999904632568,0.5099999904632568,41401
0.5,0.5,0.4699999988079071,0.4900000095367431,0.4900000095367431,36712
0.4900000095367431,0.4900000095367431,0.449999988079071,0.4799999892711639,0.4799999892711639,12812
0.4799999892711639,0.4799999892711639,0.4399999976158142,0.4600000083446502,0.4600000083446502,15140
0.4600000083446502,0.4600000083446502,0.4199999868869781,0.4399999976158142,0.4399999976158142,9999
0.4399999976158142,0.4399999976158142,0.4199999868869781,0.4300000071525574,0.4300000071525574,21411
0.4199999868869781,0.4300000071525574,0.4099999964237213,0.4300000071525574,0.4300000071525574,48006
0.4300000071525574,0.4300000071525574,0.4300000071525574,0.4300000071525574,0.4300000071525574,0
0.4300000071525574,0.4399999976158142,0.4099999964237213,0.4300000071525574,0.4300000071525574,39042
0.4300000071525574,0.4399999976158142,0.4199999868869781,0.4199999868869781,0.4199999868869781,21107
0.4300000071525574,0.4300000071525574,0.4099999964237213,0.4300000071525574,0.4300000071525574,32654
0.4300000071525574,0.4300000071525574,0.4300000071525574,0.4300000071525574,0.4300000071525574,0
0.4300000071525574,0.4699999988079071,0.4199999868869781,0.4300000071525574,0.4300000071525574,23402
0.4300000071525574,0.449999988079071,0.4199999868869781,0.449999988079071,0.449999988079071,9154
0.4600000083446502,0.4600000083446502,0.4199999868869781,0.4199999868869781,0.4199999868869781,6267
0.449999988079071,0.4600000083446502,0.449999988079071,0.449999988079071,0.449999988079071,2835
0.449999988079071,0.449999988079071,0.449999988079071,0.449999988079071,0.449999988079071,100
0.4399999976158142,0.449999988079071,0.4399999976158142,0.449999988079071,0.449999988079071,14258
0.4300000071525574,0.4799999892711639,0.4199999868869781,0.4799999892711639,0.4799999892711639,9272
0.4699999988079071,0.4900000095367431,0.4699999988079071,0.4900000095367431,0.4900000095367431,12851
0.4799999892711639,0.5199999809265137,0.4799999892711639,0.5099999904632568,0.5099999904632568,28900
0.5099999904632568,0.5099999904632568,0.5,0.5099999904632568,0.5099999904632568,5240
0.5099999904632568,0.5099999904632568,0.4699999988079071,0.5,0.5,4550
0.5099999904632568,0.5199999809265137,0.449999988079071,0.449999988079071,0.449999988079071,41350
0.449999988079071,0.4900000095367431,0.449999988079071,0.4699999988079071,0.4699999988079071,12371
0.4699999988079071,0.4699999988079071,0.4600000083446502,0.4600000083446502,0.4600000083446502,6851
0.4600000083446502,0.4699999988079071,0.449999988079071,0.4699999988079071,0.4699999988079071,14576
0.4600000083446502,0.4699999988079071,0.4399999976158142,0.4699999988079071,0.4699999988079071,6338
0.4699999988079071,0.4699999988079071,0.4600000083446502,0.4699999988079071,0.4699999988079071,898
0.4699999988079071,0.4699999988079071,0.4699999988079071,0.4699999988079071,0.4699999988079071,50
0.4699999988079071,0.4699999988079071,0.4399999976158142,0.4399999976158142,0.4399999976158142,10050
9.649999618530272,9.760000228881836,9.649999618530272,9.760000228881836,9.760000228881836,600
9.760000228881836,9.760000228881836,9.760000228881836,9.760000228881836,9.760000228881836,0
9.6899995803833,9.720000267028809,9.6899995803833,9.720000267028809,9.720000267028809,200
9.720000267028809,9.720000267028809,9.720000267028809,9.720000267028809,9.720000267028809,0
9.84000015258789,9.850000381469728,9.84000015258789,9.850000381469728,9.850000381469728,900
9.850000381469728,9.850000381469728,9.850000381469728,9.850000381469728,9.850000381469728,0
9.850000381469728,9.850000381469728,9.850000381469728,9.850000381469728,9.850000381469728,0
9.850000381469728,9.850000381469728,9.850000381469728,9.850000381469728,9.850000381469728,0
9.850000381469728,9.850000381469728,9.850000381469728,9.850000381469728,9.850000381469728,800
9.699999809265137,9.699999809265137,9.65999984741211,9.65999984741211,9.65999984741211,25000
9.6850004196167,9.710000038146973,9.6850004196167,9.710000038146973,9.710000038146973,800
9.710000038146973,9.710000038146973,9.710000038146973,9.710000038146973,9.710000038146973,0
9.710000038146973,9.710000038146973,9.710000038146973,9.710000038146973,9.710000038146973,0
9.710000038146973,9.710000038146973,9.710000038146973,9.710000038146973,9.710000038146973,0
9.710000038146973,9.710000038146973,9.710000038146973,9.710000038146973,9.710000038146973,0
9.68000030517578,9.68000030517578,9.68000030517578,9.68000030517578,9.68000030517578,186900
9.68000030517578,9.68000030517578,9.68000030517578,9.68000030517578,9.68000030517578,0
9.68000030517578,9.68000030517578,9.68000030517578,9.68000030517578,9.68000030517578,0
9.65999984741211,9.65999984741211,9.630000114440918,9.649999618530272,9.649999618530272,450500
9.699999809265137,9.699999809265137,9.699999809265137,9.699999809265137,9.699999809265137,130000
9.699999809265137,9.699999809265137,9.699999809265137,9.699999809265137,9.699999809265137,0
9.734999656677246,9.75,9.734999656677246,9.734999656677246,9.734999656677246,4200
9.75,9.75,9.75,9.75,9.75,100
9.699999809265137,9.710000038146973,9.699999809265137,9.710000038146973,9.710000038146973,175600
9.710000038146973,9.710000038146973,9.710000038146973,9.710000038146973,9.710000038146973,100
9.75,9.75,9.720000267028809,9.75,9.75,2000
9.75,9.75,9.75,9.75,9.75,0
9.739999771118164,9.75,9.739999771118164,9.75,9.75,600
9.739999771118164,9.75,9.739999771118164,9.75,9.75,300
9.75,9.75,9.75,9.75,9.75,0
9.75,9.75,9.75,9.75,9.75,0
9.75,9.75,9.75,9.75,9.75,0
9.75,9.75,9.75,9.75,9.75,0
9.720000267028809,9.75,9.720000267028809,9.729999542236328,9.729999542236328,1102800
9.729999542236328,9.729999542236328,9.729999542236328,9.729999542236328,9.729999542236328,0
9.729999542236328,9.729999542236328,9.729999542236328,9.729999542236328,9.729999542236328,20000
9.729999542236328,9.739999771118164,9.720000267028809,9.739999771118164,9.739999771118164,286000
9.720000267028809,9.720000267028809,9.720000267028809,9.720000267028809,9.720000267028809,43800
9.720000267028809,9.720000267028809,9.720000267028809,9.720000267028809,9.720000267028809,0
9.720000267028809,9.720000267028809,9.720000267028809,9.720000267028809,9.720000267028809,0
9.720000267028809,9.720000267028809,9.720000267028809,9.720000267028809,9.720000267028809,0
9.739999771118164,9.739999771118164,9.739999771118164,9.739999771118164,9.739999771118164,250000
9.739999771118164,9.739999771118164,9.739999771118164,9.739999771118164,9.739999771118164,0
9.699999809265137,9.800000190734863,9.699999809265137,9.770000457763672,9.770000457763672,1100800
9.770000457763672,9.770000457763672,9.770000457763672,9.770000457763672,9.770000457763672,400
9.800000190734863,9.800000190734863,9.789999961853027,9.789999961853027,9.789999961853027,24000
9.789999961853027,9.789999961853027,9.789999961853027,9.789999961853027,9.789999961853027,0
9.699999809265137,9.789999961853027,9.699999809265137,9.789999961853027,9.789999961853027,300
9.789999961853027,9.789999961853027,9.789999961853027,9.789999961853027,9.789999961853027,0
9.789999961853027,9.789999961853027,9.789999961853027,9.789999961853027,9.789999961853027,0
9.789999961853027,9.789999961853027,9.789999961853027,9.789999961853027,9.789999961853027,0
9.789999961853027,9.789999961853027,9.789999961853027,9.789999961853027,9.789999961853027,0
9.789999961853027,9.789999961853027,9.789999961853027,9.789999961853027,9.789999961853027,0
9.760000228881836,9.760000228881836,9.760000228881836,9.760000228881836,9.760000228881836,100
9.760000228881836,9.760000228881836,9.760000228881836,9.760000228881836,9.760000228881836,100
9.760000228881836,9.760000228881836,9.760000228881836,9.760000228881836,9.760000228881836,0
9.760000228881836,9.760000228881836,9.760000228881836,9.760000228881836,9.760000228881836,0
9.789999961853027,9.800000190734863,9.789999961853027,9.800000190734863,9.800000190734863,36600
9.800000190734863,9.800000190734863,9.800000190734863,9.800000190734863,9.800000190734863,0
9.800000190734863,9.800000190734863,9.800000190734863,9.800000190734863,9.800000190734863,0
9.800000190734863,9.800000190734863,9.800000190734863,9.800000190734863,9.800000190734863,0
9.800000190734863,9.800000190734863,9.800000190734863,9.800000190734863,9.800000190734863,0
9.800000190734863,9.800000190734863,9.800000190734863,9.800000190734863,9.800000190734863,0
9.789999961853027,9.859999656677246,9.789999961853027,9.81999969482422,9.81999969482422,45100
9.81999969482422,9.81999969482422,9.81999969482422,9.81999969482422,9.81999969482422,100
9.800000190734863,9.800000190734863,9.800000190734863,9.800000190734863,9.800000190734863,19900
9.800000190734863,9.800000190734863,9.800000190734863,9.800000190734863,9.800000190734863,0
9.800000190734863,9.800000190734863,9.800000190734863,9.800000190734863,9.800000190734863,0
9.800000190734863,9.800000190734863,9.800000190734863,9.800000190734863,9.800000190734863,0
9.800000190734863,9.800000190734863,9.800000190734863,9.800000190734863,9.800000190734863,0
9.800000190734863,9.800000190734863,9.800000190734863,9.800000190734863,9.800000190734863,0
9.800000190734863,9.800000190734863,9.800000190734863,9.800000190734863,9.800000190734863,0
9.800000190734863,9.800000190734863,9.800000190734863,9.800000190734863,9.800000190734863,0
9.800000190734863,9.800000190734863,9.800000190734863,9.800000190734863,9.800000190734863,0
9.800000190734863,9.800000190734863,9.800000190734863,9.800000190734863,9.800000190734863,0
9.800000190734863,9.800000190734863,9.800000190734863,9.800000190734863,9.800000190734863,0
9.800000190734863,9.800000190734863,9.800000190734863,9.800000190734863,9.800000190734863,0
9.81999969482422,9.81999969482422,9.81999969482422,9.81999969482422,9.81999969482422,2000
9.81999969482422,9.81999969482422,9.81999969482422,9.81999969482422,9.81999969482422,0
9.899999618530272,9.949999809265137,9.829999923706056,9.949999809265137,9.949999809265137,22800
9.920000076293944,9.9399995803833,9.920000076293944,9.9399995803833,9.9399995803833,400400
9.9399995803833,9.9399995803833,9.9399995803833,9.9399995803833,9.9399995803833,0
9.93000030517578,9.9399995803833,9.93000030517578,9.93000030517578,9.93000030517578,22600
9.93000030517578,9.93000030517578,9.93000030517578,9.93000030517578,9.93000030517578,0
9.93000030517578,9.93000030517578,9.93000030517578,9.93000030517578,9.93000030517578,0
9.93000030517578,9.93000030517578,9.93000030517578,9.93000030517578,9.93000030517578,0
9.93000030517578,9.949999809265137,9.869999885559082,9.880000114440918,9.880000114440918,123400
9.914999961853027,9.920000076293944,9.914999961853027,9.920000076293944,9.920000076293944,400000
9.920000076293944,9.93000030517578,9.920000076293944,9.920000076293944,9.920000076293944,13600
9.989999771118164,9.989999771118164,9.920000076293944,9.920000076293944,9.920000076293944,200300
9.920000076293944,9.920000076293944,9.920000076293944,9.920000076293944,9.920000076293944,0
9.920000076293944,9.920000076293944,9.920000076293944,9.920000076293944,9.920000076293944,300000
9.920000076293944,9.920000076293944,9.920000076293944,9.920000076293944,9.920000076293944,100000
9.920000076293944,9.920000076293944,9.920000076293944,9.920000076293944,9.920000076293944,0
10.020000457763672,10.020000457763672,9.920000076293944,9.920000076293944,9.920000076293944,2300
10.119999885559082,10.119999885559082,9.989999771118164,10.0,10.0,1400
9.920000076293944,9.920000076293944,9.920000076293944,9.920000076293944,9.920000076293944,700
9.899999618530272,9.949999809265137,9.899999618530272,9.949999809265137,9.949999809265137,200
9.949999809265137,9.949999809265137,9.949999809265137,9.949999809265137,9.949999809265137,0
9.850000381469728,9.9350004196167,9.850000381469728,9.9350004196167,9.9350004196167,300
9.9350004196167,9.9350004196167,9.9350004196167,9.9350004196167,9.9350004196167,0
10.079999923706056,10.079999923706056,10.079999923706056,10.079999923706056,10.079999923706056,200
10.079999923706056,10.079999923706056,10.079999923706056,10.079999923706056,10.079999923706056,0
10.079999923706056,10.079999923706056,10.079999923706056,10.079999923706056,10.079999923706056,900
10.079999923706056,10.079999923706056,10.079999923706056,10.079999923706056,10.079999923706056,2800
10.079999923706056,10.079999923706056,10.079999923706056,10.079999923706056,10.079999923706056,800
10.079999923706056,10.079999923706056,10.079999923706056,10.079999923706056,10.079999923706056,0
10.079999923706056,10.079999923706056,10.079999923706056,10.079999923706056,10.079999923706056,200
10.079999923706056,10.079999923706056,10.079999923706056,10.079999923706056,10.079999923706056,0
10.050000190734863,10.09000015258789,10.050000190734863,10.09000015258789,10.09000015258789,700
9.984999656677246,9.984999656677246,9.979999542236328,9.979999542236328,9.979999542236328,202100
9.979999542236328,9.979999542236328,9.979999542236328,9.979999542236328,9.979999542236328,0
9.960000038146973,9.970000267028809,9.960000038146973,9.970000267028809,9.970000267028809,2100
9.960000038146973,9.960000038146973,9.960000038146973,9.960000038146973,9.960000038146973,116100
9.920000076293944,9.970000267028809,9.920000076293944,9.970000267028809,9.970000267028809,49700
9.979999542236328,9.979999542236328,9.979999542236328,9.979999542236328,9.979999542236328,1200
9.979999542236328,9.979999542236328,9.979999542236328,9.979999542236328,9.979999542236328,100
9.979999542236328,9.979999542236328,9.979999542236328,9.979999542236328,9.979999542236328,0
9.970000267028809,9.970000267028809,9.970000267028809,9.970000267028809,9.970000267028809,500
9.970000267028809,9.970000267028809,9.970000267028809,9.970000267028809,9.970000267028809,0
9.770000457763672,9.770000457763672,9.770000457763672,9.770000457763672,9.770000457763672,200
9.789999961853027,9.850000381469728,9.789999961853027,9.829999923706056,9.829999923706056,700400
9.940999984741213,9.940999984741213,9.890000343322754,9.890000343322754,9.890000343322754,1400
9.899999618530272,9.899999618530272,9.899999618530272,9.899999618530272,9.899999618530272,200
9.75,9.800000190734863,9.699999809265137,9.75,9.75,293600
9.600000381469728,9.600000381469728,9.600000381469728,9.600000381469728,9.600000381469728,600100
9.630000114440918,9.630000114440918,9.600000381469728,9.600000381469728,9.600000381469728,3700
9.715999603271484,9.715999603271484,9.715999603271484,9.715999603271484,9.715999603271484,300
9.715999603271484,9.715999603271484,9.715999603271484,9.715999603271484,9.715999603271484,0
9.715999603271484,9.715999603271484,9.715999603271484,9.715999603271484,9.715999603271484,50000
9.399999618530272,9.4399995803833,9.380000114440918,9.380000114440918,9.380000114440918,609200
9.380000114440918,9.380000114440918,9.380000114440918,9.380000114440918,9.380000114440918,0
9.380000114440918,9.380000114440918,9.380000114440918,9.380000114440918,9.380000114440918,0
9.43000030517578,9.5649995803833,9.43000030517578,9.5649995803833,9.5649995803833,4000
9.5649995803833,9.5649995803833,9.5649995803833,9.5649995803833,9.5649995803833,0
9.803000450134276,9.803000450134276,9.803000450134276,9.803000450134276,9.803000450134276,100
9.649999618530272,9.649999618530272,9.649999618530272,9.649999618530272,9.649999618530272,621900
9.649999618530272,9.649999618530272,9.649999618530272,9.649999618530272,9.649999618530272,0
