13.359999656677246,14.100000381469728,13.300000190734863,13.550000190734863,13.550000190734863,2259700
13.479999542236328,14.079999923706056,13.21500015258789,14.010000228881836,14.010000228881836,998200
14.0,14.25,13.800000190734863,14.039999961853027,14.039999961853027,844200
14.149999618530272,14.159000396728516,13.739999771118164,13.8100004196167,13.8100004196167,1156200
13.800000190734863,13.920000076293944,13.40999984741211,13.4399995803833,13.4399995803833,463400
13.539999961853027,13.8100004196167,13.539999961853027,13.739999771118164,13.739999771118164,511000
13.800000190734863,13.836999893188477,13.65999984741211,13.720000267028809,13.720000267028809,185900
13.829999923706056,13.909000396728516,13.649999618530272,13.8100004196167,13.8100004196167,120300
13.869999885559082,14.84000015258789,13.859999656677246,14.630000114440918,14.630000114440918,826900
14.720000267028809,15.100000381469728,14.5,14.84000015258789,14.84000015258789,398200
15.029999732971191,15.109999656677246,14.579999923706056,14.630000114440918,14.630000114440918,323300
14.649999618530272,14.725000381469728,14.119999885559082,14.229999542236328,14.229999542236328,243700
14.079999923706056,14.18000030517578,13.670000076293944,13.920000076293944,13.920000076293944,1095900
13.93000030517578,14.128999710083008,13.552000045776367,13.829999923706056,13.829999923706056,126600
13.8100004196167,13.90999984741211,13.550000190734863,13.90999984741211,13.90999984741211,171400
13.850000381469728,14.13700008392334,13.649999618530272,13.899999618530272,13.899999618530272,420100
13.880000114440918,13.949999809265137,13.710000038146973,13.899999618530272,13.899999618530272,139600
13.869999885559082,14.15999984741211,13.850000381469728,14.029999732971191,14.029999732971191,128700
14.029999732971191,14.149999618530272,13.746999740600586,13.920000076293944,13.920000076293944,196000
13.890000343322754,14.0,13.5600004196167,13.729999542236328,13.729999542236328,388400
13.770000457763672,14.170000076293944,13.539999961853027,13.630000114440918,13.630000114440918,110000
13.699999809265137,13.84000015258789,12.90999984741211,13.18000030517578,13.18000030517578,463800
12.850000381469728,13.369999885559082,12.81999969482422,13.270000457763672,13.270000457763672,152600
13.229999542236328,13.260000228881836,13.0,13.220000267028809,13.220000267028809,46200
13.289999961853027,13.350000381469728,13.010000228881836,13.270000457763672,13.270000457763672,115800
13.31999969482422,13.479999542236328,13.149999618530272,13.289999961853027,13.289999961853027,144900
13.31999969482422,13.470000267028809,13.199999809265137,13.300000190734863,13.300000190734863,52700
13.34000015258789,13.40999984741211,13.170000076293944,13.210000038146973,13.210000038146973,143500
13.15999984741211,13.300000190734863,13.09000015258789,13.149999618530272,13.149999618530272,282700
13.130000114440918,13.800000190734863,13.0,13.75,13.75,516100
14.0,14.31999969482422,13.510000228881836,14.06999969482422,14.06999969482422,448200
14.109999656677246,14.970000267028809,13.75,14.739999771118164,14.739999771118164,152300
14.829999923706056,14.9399995803833,14.399999618530272,14.789999961853027,14.789999961853027,455900
13.899999618530272,14.428000450134276,12.5,13.029999732971191,13.029999732971191,1114400
13.0,13.3100004196167,12.460000038146973,12.600000381469728,12.600000381469728,760100
12.789999961853027,13.06999969482422,12.550000190734863,12.920000076293944,12.920000076293944,404500
12.970000267028809,13.0600004196167,12.56999969482422,12.640000343322754,12.640000343322754,765000
12.6899995803833,12.868000030517578,12.31999969482422,12.579999923706056,12.579999923706056,229400
12.59000015258789,12.949999809265137,12.170000076293944,12.210000038146973,12.210000038146973,292100
12.1899995803833,12.329999923706056,12.050000190734863,12.3100004196167,12.3100004196167,162400
12.329999923706056,12.600000381469728,12.300000190734863,12.56999969482422,12.56999969482422,140700
12.649999618530272,13.0,12.470000267028809,12.970000267028809,12.970000267028809,240500
12.890000343322754,13.5,12.43000030517578,13.010000228881836,13.010000228881836,546400
12.739999771118164,13.390000343322754,12.710000038146973,13.369999885559082,13.369999885559082,773900
13.289999961853027,13.550000190734863,13.149999618530272,13.510000228881836,13.510000228881836,247600
13.520000457763672,13.539999961853027,12.729999542236328,13.119999885559082,13.119999885559082,269200
13.270000457763672,13.270000457763672,12.850000381469728,13.079999923706056,13.079999923706056,325400
13.100000381469728,13.40999984741211,12.989999771118164,13.239999771118164,13.239999771118164,676700
13.239999771118164,13.470000267028809,13.100000381469728,13.229999542236328,13.229999542236328,1666800
13.300000190734863,13.449999809265137,13.170000076293944,13.199999809265137,13.199999809265137,144600
13.15999984741211,13.20699977874756,12.989999771118164,13.010000228881836,13.010000228881836,124700
13.0,13.380000114440918,12.970000267028809,13.239999771118164,13.239999771118164,92500
13.15999984741211,13.220000267028809,13.0,13.09000015258789,13.09000015258789,105900
13.130000114440918,13.359999656677246,13.039999961853027,13.329999923706056,13.329999923706056,122800
13.420000076293944,13.420000076293944,12.880000114440918,13.020000457763672,13.020000457763672,101700
13.0,13.40999984741211,13.0,13.199999809265137,13.199999809265137,106000
13.100000381469728,13.100000381469728,12.899999618530272,13.0,13.0,93900
12.989999771118164,13.234999656677246,12.970000267028809,13.18000030517578,13.18000030517578,65200
13.199999809265137,13.220000267028809,12.93000030517578,12.989999771118164,12.989999771118164,83700
12.970000267028809,13.125,12.949999809265137,13.050000190734863,13.050000190734863,86700
13.0600004196167,13.390000343322754,13.0600004196167,13.31999969482422,13.31999969482422,210800
13.270000457763672,13.75,13.270000457763672,13.529999732971191,13.529999732971191,172700
13.529999732971191,13.90999984741211,13.489999771118164,13.779999732971191,13.779999732971191,147000
13.770000457763672,13.970000267028809,13.539999961853027,13.850000381469728,13.850000381469728,140300
13.779999732971191,14.130000114440918,13.710000038146973,14.119999885559082,14.119999885559082,191700
14.119999885559082,14.529999732971191,14.0,14.460000038146973,14.460000038146973,123300
14.300000190734863,14.460000038146973,13.710000038146973,13.880000114440918,13.880000114440918,198800
13.960000038146973,14.0600004196167,13.619999885559082,13.710000038146973,13.710000038146973,204800
13.729999542236328,13.942999839782717,13.619999885559082,13.800000190734863,13.800000190734863,146700
13.720000267028809,13.920000076293944,13.520000457763672,13.630000114440918,13.630000114440918,108300
13.579999923706056,13.81999969482422,13.56999969482422,13.609999656677246,13.609999656677246,192800
13.529999732971191,13.670000076293944,12.859999656677246,13.109999656677246,13.109999656677246,224000
13.140000343322754,13.279999732971191,12.979999542236328,13.119999885559082,13.119999885559082,211600
13.06999969482422,13.06999969482422,12.899999618530272,13.0,13.0,141500
12.949999809265137,13.0,12.68000030517578,12.81999969482422,12.81999969482422,221600
12.6899995803833,12.920000076293944,12.59000015258789,12.789999961853027,12.789999961853027,82600
12.859999656677246,12.949999809265137,12.614999771118164,12.779999732971191,12.779999732971191,77300
12.920000076293944,13.079999923706056,12.699999809265137,12.789999961853027,12.789999961853027,76900
12.8100004196167,13.880000114440918,12.800000190734863,13.859999656677246,13.859999656677246,317600
13.920000076293944,14.154999732971191,13.640000343322754,13.670000076293944,13.670000076293944,294900
13.550000190734863,13.720000267028809,13.460000038146973,13.59000015258789,13.59000015258789,72300
13.5600004196167,13.630000114440918,13.100000381469728,13.329999923706056,13.329999923706056,84500
13.5,13.520000457763672,13.260000228881836,13.510000228881836,13.510000228881836,39200
13.56999969482422,14.020000457763672,13.505999565124512,13.989999771118164,13.989999771118164,69200
14.039999961853027,14.039999961853027,13.029999732971191,13.100000381469728,13.100000381469728,307600
13.100000381469728,13.479999542236328,13.050000190734863,13.3100004196167,13.3100004196167,112200
13.289999961853027,13.510000228881836,13.039999961853027,13.050000190734863,13.050000190734863,107900
13.0,13.204999923706056,12.789999961853027,13.079999923706056,13.079999923706056,134700
13.079999923706056,13.079999923706056,12.710000038146973,12.729999542236328,12.729999542236328,74900
12.84000015258789,12.970000267028809,12.710000038146973,12.8100004196167,12.8100004196167,61600
12.710000038146973,12.890000343322754,12.710000038146973,12.789999961853027,12.789999961853027,88900
12.800000190734863,12.920000076293944,12.729999542236328,12.850000381469728,12.850000381469728,54800
12.829999923706056,12.869999885559082,12.6899995803833,12.760000228881836,12.760000228881836,111300
12.760000228881836,12.880000114440918,12.65999984741211,12.829999923706056,12.829999923706056,164500
12.699999809265137,13.298999786376951,12.699999809265137,13.210000038146973,13.210000038146973,178400
13.210000038146973,13.31999969482422,13.145000457763672,13.210000038146973,13.210000038146973,73900
13.15999984741211,13.414999961853027,12.970000267028809,13.010000228881836,13.010000228881836,88800
13.199999809265137,13.5,12.9399995803833,13.25,13.25,91500
13.119999885559082,13.43000030517578,12.970000267028809,13.380000114440918,13.380000114440918,66700
13.4399995803833,14.43000030517578,13.4399995803833,13.979999542236328,13.979999542236328,429900
14.43000030517578,14.43000030517578,12.81999969482422,12.890000343322754,12.890000343322754,259700
12.859999656677246,12.989999771118164,12.100000381469728,12.289999961853027,12.289999961853027,576000
12.420000076293944,13.029999732971191,12.3100004196167,12.84000015258789,12.84000015258789,254300
12.75,13.479999542236328,12.75,13.350000381469728,13.350000381469728,427300
13.350000381469728,14.630000114440918,13.329999923706056,14.470000267028809,14.470000267028809,519400
14.34000015258789,14.425000190734863,13.6899995803833,13.800000190734863,13.800000190734863,187300
13.84000015258789,13.899999618530272,13.350000381469728,13.399999618530272,13.399999618530272,266300
13.40999984741211,13.489999771118164,13.25,13.260000228881836,13.260000228881836,157400
13.279999732971191,13.390000343322754,12.9399995803833,12.989999771118164,12.989999771118164,122600
12.960000038146973,12.984999656677246,12.359999656677246,12.81999969482422,12.81999969482422,283000
12.850000381469728,13.0,12.56999969482422,12.960000038146973,12.960000038146973,171500
12.989999771118164,13.130000114440918,12.670000076293944,12.899999618530272,12.899999618530272,88700
12.890000343322754,13.0649995803833,12.635000228881836,13.029999732971191,13.029999732971191,89100
13.050000190734863,13.25,12.90999984741211,12.949999809265137,12.949999809265137,300000
12.90999984741211,13.56999969482422,12.90999984741211,13.260000228881836,13.260000228881836,316100
13.149999618530272,13.3100004196167,13.020000457763672,13.199999809265137,13.199999809265137,130200
13.1899995803833,13.300000190734863,13.149999618530272,13.279999732971191,13.279999732971191,67300
13.239999771118164,13.5,13.229999542236328,13.449999809265137,13.449999809265137,74300
13.550000190734863,13.699999809265137,13.229999542236328,13.68000030517578,13.68000030517578,122100
13.68000030517578,13.84000015258789,13.510000228881836,13.84000015258789,13.84000015258789,99100
13.890000343322754,13.890000343322754,13.5,13.550000190734863,13.550000190734863,56600
13.649999618530272,13.649999618530272,13.06999969482422,13.149999618530272,13.149999618530272,486100
13.149999618530272,13.18000030517578,12.310999870300291,12.399999618530272,12.399999618530272,388300
12.210000038146973,12.329999923706056,11.920000076293944,12.06999969482422,12.06999969482422,1452100
12.18000030517578,12.199999809265137,11.960000038146973,12.130000114440918,12.130000114440918,574200
12.06999969482422,12.4399995803833,12.020000457763672,12.25,12.25,396900
12.3100004196167,12.479999542236328,12.130000114440918,12.449999809265137,12.449999809265137,575000
13.100000381469728,13.100000381469728,12.104999542236328,12.43000030517578,12.43000030517578,343500
12.380000114440918,12.380000114440918,12.050000190734863,12.130000114440918,12.130000114440918,259100
12.130000114440918,12.199999809265137,11.763999938964844,12.079999923706056,12.079999923706056,430400
12.039999961853027,12.130000114440918,11.850000381469728,12.0600004196167,12.0600004196167,299500
12.079999923706056,12.119999885559082,11.850000381469728,11.890000343322754,11.890000343322754,235400
11.8100004196167,12.0,11.460000038146973,11.729999542236328,11.729999542236328,341900
11.65999984741211,12.020000457763672,11.65999984741211,11.960000038146973,11.960000038146973,730100
11.800000190734863,11.899999618530272,11.68000030517578,11.710000038146973,11.710000038146973,251100
11.729999542236328,11.890000343322754,11.579999923706056,11.649999618530272,11.649999618530272,350500
11.6899995803833,11.902000427246094,11.529999732971191,11.779999732971191,11.779999732971191,318800
11.75,11.760000228881836,11.119999885559082,11.399999618530272,11.399999618530272,697700
11.31999969482422,11.5,11.270000457763672,11.479999542236328,11.479999542236328,149000
11.470000267028809,11.699999809265137,11.229999542236328,11.649999618530272,11.649999618530272,192000
11.6899995803833,11.979999542236328,11.609999656677246,11.850000381469728,11.850000381469728,299200
11.949999809265137,12.109999656677246,11.805999755859377,12.010000228881836,12.010000228881836,591800
11.920000076293944,12.060999870300291,11.630000114440918,12.0,12.0,256400
11.989999771118164,12.020000457763672,11.829999923706056,12.010000228881836,12.010000228881836,259300
12.100000381469728,12.380000114440918,11.880000114440918,12.359999656677246,12.359999656677246,268400
12.229999542236328,12.380000114440918,11.93000030517578,12.3100004196167,12.3100004196167,201700
12.390000343322754,12.890000343322754,12.390000343322754,12.4399995803833,12.4399995803833,546600
12.600000381469728,12.600000381469728,12.199999809265137,12.529999732971191,12.529999732971191,292500
12.520000457763672,12.859999656677246,12.489999771118164,12.739999771118164,12.739999771118164,286100
12.619999885559082,12.850000381469728,12.399999618530272,12.710000038146973,12.710000038146973,235200
12.59000015258789,13.0,12.43000030517578,12.949999809265137,12.949999809265137,353700
12.960000038146973,13.0,12.789999961853027,12.920000076293944,12.920000076293944,160400
12.949999809265137,13.0,12.779999732971191,12.979999542236328,12.979999542236328,322400
13.0,13.010000228881836,12.789999961853027,12.949999809265137,12.949999809265137,249100
13.199999809265137,13.229999542236328,12.970000267028809,13.050000190734863,13.050000190734863,407800
13.15999984741211,13.75,13.119999885559082,13.75,13.75,421900
13.75,13.989999771118164,13.65999984741211,13.920000076293944,13.920000076293944,596000
13.979999542236328,14.729999542236328,13.859999656677246,14.619999885559082,14.619999885559082,1046400
14.640000343322754,14.779999732971191,13.949999809265137,14.039999961853027,14.039999961853027,492900
14.149999618530272,14.59000015258789,13.779999732971191,14.3100004196167,14.3100004196167,823000
13.465999603271484,14.390000343322754,12.90999984741211,13.489999771118164,13.489999771118164,948000
12.970000267028809,13.420000076293944,12.760000228881836,12.800000190734863,12.800000190734863,1423500
12.81999969482422,13.119000434875488,12.640000343322754,12.710000038146973,12.710000038146973,999100
12.649999618530272,12.75,12.43000030517578,12.670000076293944,12.670000076293944,452400
12.729999542236328,12.75,12.609999656677246,12.729999542236328,12.729999542236328,481500
12.729999542236328,12.75,12.5600004196167,12.6899995803833,12.6899995803833,508900
12.649999618530272,12.699999809265137,12.029999732971191,12.109999656677246,12.109999656677246,726300
12.15999984741211,12.300000190734863,12.109999656677246,12.170000076293944,12.170000076293944,716100
12.1899995803833,12.239999771118164,12.0600004196167,12.149999618530272,12.149999618530272,898200
12.1899995803833,12.265000343322754,12.020000457763672,12.119999885559082,12.119999885559082,838800
12.109999656677246,12.329999923706056,11.850000381469728,12.300000190734863,12.300000190734863,2733100
12.3100004196167,12.949999809265137,12.300000190734863,12.529999732971191,12.529999732971191,1448700
12.359999656677246,12.449999809265137,12.079999923706056,12.4399995803833,12.4399995803833,1379400
12.4399995803833,12.449999809265137,12.100000381469728,12.369999885559082,12.369999885559082,521100
12.359999656677246,12.470000267028809,12.300000190734863,12.470000267028809,12.470000267028809,362400
12.43000030517578,12.75,12.109999656677246,12.369999885559082,12.369999885559082,475400
12.220000267028809,12.33899974822998,11.899999618530272,11.989999771118164,11.989999771118164,508200
11.920000076293944,12.149999618530272,11.920000076293944,12.0,12.0,194000
12.010000228881836,12.142999649047852,11.890000343322754,12.029999732971191,12.029999732971191,1396800
12.050000190734863,12.17300033569336,11.93000030517578,12.029999732971191,12.029999732971191,287700
11.729999542236328,11.920000076293944,11.595999717712402,11.850000381469728,11.850000381469728,484100
11.699999809265137,11.949999809265137,11.40999984741211,11.75,11.75,499000
11.869999885559082,11.869999885559082,11.3100004196167,11.699999809265137,11.699999809265137,444800
11.800000190734863,11.824999809265137,11.56999969482422,11.59000015258789,11.59000015258789,268900
11.630000114440918,11.645000457763672,11.350000381469728,11.449999809265137,11.449999809265137,351200
11.489999771118164,11.586999893188477,11.029999732971191,11.40999984741211,11.40999984741211,498900
11.300000190734863,12.119999885559082,11.170000076293944,12.109999656677246,12.109999656677246,834900
12.229999542236328,12.5649995803833,11.901000022888184,12.0600004196167,12.0600004196167,817700
12.039999961853027,12.06999969482422,11.75,12.0600004196167,12.0600004196167,271600
12.079999923706056,12.640000343322754,12.06999969482422,12.56999969482422,12.56999969482422,687800
12.619999885559082,13.300000190734863,12.470000267028809,12.800000190734863,12.800000190734863,1874600
12.829999923706056,12.949999809265137,12.25,12.869999885559082,12.869999885559082,842900
12.84000015258789,13.039999961853027,12.710000038146973,12.789999961853027,12.789999961853027,397200
12.760000228881836,12.899999618530272,12.59000015258789,12.68000030517578,12.68000030517578,256800
12.630000114440918,12.649999618530272,12.25,12.520000457763672,12.520000457763672,467100
12.470000267028809,12.56999969482422,12.199999809265137,12.239999771118164,12.239999771118164,318200
12.350000381469728,12.420000076293944,12.029999732971191,12.149999618530272,12.149999618530272,341200
12.15999984741211,12.199999809265137,12.06999969482422,12.149999618530272,12.149999618530272,214200
12.1899995803833,12.220000267028809,11.960000038146973,12.0,12.0,359000
11.90999984741211,11.970000267028809,11.609999656677246,11.729999542236328,11.729999542236328,234600
11.720000267028809,12.109999656677246,11.60200023651123,12.050000190734863,12.050000190734863,416900
11.970000267028809,12.0,11.8100004196167,11.949999809265137,11.949999809265137,186100
11.869999885559082,11.869999885559082,11.574999809265137,11.640000343322754,11.640000343322754,186600
11.550000190734863,11.609999656677246,11.0,11.100000381469728,11.100000381469728,379800
10.9399995803833,11.380000114440918,10.579999923706056,11.260000228881836,11.260000228881836,608900
11.210000038146973,11.390000343322754,11.0600004196167,11.25,11.25,590000
11.289999961853027,11.31999969482422,10.84000015258789,10.84000015258789,10.84000015258789,497400
10.869999885559082,11.020000457763672,10.760000228881836,10.869999885559082,10.869999885559082,348500
10.949999809265137,10.99899959564209,10.670000076293944,10.869999885559082,10.869999885559082,202500
10.890000343322754,10.989999771118164,10.640000343322754,10.9399995803833,10.9399995803833,392100
10.859999656677246,11.579999923706056,10.859999656677246,11.5600004196167,11.5600004196167,368600
11.600000381469728,11.729999542236328,11.4399995803833,11.630000114440918,11.630000114440918,286500
11.649999618530272,12.199999809265137,11.649999618530272,12.119999885559082,12.119999885559082,804600
12.130000114440918,12.220000267028809,11.93000030517578,12.149999618530272,12.149999618530272,429800
12.140000343322754,12.270000457763672,12.06999969482422,12.140000343322754,12.140000343322754,299900
12.239999771118164,12.260000228881836,11.960000038146973,12.149999618530272,12.149999618530272,319700
12.199999809265137,12.34000015258789,12.071000099182127,12.34000015258789,12.34000015258789,276300
12.399999618530272,12.75,12.170000076293944,12.729999542236328,12.729999542236328,420700
12.68000030517578,12.880000114440918,12.649999618530272,12.770000457763672,12.770000457763672,531800
12.789999961853027,12.960000038146973,12.640000343322754,12.699999809265137,12.699999809265137,568800
12.699999809265137,12.699999809265137,12.31999969482422,12.5,12.5,934300
12.359999656677246,12.760000228881836,12.329999923706056,12.75,12.75,351200
12.670000076293944,13.279999732971191,12.609999656677246,13.0,13.0,1270200
13.010000228881836,13.10200023651123,12.75,12.9399995803833,12.9399995803833,464000
12.779999732971191,13.149999618530272,12.729999542236328,13.0,13.0,550300
13.170000076293944,13.850000381469728,13.109999656677246,13.529999732971191,13.529999732971191,1852000
13.210000038146973,13.210000038146973,12.0600004196167,12.5,12.5,1971000
12.25,12.5600004196167,12.15999984741211,12.460000038146973,12.460000038146973,778500
12.460000038146973,12.510000228881836,12.050000190734863,12.199999809265137,12.199999809265137,520700
12.15999984741211,12.4399995803833,12.130000114440918,12.369999885559082,12.369999885559082,448600
12.350000381469728,12.4399995803833,12.149999618530272,12.34000015258789,12.34000015258789,598200
12.289999961853027,12.380000114440918,12.119999885559082,12.25,12.25,473400
12.15999984741211,12.300000190734863,11.989999771118164,12.0,12.0,2553900
11.9399995803833,12.06999969482422,11.880000114440918,11.93000030517578,11.93000030517578,780900
11.850000381469728,12.220000267028809,11.699999809265137,12.09000015258789,12.09000015258789,447200
12.1899995803833,12.779999732971191,12.100000381469728,12.579999923706056,12.579999923706056,1175300
12.579999923706056,12.899999618530272,12.529999732971191,12.640000343322754,12.640000343322754,846900
12.600000381469728,12.970000267028809,12.59000015258789,12.9399995803833,12.9399995803833,669300
12.9399995803833,13.0,12.729999542236328,12.81999969482422,12.81999969482422,1144700
12.779999732971191,12.779999732971191,12.289999961853027,12.600000381469728,12.600000381469728,1678300
12.550000190734863,12.720000267028809,12.32800006866455,12.649999618530272,12.649999618530272,981800
12.640000343322754,12.664999961853027,12.210000038146973,12.399999618530272,12.399999618530272,442900
12.40999984741211,12.510000228881836,12.300000190734863,12.5,12.5,308900
12.279999732971191,12.380000114440918,12.204999923706056,12.380000114440918,12.380000114440918,517900
12.479999542236328,12.550000190734863,12.260000228881836,12.449999809265137,12.449999809265137,312700
12.3100004196167,12.539999961853027,12.289999961853027,12.390000343322754,12.390000343322754,368300
12.350000381469728,12.529999732971191,12.34000015258789,12.449999809265137,12.449999809265137,988700
12.539999961853027,12.539999961853027,12.300000190734863,12.5,12.5,2037500
12.359999656677246,12.484999656677246,12.229999542236328,12.390000343322754,12.390000343322754,366000
12.449999809265137,12.449999809265137,12.199999809265137,12.390000343322754,12.390000343322754,290200
12.43000030517578,12.609999656677246,12.399999618530272,12.5600004196167,12.5600004196167,498400
12.59000015258789,12.989999771118164,12.520000457763672,12.920000076293944,12.920000076293944,779900
12.989999771118164,13.619999885559082,12.90999984741211,13.479999542236328,13.479999542236328,973700
13.539999961853027,13.800000190734863,13.270000457763672,13.68000030517578,13.68000030517578,600300
13.649999618530272,13.788999557495115,13.520000457763672,13.59000015258789,13.59000015258789,381100
13.600000381469728,13.760000228881836,13.574999809265137,13.600000381469728,13.600000381469728,422700
13.699999809265137,13.850000381469728,13.480999946594238,13.510000228881836,13.510000228881836,988000
13.520000457763672,13.59000015258789,12.81999969482422,13.100000381469728,13.100000381469728,578500
13.119999885559082,13.220000267028809,12.880000114440918,13.130000114440918,13.130000114440918,267500
13.229999542236328,13.350000381469728,13.109999656677246,13.289999961853027,13.289999961853027,347800
13.359999656677246,13.359999656677246,13.050000190734863,13.239999771118164,13.239999771118164,238200
13.260000228881836,13.40999984741211,13.220000267028809,13.34000015258789,13.34000015258789,523500
13.279999732971191,13.380000114440918,12.979999542236328,13.09000015258789,13.09000015258789,5291300
13.170000076293944,13.270000457763672,12.93000030517578,13.109999656677246,13.109999656677246,965000
12.920000076293944,13.345000267028809,12.90999984741211,13.3100004196167,13.3100004196167,453800
13.279999732971191,13.760000228881836,13.201000213623049,13.670000076293944,13.670000076293944,873700
13.6899995803833,13.890000343322754,13.550000190734863,13.720000267028809,13.720000267028809,467100
13.670000076293944,14.300000190734863,13.460000038146973,14.18000030517578,14.18000030517578,878900
14.18000030517578,14.324999809265137,14.050000190734863,14.289999961853027,14.289999961853027,911900
14.390000343322754,14.710000038146973,14.3100004196167,14.579999923706056,14.579999923706056,488700
14.529999732971191,14.800000190734863,14.300000190734863,14.729999542236328,14.729999542236328,329500
14.729999542236328,15.04800033569336,14.720000267028809,14.779999732971191,14.779999732971191,926700
14.75,15.18000030517578,14.710000038146973,15.100000381469728,15.100000381469728,853600
15.119999885559082,15.300000190734863,14.90999984741211,15.25,15.25,1291400
15.029999732971191,15.300000190734863,14.90999984741211,15.15999984741211,15.15999984741211,1203600
15.18000030517578,15.399999618530272,15.020000457763672,15.350000381469728,15.350000381469728,3399300
15.4399995803833,15.470000267028809,14.829999923706056,15.0,15.0,1105400
15.039999961853027,15.14900016784668,14.65999984741211,14.760000228881836,14.760000228881836,576500
14.640000343322754,14.71500015258789,14.449999809265137,14.699999809265137,14.699999809265137,571800
14.68000030517578,14.75,14.5,14.649999618530272,14.649999618530272,432500
14.59000015258789,14.970000267028809,14.59000015258789,14.84000015258789,14.84000015258789,435800
14.770000457763672,14.90999984741211,14.5600004196167,14.699999809265137,14.699999809265137,536300
14.779999732971191,15.279999732971191,14.779999732971191,15.140000343322754,15.140000343322754,1257300
15.18000030517578,15.5,14.970000267028809,15.390000343322754,15.390000343322754,1561800
15.68000030517578,17.139999389648438,15.59000015258789,16.979999542236328,16.979999542236328,3888800
16.989999771118164,17.540000915527344,16.90999984741211,17.530000686645508,17.530000686645508,2058100
17.200000762939453,17.389999389648438,16.75,17.260000228881836,17.260000228881836,2083300
17.219999313354492,17.905000686645508,17.200000762939453,17.8799991607666,17.8799991607666,1615700
17.899999618530273,17.93000030517578,16.969999313354492,17.030000686645508,17.030000686645508,1356000
17.040000915527344,17.950000762939453,17.040000915527344,17.719999313354492,17.719999313354492,1416600
17.799999237060547,18.459999084472656,17.799999237060547,18.440000534057617,18.440000534057617,1544600
18.440000534057617,18.86000061035156,18.149999618530277,18.6200008392334,18.6200008392334,1319500
18.709999084472656,19.145000457763672,18.34000015258789,18.68000030517578,18.68000030517578,1392200
18.729999542236328,19.71999931335449,18.51000022888184,19.61000061035156,19.61000061035156,2205300
19.479999542236328,19.795000076293945,19.290000915527344,19.76000022888184,19.76000022888184,1239400
19.6200008392334,19.790000915527344,19.540000915527344,19.6299991607666,19.6299991607666,1665300
19.51000022888184,19.559999465942383,19.149999618530277,19.36000061035156,19.36000061035156,1366700
19.350000381469727,19.76000022888184,19.309999465942383,19.65999984741211,19.65999984741211,1081400
19.6299991607666,19.63999938964844,19.020000457763672,19.26000022888184,19.26000022888184,1028200
19.420000076293945,19.46999931335449,18.700000762939453,19.030000686645508,19.030000686645508,7417400
18.81999969482422,18.940000534057617,18.399999618530277,18.76000022888184,18.76000022888184,1237800
18.90999984741211,19.26000022888184,18.709999084472656,19.18000030517578,19.18000030517578,834500
19.11000061035156,19.3700008392334,18.559999465942383,18.6299991607666,18.6299991607666,738200
18.5,19.1200008392334,17.90999984741211,19.030000686645508,19.030000686645508,1323800
19.209999084472656,19.520000457763672,19.125999450683597,19.34000015258789,19.34000015258789,701500
19.100000381469727,19.56999969482422,18.90999984741211,19.549999237060547,19.549999237060547,767100
19.68000030517578,20.030000686645508,19.350000381469727,19.3799991607666,19.3799991607666,557200
19.290000915527344,19.489999771118164,19.040000915527344,19.059999465942383,19.059999465942383,783100
19.0,19.559999465942383,19.0,19.489999771118164,19.489999771118164,1089400
19.68000030517578,19.979999542236328,19.32999992370605,19.450000762939453,19.450000762939453,1017200
19.489999771118164,19.63999938964844,19.209999084472656,19.34000015258789,19.34000015258789,445800
18.309999465942383,18.540000915527344,17.959999084472656,18.3700008392334,18.3700008392334,1078000
18.459999084472656,18.479999542236328,18.13999938964844,18.15999984741211,18.15999984741211,650200
18.190000534057617,18.48500061035156,18.11000061035156,18.459999084472656,18.459999084472656,674700
18.479999542236328,18.81999969482422,18.46999931335449,18.729999542236328,18.729999542236328,844300
18.649999618530277,18.96999931335449,18.489999771118164,18.549999237060547,18.549999237060547,501600
18.530000686645508,18.68000030517578,18.280000686645508,18.649999618530277,18.649999618530277,664700
18.549999237060547,19.21999931335449,18.549999237060547,19.040000915527344,19.040000915527344,817800
19.09000015258789,19.350000381469727,18.799999237060547,18.8700008392334,18.8700008392334,596700
18.809999465942383,19.209999084472656,18.559999465942383,19.15999984741211,19.15999984741211,546000
19.170000076293945,19.26000022888184,18.81999969482422,18.940000534057617,18.940000534057617,663300
19.21999931335449,22.899999618530277,19.21999931335449,22.65999984741211,22.65999984741211,3947000
23.43000030517578,23.479999542236328,21.84000015258789,23.36000061035156,23.36000061035156,3145300
23.65999984741211,23.65999984741211,21.51000022888184,22.040000915527344,22.040000915527344,2550100
21.899999618530277,22.540000915527344,21.559999465942383,21.8700008392334,21.8700008392334,1299600
21.81999969482422,22.3799991607666,21.11000061035156,21.13999938964844,21.13999938964844,1081100
21.11000061035156,22.18000030517578,21.059999465942383,21.799999237060547,21.799999237060547,914000
21.549999237060547,22.84000015258789,21.520000457763672,22.68000030517578,22.68000030517578,946500
22.61000061035156,22.61000061035156,21.09000015258789,21.489999771118164,21.489999771118164,967200
21.46999931335449,21.790000915527344,21.190000534057617,21.75,21.75,434100
21.899999618530277,22.24799919128418,21.229999542236328,21.450000762939453,21.450000762939453,833800
21.36000061035156,21.780000686645508,21.07999992370605,21.32999992370605,21.32999992370605,599500
21.399999618530277,22.600000381469727,21.34000015258789,22.290000915527344,22.290000915527344,1107800
22.200000762939453,23.309999465942383,22.100000381469727,22.75,22.75,1070700
22.739999771118164,23.13500022888184,22.3799991607666,22.56999969482422,22.56999969482422,1619700
23.15999984741211,24.479999542236328,22.790000915527344,23.93000030517578,23.93000030517578,1614600
23.709999084472656,23.90900039672852,22.43000030517578,23.530000686645508,23.530000686645508,1170400
23.709999084472656,23.979999542236328,23.142000198364254,23.700000762939453,23.700000762939453,685600
23.739999771118164,23.979999542236328,23.420000076293945,23.780000686645508,23.780000686645508,489500
23.940000534057617,24.43000030517578,23.71999931335449,24.170000076293945,24.170000076293945,1375300
24.239999771118164,24.799999237060547,23.8129997253418,24.5,24.5,849500
24.3799991607666,25.1200008392334,24.21999931335449,25.059999465942383,25.059999465942383,620800
25.0,25.13999938964844,24.3700008392334,24.61000061035156,24.61000061035156,1378000
24.8799991607666,25.350000381469727,24.030000686645508,25.32999992370605,25.32999992370605,766100
25.34000015258789,26.489999771118164,25.1200008392334,26.1200008392334,26.1200008392334,1337000
26.399999618530277,26.799999237060547,25.895000457763672,26.489999771118164,26.489999771118164,1004700
26.600000381469727,27.190000534057617,26.239999771118164,26.75,26.75,990200
26.530000686645508,26.75,25.21999931335449,25.299999237060547,25.299999237060547,2789400
25.06999969482422,26.649999618530277,23.76000022888184,24.86000061035156,24.86000061035156,3275400
24.600000381469727,25.270000457763672,24.18000030517578,25.209999084472656,25.209999084472656,1814100
25.31999969482422,25.400999069213867,24.149999618530277,25.09000015258789,25.09000015258789,1076900
25.1299991607666,25.36000061035156,24.700000762939453,25.21999931335449,25.21999931335449,649400
25.18000030517578,27.18600082397461,25.049999237060547,26.850000381469727,26.850000381469727,1419700
26.86000061035156,27.01000022888184,25.700000762939453,26.040000915527344,26.040000915527344,1221600
25.920000076293945,26.43000030517578,25.75,25.96999931335449,25.96999931335449,591800
26.049999237060547,26.18000030517578,25.030000686645508,25.88999938964844,25.88999938964844,915100
25.76000022888184,26.099000930786133,25.31999969482422,25.8799991607666,25.8799991607666,1270800
25.899999618530277,25.93000030517578,25.309999465942383,25.780000686645508,25.780000686645508,952100
25.63999938964844,25.763999938964844,24.549999237060547,24.950000762939453,24.950000762939453,936800
25.170000076293945,25.799999237060547,25.01000022888184,25.489999771118164,25.489999771118164,1050900
25.520000457763672,25.690000534057617,24.899999618530277,25.26000022888184,25.26000022888184,702600
25.290000915527344,25.68000030517578,24.309999465942383,25.440000534057617,25.440000534057617,818800
25.399999618530277,25.399999618530277,24.61000061035156,24.770000457763672,24.770000457763672,1877000
24.350000381469727,25.1299991607666,23.15999984741211,24.71999931335449,24.71999931335449,1124000
24.809999465942383,25.15999984741211,24.559999465942383,25.06999969482422,25.06999969482422,1047300
25.1200008392334,25.3700008392334,24.399999618530277,24.459999084472656,24.459999084472656,873800
24.5,24.72599983215332,23.96999931335449,24.059999465942383,24.059999465942383,983600
24.020000457763672,24.18000030517578,23.356000900268555,23.700000762939453,23.700000762939453,1116200
23.8700008392334,23.88999938964844,22.86000061035156,22.950000762939453,22.950000762939453,982000
22.90999984741211,23.100000381469727,22.280000686645508,22.71999931335449,22.71999931335449,1191000
22.71999931335449,22.96999931335449,22.299999237060547,22.420000076293945,22.420000076293945,1099600
22.399999618530277,22.399999618530277,21.1299991607666,21.309999465942383,21.309999465942383,1857300
21.309999465942383,21.66699981689453,20.350000381469727,21.0,21.0,1687700
20.729999542236328,21.17200088500977,19.76000022888184,20.299999237060547,20.299999237060547,1303800
20.670000076293945,20.83699989318848,19.84000015258789,20.049999237060547,20.049999237060547,1328900
19.940000534057617,19.989999771118164,19.040000915527344,19.049999237060547,19.049999237060547,1255200
18.850000381469727,19.31999969482422,18.38999938964844,18.399999618530277,18.399999618530277,1950000
19.25,19.25,18.40999984741211,18.96999931335449,18.96999931335449,1497000
18.850000381469727,19.38999938964844,18.670000076293945,19.020000457763672,19.020000457763672,1251000
19.459999084472656,20.0,19.350000381469727,19.93000030517578,19.93000030517578,1116800
19.959999084472656,20.25,19.36100006103516,19.899999618530277,19.899999618530277,823600
19.649999618530277,19.88999938964844,18.850000381469727,19.13999938964844,19.13999938964844,849700
19.21999931335449,19.43000030517578,18.57999992370605,18.600000381469727,18.600000381469727,754900
18.709999084472656,18.96999931335449,18.049999237060547,18.3700008392334,18.3700008392334,1239900
17.770000457763672,19.3700008392334,17.709999084472656,18.82999992370605,18.82999992370605,1274300
18.81999969482422,19.93000030517578,18.81999969482422,19.46999931335449,19.46999931335449,2830100
19.61000061035156,20.209999084472656,19.270000457763672,19.729999542236328,19.729999542236328,1547900
19.100000381469727,19.559999465942383,18.020000457763672,18.18000030517578,18.18000030517578,1082200
18.459999084472656,18.84000015258789,18.059999465942383,18.350000381469727,18.350000381469727,837200
18.270000457763672,18.600000381469727,18.0,18.459999084472656,18.459999084472656,705500
18.82999992370605,19.61000061035156,18.549999237060547,19.21999931335449,19.21999931335449,1341900
19.280000686645508,19.350000381469727,18.770000457763672,19.170000076293945,19.170000076293945,514900
19.280000686645508,19.72599983215332,19.270000457763672,19.43000030517578,19.43000030517578,481000
19.43000030517578,19.649999618530277,18.479999542236328,18.93000030517578,18.93000030517578,404500
18.8700008392334,19.40999984741211,18.559999465942383,18.670000076293945,18.670000076293945,471500
18.920000076293945,20.06999969482422,18.888999938964844,20.0,20.0,715200
20.0,20.459999084472656,19.399999618530277,19.420000076293945,19.420000076293945,777700
19.170000076293945,19.290000915527344,18.1200008392334,18.8700008392334,18.8700008392334,620900
18.86000061035156,18.878999710083008,17.68000030517578,17.889999389648438,17.889999389648438,730500
18.010000228881836,18.26499938964844,17.69499969482422,17.8700008392334,17.8700008392334,519700
18.1200008392334,18.190000534057617,16.790000915527344,17.079999923706055,17.079999923706055,1210500
17.020000457763672,17.549999237060547,17.020000457763672,17.479999542236328,17.479999542236328,577800
17.459999084472656,17.82900047302246,17.139999389648438,17.719999313354492,17.719999313354492,777000
17.530000686645508,17.700000762939453,16.030000686645508,16.09000015258789,16.09000015258789,969300
15.529999732971191,16.700000762939453,15.279999732971191,16.600000381469727,16.600000381469727,1497800
16.899999618530273,17.197999954223633,16.510000228881836,16.75,16.75,666700
16.469999313354492,17.010000228881836,16.469999313354492,16.920000076293945,16.920000076293945,272200
17.25,17.9689998626709,17.09000015258789,17.829999923706055,17.829999923706055,788600
17.68000030517578,17.799999237060547,16.979999542236328,17.06999969482422,17.06999969482422,897000
17.25,17.8799991607666,17.06999969482422,17.829999923706055,17.829999923706055,675700
17.979999542236328,18.799999237060547,17.670000076293945,18.209999084472656,18.209999084472656,1423800
15.989999771118164,16.0,14.239999771118164,14.520000457763672,14.520000457763672,6269800
15.020000457763672,15.229999542236328,14.260000228881836,15.140000343322754,15.140000343322754,1712900
15.050000190734863,15.369999885559082,14.850000381469728,15.079999923706056,15.079999923706056,1211500
15.0,15.81999969482422,14.729999542236328,15.520000457763672,15.520000457763672,1038100
15.869999885559082,16.0,15.357999801635742,15.550000190734863,15.550000190734863,869200
15.40999984741211,16.2549991607666,15.40999984741211,15.920000076293944,15.920000076293944,768600
16.18000030517578,16.18000030517578,15.170000076293944,15.449999809265137,15.449999809265137,533200
15.65999984741211,16.1200008392334,15.65999984741211,15.710000038146973,15.710000038146973,486500
15.65999984741211,15.979999542236328,15.350000381469728,15.640000343322754,15.640000343322754,562400
15.380000114440918,15.90999984741211,15.210000038146973,15.270000457763672,15.270000457763672,383500
15.039999961853027,15.199999809265137,14.420000076293944,14.520000457763672,14.520000457763672,675100
14.65999984741211,14.970000267028809,14.43000030517578,14.6899995803833,14.6899995803833,751700
14.6899995803833,15.0600004196167,14.260000228881836,14.489999771118164,14.489999771118164,546300
14.350000381469728,14.779999732971191,13.949999809265137,14.350000381469728,14.350000381469728,1045200
14.119999885559082,14.210000038146973,12.899999618530272,13.31999969482422,13.31999969482422,1743000
13.270000457763672,13.739999771118164,13.253999710083008,13.4399995803833,13.4399995803833,234900
13.619999885559082,14.119999885559082,13.479999542236328,14.109999656677246,14.109999656677246,483600
14.0600004196167,14.880000114440918,13.885000228881836,14.880000114440918,14.880000114440918,1055100
15.0,15.0,14.539999961853027,14.609999656677246,14.609999656677246,524700
14.720000267028809,14.890000343322754,14.18000030517578,14.850000381469728,14.850000381469728,1766000
14.510000228881836,15.15999984741211,14.210000038146973,15.0,15.0,1062700
14.68000030517578,14.800000190734863,14.260000228881836,14.34000015258789,14.34000015258789,642700
14.619999885559082,14.963000297546388,14.442999839782717,14.800000190734863,14.800000190734863,539400
14.859999656677246,15.539999961853027,14.81999969482422,15.460000038146973,15.460000038146973,694000
15.550000190734863,15.619999885559082,15.199999809265137,15.43000030517578,15.43000030517578,647700
15.510000228881836,15.56999969482422,15.109999656677246,15.40999984741211,15.40999984741211,502400
15.4399995803833,16.260000228881836,15.43000030517578,16.059999465942383,16.059999465942383,836900
15.989999771118164,16.010000228881836,15.529999732971191,15.81999969482422,15.81999969482422,459700
15.670000076293944,15.670000076293944,15.25,15.289999961853027,15.289999961853027,400600
14.520000457763672,15.390000343322754,13.970000267028809,14.920000076293944,14.920000076293944,1110100
14.880000114440918,15.039999961853027,14.5,14.520000457763672,14.520000457763672,760700
14.420000076293944,14.899999618530272,14.329999923706056,14.5,14.5,525600
14.56999969482422,14.84000015258789,14.5,14.739999771118164,14.739999771118164,609800
14.6899995803833,14.729999542236328,13.95699977874756,14.279999732971191,14.279999732971191,810400
14.350000381469728,14.479999542236328,13.880000114440918,14.029999732971191,14.029999732971191,498300
14.0,14.1899995803833,13.770000457763672,14.050000190734863,14.050000190734863,368300
14.550000190734863,14.93000030517578,14.300000190734863,14.84000015258789,14.84000015258789,539800
14.710000038146973,15.050000190734863,14.505000114440918,14.960000038146973,14.960000038146973,538400
14.960000038146973,15.020000457763672,14.324999809265137,14.34000015258789,14.34000015258789,472900
14.65999984741211,15.279999732971191,14.5,15.260000228881836,15.260000228881836,593900
15.260000228881836,15.970000267028809,15.260000228881836,15.59000015258789,15.59000015258789,613000
15.539999961853027,15.850000381469728,15.40999984741211,15.84000015258789,15.84000015258789,524100
15.890000343322754,16.809999465942383,15.869999885559082,16.729999542236328,16.729999542236328,1087800
16.8799991607666,17.350000381469727,16.809999465942383,17.309999465942383,17.309999465942383,1123300
17.309999465942383,17.40999984741211,16.68000030517578,17.200000762939453,17.200000762939453,845300
16.979999542236328,17.43000030517578,16.780000686645508,17.40999984741211,17.40999984741211,1107600
17.299999237060547,17.742000579833984,17.23200035095215,17.65999984741211,17.65999984741211,724300
17.790000915527344,18.530000686645508,17.709999084472656,18.09000015258789,18.09000015258789,832200
18.459999084472656,18.479999542236328,18.0,18.25,18.25,735500
18.350000381469727,18.48500061035156,17.940000534057617,18.209999084472656,18.209999084472656,357300
18.1299991607666,18.31999969482422,18.040000915527344,18.100000381469727,18.100000381469727,695200
18.190000534057617,18.200000762939453,17.825000762939453,18.0,18.0,556100
18.0,18.36000061035156,17.920000076293945,18.25,18.25,474900
18.239999771118164,19.26000022888184,18.239999771118164,19.1299991607666,19.1299991607666,1254500
19.13999938964844,19.21999931335449,17.985000610351562,18.13999938964844,18.13999938964844,889600
18.25,18.649999618530277,18.21999931335449,18.51000022888184,18.51000022888184,527100
18.65999984741211,18.790000915527344,18.15999984741211,18.18000030517578,18.18000030517578,570500
18.21999931335449,18.299999237060547,17.68000030517578,17.8700008392334,17.8700008392334,1277000
17.8700008392334,18.5,17.65999984741211,18.5,18.5,607400
18.36000061035156,18.68000030517578,18.170000076293945,18.57999992370605,18.57999992370605,821100
18.61000061035156,19.34499931335449,18.61000061035156,19.270000457763672,19.270000457763672,1352200
19.34000015258789,19.5,18.36000061035156,18.81999969482422,18.81999969482422,1372700
18.84000015258789,19.739999771118164,18.825000762939453,19.68000030517578,19.68000030517578,1386300
19.6200008392334,20.489999771118164,19.61000061035156,20.3700008392334,20.3700008392334,2877900
20.3700008392334,23.173999786376957,20.0,22.43000030517578,22.43000030517578,5366700
21.65999984741211,22.729999542236328,21.65999984741211,22.479999542236328,22.479999542236328,1726800
22.709999084472656,23.280000686645508,22.649999618530277,23.059999465942383,23.059999465942383,1216300
23.01000022888184,23.059999465942383,21.78700065612793,22.1200008392334,22.1200008392334,1596100
22.299999237060547,23.03499984741211,22.1200008392334,22.459999084472656,22.459999084472656,1179900
22.3700008392334,23.059999465942383,22.280000686645508,22.790000915527344,22.790000915527344,1459900
22.63999938964844,22.84000015258789,22.350000381469727,22.65999984741211,22.65999984741211,1569200
22.5,23.31999969482422,22.239999771118164,23.0,23.0,2408500
22.350000381469727,22.61899948120117,21.850000381469727,22.040000915527344,22.040000915527344,5275400
22.18000030517578,22.51000022888184,21.90999984741211,22.1299991607666,22.1299991607666,1515600
22.0,22.200000762939453,21.6200008392334,22.1200008392334,22.1200008392334,1674300
21.979999542236328,22.040000915527344,20.3700008392334,20.8799991607666,20.8799991607666,1648000
20.75,21.18000030517578,20.559999465942383,21.13999938964844,21.13999938964844,839800
21.239999771118164,21.76000022888184,21.020000457763672,21.170000076293945,21.170000076293945,911900
21.049999237060547,21.61000061035156,20.520000457763672,21.170000076293945,21.170000076293945,1075200
21.239999771118164,21.57999992370605,21.059999465942383,21.440000534057617,21.440000534057617,741500
21.63999938964844,21.8799991607666,21.34000015258789,21.86000061035156,21.86000061035156,1844900
22.07999992370605,22.31999969482422,21.459999084472656,21.59000015258789,21.59000015258789,904100
21.6200008392334,22.07999992370605,21.239999771118164,22.01000022888184,22.01000022888184,1055800
22.100000381469727,22.31999969482422,21.8799991607666,21.979999542236328,21.979999542236328,632700
21.979999542236328,22.18400001525879,21.489999771118164,21.84000015258789,21.84000015258789,572900
21.93000030517578,22.0,21.450000762939453,21.71999931335449,21.71999931335449,613100
21.540000915527344,21.76499938964844,21.299999237060547,21.56999969482422,21.56999969482422,495400
21.43000030517578,21.690000534057617,21.3799991607666,21.5,21.5,501100
21.46999931335449,22.059999465942383,21.46999931335449,21.84000015258789,21.84000015258789,667000
21.799999237060547,21.96999931335449,21.31999969482422,21.63999938964844,21.63999938964844,377800
21.76000022888184,21.88999938964844,21.38500022888184,21.57999992370605,21.57999992370605,466100
21.5,21.850000381469727,21.020000457763672,21.350000381469727,21.350000381469727,945600
21.399999618530277,21.729999542236328,21.350000381469727,21.5,21.5,684200
21.6200008392334,21.63999938964844,21.049999237060547,21.100000381469727,21.100000381469727,784900
21.0,21.049999237060547,20.209999084472656,20.290000915527344,20.290000915527344,961100
19.850000381469727,20.25,19.799999237060547,20.1200008392334,20.1200008392334,755500
20.25,20.65999984741211,20.209999084472656,20.540000915527344,20.540000915527344,545600
20.540000915527344,20.604999542236328,19.989999771118164,20.399999618530277,20.399999618530277,488100
20.3700008392334,20.729999542236328,20.239999771118164,20.6200008392334,20.6200008392334,548400
20.6299991607666,20.850000381469727,20.520000457763672,20.71999931335449,20.71999931335449,350100
20.700000762939453,21.683000564575195,20.700000762939453,21.450000762939453,21.450000762939453,787900
21.489999771118164,21.979999542236328,21.459999084472656,21.90999984741211,21.90999984741211,792900
22.020000457763672,22.07900047302246,21.670000076293945,21.75,21.75,746100
21.63999938964844,22.13999938964844,21.420000076293945,21.6299991607666,21.6299991607666,506600
21.780000686645508,22.1299991607666,21.6299991607666,22.07999992370605,22.07999992370605,1259400
21.520000457763672,22.600000381469727,21.299999237060547,22.3700008392334,22.3700008392334,1004700
22.420000076293945,22.47100067138672,21.149999618530277,21.350000381469727,21.350000381469727,495500
21.280000686645508,21.59000015258789,20.93000030517578,20.959999084472656,20.959999084472656,569500
20.75,20.76000022888184,20.11599922180176,20.729999542236328,20.729999542236328,532700
20.530000686645508,21.170000076293945,20.375,21.030000686645508,21.030000686645508,600800
20.51000022888184,20.81999969482422,20.280000686645508,20.65999984741211,20.65999984741211,901300
20.65999984741211,20.989999771118164,20.496999740600582,20.799999237060547,20.799999237060547,548600
20.6200008392334,21.40999984741211,20.5,21.15999984741211,21.15999984741211,343600
21.170000076293945,21.790000915527344,21.15999984741211,21.450000762939453,21.450000762939453,410700
21.26000022888184,21.65999984741211,21.239999771118164,21.290000915527344,21.290000915527344,538700
21.07999992370605,21.44499969482422,20.559999465942383,21.200000762939453,21.200000762939453,388000
21.530000686645508,21.729999542236328,21.270000457763672,21.290000915527344,21.290000915527344,452900
21.21999931335449,21.399999618530277,20.9950008392334,21.190000534057617,21.190000534057617,352800
20.899999618530277,20.98500061035156,19.979999542236328,20.059999465942383,20.059999465942383,479000
20.15999984741211,20.6200008392334,20.100000381469727,20.31999969482422,20.31999969482422,692000
20.350000381469727,20.600000381469727,20.184999465942383,20.51000022888184,20.51000022888184,1310100
20.399999618530277,20.520000457763672,19.40999984741211,19.520000457763672,19.520000457763672,1005900
19.59000015258789,19.739999771118164,19.006999969482425,19.1200008392334,19.1200008392334,1559300
19.059999465942383,19.100000381469727,17.0,18.36000061035156,18.36000061035156,2066800
18.36000061035156,18.950000762939453,17.735000610351562,17.81999969482422,17.81999969482422,1382900
17.969999313354492,18.520000457763672,17.520000457763672,18.46999931335449,18.46999931335449,1353800
18.530000686645508,18.709999084472656,17.3799991607666,18.299999237060547,18.299999237060547,1801300
18.149999618530277,18.399999618530277,17.639999389648438,18.270000457763672,18.270000457763672,755800
18.36000061035156,18.58300018310547,18.149999618530277,18.440000534057617,18.440000534057617,685600
18.65999984741211,19.209999084472656,18.5,19.06999969482422,19.06999969482422,1359600
19.229999542236328,19.874000549316406,19.190000534057617,19.799999237060547,19.799999237060547,1383700
19.75,20.229999542236328,19.673999786376957,20.1299991607666,20.1299991607666,1548900
20.149999618530277,20.549999237060547,19.979999542236328,20.5,20.5,826200
20.459999084472656,20.6299991607666,20.309999465942383,20.450000762939453,20.450000762939453,714600
20.459999084472656,20.871000289916992,20.36000061035156,20.56999969482422,20.56999969482422,675500
20.68000030517578,21.049999237060547,20.315000534057617,20.3799991607666,20.3799991607666,570400
20.489999771118164,20.63999938964844,20.15999984741211,20.600000381469727,20.600000381469727,677300
20.850000381469727,20.940000534057617,20.309999465942383,20.36000061035156,20.36000061035156,716800
20.149999618530277,20.38999938964844,19.56999969482422,20.07999992370605,20.07999992370605,2420500
20.100000381469727,20.31999969482422,19.684999465942383,19.709999084472656,19.709999084472656,769900
19.690000534057617,19.71999931335449,19.190000534057617,19.350000381469727,19.350000381469727,824300
19.3700008392334,19.75,18.96999931335449,18.96999931335449,18.96999931335449,506500
19.020000457763672,19.649999618530277,18.950000762939453,19.6200008392334,19.6200008392334,553400
19.770000457763672,20.149999618530277,19.770000457763672,20.09000015258789,20.09000015258789,2080200
20.299999237060547,20.799999237060547,20.200000762939453,20.540000915527344,20.540000915527344,748300
20.51000022888184,20.59000015258789,20.229999542236328,20.36000061035156,20.36000061035156,492900
20.46999931335449,20.6299991607666,20.261999130249023,20.459999084472656,20.459999084472656,359000
20.350000381469727,20.3799991607666,19.8700008392334,20.190000534057617,20.190000534057617,363800
20.149999618530277,20.3700008392334,20.0,20.270000457763672,20.270000457763672,411300
20.1200008392334,20.98500061035156,20.100000381469727,20.940000534057617,20.940000534057617,463200
20.989999771118164,21.13999938964844,20.600000381469727,20.649999618530277,20.649999618530277,515800
20.690000534057617,21.01000022888184,20.26000022888184,20.670000076293945,20.670000076293945,469200
20.65999984741211,20.729999542236328,20.190000534057617,20.65999984741211,20.65999984741211,326500
20.690000534057617,21.200000762939453,20.670000076293945,21.07999992370605,21.07999992370605,510700
21.020000457763672,21.200000762939453,20.549999237060547,20.549999237060547,20.549999237060547,498300
20.549999237060547,21.170000076293945,20.549999237060547,21.020000457763672,21.020000457763672,692400
20.979999542236328,21.43000030517578,20.93000030517578,21.020000457763672,21.020000457763672,761400
21.1299991607666,21.165000915527344,20.57999992370605,20.59000015258789,20.59000015258789,388100
20.75,20.799999237060547,20.402999877929688,20.59000015258789,20.59000015258789,542100
20.71999931335449,20.799999237060547,20.229999542236328,20.51000022888184,20.51000022888184,451200
20.489999771118164,21.06999969482422,20.43000030517578,20.979999542236328,20.979999542236328,446700
20.84000015258789,21.520000457763672,20.75,21.350000381469727,21.350000381469727,716200
21.479999542236328,22.600000381469727,21.350000381469727,22.34000015258789,22.34000015258789,964500
22.440000534057617,22.649999618530277,20.88999938964844,21.059999465942383,21.059999465942383,720700
20.809999465942383,21.38999938964844,20.670000076293945,21.350000381469727,21.350000381469727,599600
21.36000061035156,21.549999237060547,20.700000762939453,20.809999465942383,20.809999465942383,553400
20.799999237060547,21.34000015258789,20.280000686645508,20.350000381469727,20.350000381469727,519500
20.26000022888184,20.59000015258789,19.57999992370605,20.530000686645508,20.530000686645508,592900
20.020000457763672,20.020000457763672,19.3799991607666,19.690000534057617,19.690000534057617,861700
19.649999618530277,19.989999771118164,19.280000686645508,19.51000022888184,19.51000022888184,843400
19.25,19.850000381469727,19.06999969482422,19.71999931335449,19.71999931335449,517500
19.899999618530277,20.540000915527344,19.850000381469727,20.51000022888184,20.51000022888184,352600
20.479999542236328,21.0,20.30500030517578,20.88999938964844,20.88999938964844,379800
20.739999771118164,20.979999542236328,20.100000381469727,20.1200008392334,20.1200008392334,254900
20.1299991607666,20.690000534057617,20.1299991607666,20.450000762939453,20.450000762939453,464000
19.979999542236328,20.07999992370605,19.18000030517578,19.229999542236328,19.229999542236328,818200
19.309999465942383,19.420000076293945,18.81999969482422,19.190000534057617,19.190000534057617,552700
19.32999992370605,19.6200008392334,19.229999542236328,19.3700008392334,19.3700008392334,344400
19.709999084472656,19.711000442504883,18.84000015258789,18.93000030517578,18.93000030517578,643300
18.920000076293945,19.0,18.43000030517578,18.489999771118164,18.489999771118164,522200
18.729999542236328,18.979999542236328,18.5,18.57999992370605,18.57999992370605,474100
18.530000686645508,19.11000061035156,18.32999992370605,19.040000915527344,19.040000915527344,531500
18.989999771118164,19.540000915527344,18.489999771118164,18.549999237060547,18.549999237060547,666300
18.75,18.770000457763672,18.020000457763672,18.18000030517578,18.18000030517578,610100
18.3799991607666,18.51000022888184,17.790000915527344,18.149999618530277,18.149999618530277,686600
18.0,18.11000061035156,17.40999984741211,17.65999984741211,17.65999984741211,614600
17.959999084472656,18.440000534057617,17.309999465942383,18.34000015258789,18.34000015258789,1675200
16.739999771118164,16.940000534057617,15.600000381469728,15.770000457763672,15.770000457763672,4601500
15.609999656677246,16.5,15.5,16.440000534057617,16.440000534057617,2136800
16.600000381469727,16.940000534057617,16.219999313354492,16.399999618530273,16.399999618530273,1613200
16.969999313354492,17.25,16.74799919128418,16.979999542236328,16.979999542236328,1793100
16.979999542236328,17.1299991607666,16.530000686645508,16.989999771118164,16.989999771118164,946100
16.989999771118164,17.065000534057617,16.040000915527344,16.15999984741211,16.15999984741211,1347000
16.149999618530273,16.709999084472656,16.0,16.610000610351562,16.610000610351562,1213800
16.639999389648438,17.385000228881836,16.5,17.309999465942383,17.309999465942383,923400
17.34000015258789,17.950000762939453,17.280000686645508,17.739999771118164,17.739999771118164,1034300
17.770000457763672,17.850000381469727,17.479999542236328,17.5,17.5,705400
17.25,17.871000289916992,17.229999542236328,17.719999313354492,17.719999313354492,453600
17.65999984741211,17.940000534057617,17.530000686645508,17.920000076293945,17.920000076293945,403200
17.90999984741211,17.940000534057617,17.350000381469727,17.530000686645508,17.530000686645508,703400
17.670000076293945,17.979999542236328,17.56999969482422,17.68000030517578,17.68000030517578,648700
17.700000762939453,17.989999771118164,17.530000686645508,17.799999237060547,17.799999237060547,1036400
17.68000030517578,17.690000534057617,16.760000228881836,16.979999542236328,16.979999542236328,1010600
16.959999084472656,17.100000381469727,16.420000076293945,16.56999969482422,16.56999969482422,752500
16.56999969482422,16.729999542236328,16.18000030517578,16.6299991607666,16.6299991607666,649600
16.530000686645508,16.56999969482422,16.190000534057617,16.309999465942383,16.309999465942383,526600
16.3700008392334,16.489999771118164,15.5,15.84000015258789,15.84000015258789,924000
15.8100004196167,16.020000457763672,15.630000114440918,15.890000343322754,15.890000343322754,677700
15.979999542236328,16.170000076293945,15.15999984741211,15.479999542236328,15.479999542236328,692100
15.34000015258789,15.479999542236328,14.954999923706056,15.279999732971191,15.279999732971191,777800
15.289999961853027,15.699999809265137,15.039999961853027,15.6899995803833,15.6899995803833,643900
15.859999656677246,16.040000915527344,15.529000282287598,15.850000381469728,15.850000381469728,486600
15.739999771118164,16.1200008392334,15.359999656677246,16.010000228881836,16.010000228881836,532300
15.84000015258789,16.030000686645508,15.229999542236328,15.260000228881836,15.260000228881836,682500
15.4399995803833,15.699999809265137,15.34000015258789,15.489999771118164,15.489999771118164,499700
15.3100004196167,15.59000015258789,14.8100004196167,14.949999809265137,14.949999809265137,702700
15.18000030517578,15.619999885559082,15.18000030517578,15.300000190734863,15.300000190734863,483900
15.100000381469728,15.53499984741211,15.0600004196167,15.5,15.5,301600
15.56999969482422,15.640000343322754,15.329999923706056,15.420000076293944,15.420000076293944,399500
15.100000381469728,15.390000343322754,14.609999656677246,15.34000015258789,15.34000015258789,710500
15.380000114440918,15.479999542236328,15.130000114440918,15.4399995803833,15.4399995803833,672000
15.399999618530272,15.399999618530272,14.390000343322754,14.399999618530272,14.399999618530272,811000
14.550000190734863,14.609999656677246,14.279999732971191,14.43000030517578,14.43000030517578,441200
15.239999771118164,15.300000190734863,14.520000457763672,14.56999969482422,14.56999969482422,921400
14.56999969482422,14.9399995803833,14.420000076293944,14.600000381469728,14.600000381469728,535700
14.789999961853027,15.420000076293944,14.729999542236328,15.34000015258789,15.34000015258789,594700
15.229999542236328,15.970000267028809,15.140000343322754,15.899999618530272,15.899999618530272,848900
15.979999542236328,16.18000030517578,15.869999885559082,16.100000381469727,16.100000381469727,741400
16.100000381469727,16.15999984741211,15.720000267028809,16.030000686645508,16.030000686645508,998700
16.079999923706055,16.329999923706055,15.744999885559082,16.229999542236328,16.229999542236328,1188700
16.8700008392334,16.899999618530273,16.295000076293945,16.459999084472656,16.459999084472656,1695200
16.59000015258789,16.780000686645508,16.1200008392334,16.329999923706055,16.329999923706055,706900
16.510000228881836,16.920000076293945,16.170000076293945,16.25,16.25,455200
16.329999923706055,16.584999084472656,16.049999237060547,16.299999237060547,16.299999237060547,529700
16.190000534057617,16.420000076293945,15.760000228881836,15.81999969482422,15.81999969482422,412200
15.850000381469728,15.949000358581545,15.704999923706056,15.90999984741211,15.90999984741211,732600
15.890000343322754,16.270000457763672,15.75,16.100000381469727,16.100000381469727,659400
16.06999969482422,16.280000686645508,15.850000381469728,16.219999313354492,16.219999313354492,433700
16.219999313354492,16.625999450683594,16.190000534057617,16.489999771118164,16.489999771118164,744800
16.469999313354492,16.59000015258789,16.25,16.469999313354492,16.469999313354492,430700
16.450000762939453,16.450000762939453,16.135000228881836,16.209999084472656,16.209999084472656,234400
16.239999771118164,16.700000762939453,16.229999542236328,16.68000030517578,16.68000030517578,386500
16.690000534057617,16.690000534057617,16.420000076293945,16.649999618530273,16.649999618530273,578400
16.75,16.834999084472656,16.309999465942383,16.360000610351562,16.360000610351562,582200
16.190000534057617,16.565000534057617,16.15999984741211,16.270000457763672,16.270000457763672,778900
16.3700008392334,16.56999969482422,16.030000686645508,16.350000381469727,16.350000381469727,626400
16.469999313354492,16.832000732421875,16.420000076293945,16.579999923706055,16.579999923706055,448900
16.649999618530273,17.170000076293945,16.610000610351562,17.149999618530273,17.149999618530273,757400
17.270000457763672,17.799999237060547,17.010000228881836,17.25,17.25,898900
17.25,17.649999618530273,17.010000228881836,17.6200008392334,17.6200008392334,1022900
17.600000381469727,17.700000762939453,17.229999542236328,17.260000228881836,17.260000228881836,410200
17.34000015258789,17.5,16.520000457763672,16.59000015258789,16.59000015258789,739000
16.25,16.5,15.75,16.469999313354492,16.469999313354492,847000
16.5,16.670000076293945,16.450000762939453,16.540000915527344,16.540000915527344,713300
16.700000762939453,16.829999923706055,16.3700008392334,16.600000381469727,16.600000381469727,1957600
12.890000343322754,14.390000343322754,12.829999923706056,14.260000228881836,14.260000228881836,8920300
14.149999618530272,14.789999961853027,13.81999969482422,14.380000114440918,14.380000114440918,2472200
14.369999885559082,14.380000114440918,13.6899995803833,13.710000038146973,13.710000038146973,2056700
13.609999656677246,14.079999923706056,13.40999984741211,14.0,14.0,1472800
14.050000190734863,14.55500030517578,13.920000076293944,14.010000228881836,14.010000228881836,1187300
13.960000038146973,14.529999732971191,13.920000076293944,14.279999732971191,14.279999732971191,1134800
14.350000381469728,14.479999542236328,13.989999771118164,14.029999732971191,14.029999732971191,1095400
14.0600004196167,14.119999885559082,13.770000457763672,14.020000457763672,14.020000457763672,928600
14.029999732971191,14.100000381469728,13.81999969482422,13.850000381469728,13.850000381469728,998000
13.829999923706056,14.010000228881836,13.760000228881836,14.010000228881836,14.010000228881836,1017200
14.1899995803833,14.329999923706056,13.550000190734863,14.100000381469728,14.100000381469728,4704400
14.109999656677246,14.604999542236328,13.960000038146973,14.489999771118164,14.489999771118164,1559400
14.529999732971191,14.539999961853027,14.15999984741211,14.390000343322754,14.390000343322754,334900
14.420000076293944,14.6899995803833,14.317999839782717,14.510000228881836,14.510000228881836,468300
14.539999961853027,14.75,14.43000030517578,14.609999656677246,14.609999656677246,634000
14.609999656677246,14.710000038146973,14.199999809265137,14.25,14.25,992200
14.149999618530272,14.449999809265137,14.109999656677246,14.420000076293944,14.420000076293944,1054100
14.649999618530272,15.149999618530272,14.510000228881836,14.640000343322754,14.640000343322754,1277100
14.420000076293944,14.5,14.149999618530272,14.25,14.25,1037900
14.229999542236328,14.850000381469728,14.06999969482422,14.770000457763672,14.770000457763672,1025700
14.699999809265137,14.899999618530272,14.458999633789062,14.710000038146973,14.710000038146973,1077200
14.699999809265137,14.81999969482422,14.479999542236328,14.770000457763672,14.770000457763672,842100
14.90999984741211,15.09000015258789,14.68000030517578,14.949999809265137,14.949999809265137,1190300
14.960000038146973,15.0,14.75,14.949999809265137,14.949999809265137,674400
15.020000457763672,15.600000381469728,14.949999809265137,15.59000015258789,15.59000015258789,998300
15.550000190734863,15.5600004196167,15.020000457763672,15.34000015258789,15.34000015258789,690400
15.369999885559082,15.600000381469728,15.109999656677246,15.140000343322754,15.140000343322754,596700
15.279999732971191,15.489999771118164,15.229999542236328,15.350000381469728,15.350000381469728,707300
15.460000038146973,15.640000343322754,15.15999984741211,15.630000114440918,15.630000114440918,1479200
15.649999618530272,15.949999809265137,15.420000076293944,15.75,15.75,977800
15.81999969482422,16.049999237060547,15.510000228881836,15.520000457763672,15.520000457763672,674800
15.460000038146973,15.510000228881836,15.1899995803833,15.31999969482422,15.31999969482422,568800
15.43000030517578,15.56999969482422,14.850000381469728,15.039999961853027,15.039999961853027,691400
14.5600004196167,15.119999885559082,14.520000457763672,14.949999809265137,14.949999809265137,806700
15.029999732971191,15.300000190734863,14.949999809265137,15.229999542236328,15.229999542236328,501600
15.369999885559082,15.42199993133545,15.020000457763672,15.18000030517578,15.18000030517578,540600
15.0,15.390000343322754,15.0,15.350000381469728,15.350000381469728,446900
15.25,15.274999618530272,14.619999885559082,14.9399995803833,14.9399995803833,995600
15.010000228881836,15.260000228881836,14.369999885559082,15.210000038146973,15.210000038146973,1678500
15.470000267028809,15.609999656677246,15.09000015258789,15.539999961853027,15.539999961853027,730400
15.75,15.880000114440918,15.170000076293944,15.489999771118164,15.489999771118164,502800
15.529999732971191,16.0,15.34000015258789,15.9399995803833,15.9399995803833,601000
15.93000030517578,15.960000038146973,15.739999771118164,15.880000114440918,15.880000114440918,503400
15.81999969482422,15.899999618530272,15.5600004196167,15.75,15.75,543800
15.829999923706056,16.420000076293945,15.43000030517578,16.209999084472656,16.209999084472656,1038700
16.260000228881836,16.350000381469727,15.81999969482422,15.899999618530272,15.899999618530272,562600
15.720000267028809,16.229999542236328,15.630000114440918,16.149999618530273,16.149999618530273,585800
16.059999465942383,16.25,15.880000114440918,16.1200008392334,16.1200008392334,569500
16.06999969482422,16.635000228881836,16.030000686645508,16.450000762939453,16.450000762939453,1222700
16.579999923706055,16.93000030517578,16.545000076293945,16.920000076293945,16.920000076293945,640900
16.829999923706055,16.985000610351562,16.280000686645508,16.40999984741211,16.40999984741211,784500
16.3799991607666,16.489999771118164,15.859999656677246,16.450000762939453,16.450000762939453,738100
15.470000267028809,16.075000762939453,15.461000442504885,15.979999542236328,15.979999542236328,664600
16.139999389648438,16.260000228881836,15.539999961853027,15.68000030517578,15.68000030517578,780200
15.850000381469728,16.260000228881836,15.274999618530272,15.529999732971191,15.529999732971191,1122300
15.149999618530272,15.81999969482422,14.975000381469728,15.039999961853027,15.039999961853027,1351700
14.510000228881836,15.4399995803833,14.255000114440918,15.15999984741211,15.15999984741211,1352200
15.140000343322754,15.350000381469728,14.765000343322754,15.06999969482422,15.06999969482422,1365200
15.170000076293944,15.170000076293944,14.039999961853027,14.5,14.5,1684500
16.06999969482422,16.440000534057617,14.960000038146973,15.289999961853027,15.289999961853027,1656900
14.829999923706056,15.699999809265137,14.75,15.039999961853027,15.039999961853027,1216300
14.710000038146973,14.9399995803833,14.020000457763672,14.40999984741211,14.40999984741211,1189100
13.449999809265137,13.800000190734863,13.1899995803833,13.270000457763672,13.270000457763672,1143900
13.630000114440918,13.920000076293944,12.640000343322754,13.90999984741211,13.90999984741211,2115600
13.529999732971191,14.130000114440918,12.949999809265137,13.399999618530272,13.399999618530272,1332600
12.5,12.9399995803833,11.869999885559082,11.880000114440918,11.880000114440918,1525500
12.43000030517578,13.390000343322754,11.770000457763672,13.359999656677246,13.359999656677246,1293400
11.75,11.9399995803833,11.020000457763672,11.779999732971191,11.779999732971191,1887200
11.90999984741211,11.954999923706056,10.56999969482422,11.470000267028809,11.470000267028809,2078200
10.729999542236328,11.050000190734863,9.56999969482422,10.0600004196167,10.0600004196167,1654600
10.079999923706056,10.968999862670898,9.829999923706056,10.600000381469728,10.600000381469728,1111200
10.739999771118164,11.710000038146973,10.56999969482422,10.829999923706056,10.829999923706056,2349700
10.829999923706056,10.899999618530272,9.744999885559082,10.010000228881836,10.010000228881836,1935200
10.529999732971191,11.329999923706056,10.199999809265137,11.170000076293944,11.170000076293944,1929500
11.199999809265137,11.609999656677246,10.579999923706056,10.890000343322754,10.890000343322754,1376300
10.970000267028809,11.899999618530272,10.720000267028809,11.31999969482422,11.31999969482422,1253800
10.899999618530272,11.270000457763672,10.43000030517578,10.979999542236328,10.979999542236328,1090700
11.0,11.08899974822998,10.390000343322754,10.710000038146973,10.710000038146973,843700
10.789999961853027,11.020000457763672,9.984999656677246,10.1899995803833,10.1899995803833,1629500
9.890000343322754,10.31999969482422,9.510000228881836,9.640000343322754,9.640000343322754,1337500
