13.800000190734863,14.0,13.380000114440918,13.5,9.294634819030762,2419800
13.5,14.199999809265137,12.75,13.800000190734863,9.501182556152344,711200
13.5,14.15999984741211,13.5,13.949999809265137,9.604455947875977,320300
13.989999771118164,14.0,13.699999809265137,13.800000190734863,9.501182556152344,205100
14.020000457763672,14.329999923706056,13.68000030517578,13.68000030517578,9.418563842773438,266000
13.600000381469728,13.789999961853027,13.5,13.5,9.294634819030762,210900
13.5,13.604999542236328,13.31999969482422,13.484999656677246,9.284307479858398,131300
13.5,13.619999885559082,13.350000381469728,13.399999618530272,9.225785255432127,116800
13.539999961853027,13.633000373840332,13.350000381469728,13.369999885559082,9.20513153076172,253100
13.640000343322754,13.760000228881836,13.270000457763672,13.300000190734863,9.156936645507812,44800
13.279999732971191,13.571999549865724,13.279999732971191,13.5,9.294634819030762,35400
13.449999809265137,13.625,13.449999809265137,13.449999809265137,9.260210990905762,28000
13.449999809265137,13.630000114440918,13.449999809265137,13.470000267028809,9.273981094360352,23600
13.449999809265137,13.699999809265137,13.449999809265137,13.460000038146973,9.267095565795898,23800
13.449999809265137,13.529999732971191,13.449999809265137,13.489999771118164,9.287750244140623,36400
13.5,13.545000076293944,13.279999732971191,13.279999732971191,9.143166542053224,11300
13.520000457763672,13.640000343322754,12.460000038146973,12.664999961853027,8.719744682312012,40100
12.670000076293944,12.979999542236328,12.600000381469728,12.739999771118164,8.771381378173828,49300
12.619999885559082,13.210000038146973,12.619999885559082,13.0,8.95038890838623,19200
14.0,14.0,12.140000343322754,12.904999732971191,8.884982109069824,224100
12.920000076293944,12.989999771118164,12.270000457763672,12.579999923706056,8.661223411560059,58400
12.960000038146973,13.199999809265137,12.050000190734863,12.5,8.606143951416016,180000
12.350000381469728,12.8100004196167,12.28499984741211,12.479999542236328,8.59237289428711,79700
12.68000030517578,12.720000267028809,12.06999969482422,12.420000076293944,8.551063537597656,69200
12.420000076293944,13.020000457763672,12.399999618530272,12.619999885559082,8.688762664794922,32300
12.539999961853027,12.649999618530272,12.5,12.550000190734863,8.640568733215332,30900
12.600000381469728,12.75,12.520000457763672,12.729999542236328,8.764495849609375,64300
12.970000267028809,12.970000267028809,12.56700038909912,12.600000381469728,8.674993515014648,23600
12.520000457763672,12.789999961853027,12.4399995803833,12.550000190734863,8.640568733215332,15100
12.550000190734863,12.57800006866455,12.31999969482422,12.5,8.606143951416016,19500
12.300000190734863,12.350000381469728,12.100000381469728,12.270000457763672,8.447790145874023,33900
12.130000114440918,12.130000114440918,10.920000076293944,11.949999809265137,8.227473258972168,61400
11.899999618530272,11.899999618530272,11.0,11.149999618530272,7.676679611206055,29800
11.029999732971191,11.619999885559082,11.015000343322754,11.300000190734863,7.779953956604004,64600
11.609999656677246,12.720000267028809,11.56999969482422,12.600000381469728,8.674993515014648,61000
12.59000015258789,13.09000015258789,11.510000228881836,12.890000343322754,8.874655723571777,104900
12.550000190734863,13.350000381469728,12.520000457763672,13.239999771118164,9.11562728881836,42500
13.25,13.329999923706056,13.0,13.109999656677246,9.026123046875,35700
13.149999618530272,13.479999542236328,12.40999984741211,13.220000267028809,9.10185718536377,114500
13.43000030517578,13.449999809265137,12.947999954223633,13.449999809265137,9.260210990905762,30100
13.470000267028809,13.479999542236328,13.0600004196167,13.210000038146973,9.094972610473633,15000
13.449999809265137,13.5,12.630999565124512,13.220000267028809,9.10185718536377,61200
12.760000228881836,13.600000381469728,12.729999542236328,13.5,9.294634819030762,55200
13.270000457763672,13.550000190734863,12.925000190734863,13.210000038146973,9.094972610473633,96300
13.18000030517578,13.5,13.109999656677246,13.350000381469728,9.191362380981444,101500
13.100000381469728,14.244999885559082,13.0,13.720000267028809,9.446104049682615,218600
14.0,14.0,13.487000465393066,13.949999809265137,9.604455947875977,27300
13.5,15.755000114440918,13.100000381469728,14.449999809265137,9.948701858520508,167500
14.699999809265137,15.329999923706056,14.699999809265137,14.899999618530272,10.258522987365724,28600
15.440999984741213,15.440999984741213,14.800000190734863,14.899999618530272,10.258522987365724,18200
15.300000190734863,15.300000190734863,14.210000038146973,14.220000267028809,9.790349006652832,36800
14.100000381469728,15.0,13.880000114440918,14.520000457763672,9.996896743774414,38000
14.300000190734863,14.50100040435791,13.84000015258789,14.289999961853027,9.838542938232422,61900
14.470000267028809,14.470000267028809,14.020000457763672,14.380000114440918,9.900507926940918,12900
14.692999839782717,14.90999984741211,14.4399995803833,14.449999809265137,9.948701858520508,18600
14.489999771118164,15.880000114440918,14.449999809265137,15.880000114440918,10.933244705200195,119100
15.880000114440918,15.892000198364258,14.75,15.239999771118164,10.492609977722168,96100
15.239999771118164,15.75,14.720000267028809,14.739999771118164,10.148365020751951,31100
15.199999809265137,16.280000686645508,15.149999618530272,16.020000457763672,11.029633522033691,56200
16.239999771118164,16.479999542236328,15.0649995803833,15.100000381469728,10.396222114562988,58700
15.600000381469728,15.729999542236328,14.760000228881836,14.8100004196167,10.196558952331545,39300
15.0,15.100000381469728,13.619999885559082,13.65999984741211,9.404793739318848,65200
13.600000381469728,14.380000114440918,13.600000381469728,14.220000267028809,9.790349006652832,21700
14.579999923706056,14.579999923706056,14.0,14.0,9.638880729675291,17400
14.100000381469728,15.100000381469728,14.100000381469728,14.979999542236328,10.31360149383545,28400
15.5,15.96500015258789,14.550000190734863,14.8100004196167,10.196558952331545,68100
14.59000015258789,15.18000030517578,14.59000015258789,14.829999923706056,10.210329055786133,16200
15.0,15.243000030517578,14.43000030517578,14.56999969482422,10.031320571899414,35000
14.824999809265137,15.300000190734863,14.699999809265137,14.770000457763672,10.169018745422363,27500
14.878999710083008,15.100000381469728,14.5600004196167,14.6899995803833,10.11393928527832,45300
14.600000381469728,15.800000190734863,14.600000381469728,15.550000190734863,10.706043243408203,42400
15.850000381469728,15.850000381469728,15.09000015258789,15.229999542236328,10.485724449157717,88900
15.640000343322754,15.68000030517578,15.149999618530272,15.68000030517578,10.795546531677246,46700
15.699999809265137,15.770000457763672,15.260000228881836,15.5,10.67161750793457,112700
15.529999732971191,16.329999923706055,15.300000190734863,15.899999618530272,10.947013854980469,53000
15.890000343322754,16.298999786376953,15.0,16.15399932861328,11.121891021728516,85900
16.450000762939453,16.950000762939453,15.529999732971191,15.630000114440918,10.76112174987793,115800
16.46299934387207,16.46299934387207,16.0,16.09000015258789,11.07782745361328,21000
16.3799991607666,16.780000686645508,16.184999465942383,16.3799991607666,11.27748966217041,20500
16.020000457763672,16.479999542236328,15.81999969482422,15.90999984741211,10.953900337219238,13800
16.100000381469727,16.100000381469727,15.800000190734863,15.800000190734863,10.878166198730469,15000
15.8100004196167,16.5,15.800000190734863,16.239999771118164,11.18110179901123,60600
16.690000534057617,17.610000610351562,16.540000915527344,17.549999237060547,12.083024978637695,74700
18.200000762939453,20.950000762939453,18.200000762939453,18.979999542236328,13.067567825317385,324500
19.0,19.0,18.09000015258789,18.8700008392334,12.991835594177246,91900
19.450000762939453,19.450000762939453,18.584999084472656,18.81999969482422,12.957409858703612,93200
19.18000030517578,19.18000030517578,18.81999969482422,19.0,13.081338882446287,70500
19.0,19.0,18.20499992370605,18.38999938964844,12.661357879638672,115800
18.229999542236328,18.59000015258789,18.030000686645508,18.190000534057617,12.52366065979004,21200
18.059999465942383,18.88999938964844,18.059999465942383,18.8799991607666,12.99871826171875,33100
19.0,19.0,18.66900062561035,18.979999542236328,13.067567825317385,36500
19.0,19.18000030517578,17.600000381469727,17.690000534057617,12.179414749145508,104700
17.81999969482422,18.714000701904297,17.610000610351562,17.729999542236328,12.206953048706056,34100
17.8700008392334,18.38999938964844,17.15999984741211,17.579999923706055,12.103680610656738,109500
17.729999542236328,17.92099952697754,16.299999237060547,16.719999313354492,11.511577606201172,92800
16.700000762939453,17.045000076293945,16.049999237060547,16.3700008392334,11.270606994628906,370600
16.479999542236328,17.760000228881836,16.479999542236328,17.290000915527344,11.904019355773926,62500
17.420000076293945,18.479999542236328,17.420000076293945,18.450000762939453,12.702669143676758,40800
18.5,18.5,17.549999237060547,17.790000915527344,12.248265266418455,22500
18.270000457763672,18.56999969482422,17.940000534057617,18.36000061035156,12.640704154968262,43100
18.299999237060547,18.299999237060547,17.3799991607666,17.700000762939453,12.18630027770996,16700
17.700000762939453,18.26000022888184,17.700000762939453,18.100000381469727,12.46169662475586,33900
18.059999465942383,18.290000915527344,17.700000762939453,17.93000030517578,12.344653129577637,19400
18.049999237060547,19.450000762939453,18.049999237060547,19.309999465942383,13.294770240783691,130900
19.0,19.0,18.424999237060547,18.729999542236328,12.895444869995115,65200
18.51000022888184,18.790000915527344,18.160999298095703,18.790000915527344,12.936756134033203,54100
18.920000076293945,18.950000762939453,18.38500022888184,18.739999771118164,12.90233039855957,14200
18.8799991607666,18.96999931335449,18.10099983215332,18.5,12.737092971801758,21700
18.350000381469727,19.0,18.350000381469727,18.86000061035156,12.984950065612791,24500
18.90999984741211,18.90999984741211,18.33699989318848,18.540000915527344,12.764633178710938,33800
18.57999992370605,19.0,18.540000915527344,19.0,13.081338882446287,24100
18.770000457763672,18.920000076293945,18.540000915527344,18.540000915527344,12.764633178710938,8900
18.71999931335449,19.0,18.5,18.520000457763672,12.750863075256348,47900
18.5,18.65800094604492,18.5,18.51000022888184,12.743977546691896,12700
18.57999992370605,18.709999084472656,18.40999984741211,18.40999984741211,12.675128936767578,29400
18.489999771118164,18.57999992370605,18.350000381469727,18.3700008392334,12.647588729858398,19500
18.440000534057617,18.53700065612793,18.11000061035156,18.11000061035156,12.46858024597168,15300
18.190000534057617,18.399999618530277,17.770000457763672,17.770000457763672,12.23449420928955,65400
18.0,18.0,17.5,17.5,12.04860019683838,18700
17.5,18.200000762939453,17.399999618530273,17.549999237060547,12.083024978637695,46200
17.5,18.18000030517578,17.3799991607666,18.13999938964844,12.489234924316406,25600
18.190000534057617,18.8799991607666,18.190000534057617,18.82999992370605,12.96429443359375,52500
18.899999618530277,19.01000022888184,18.81999969482422,18.950000762939453,13.046914100646973,50100
18.86000061035156,18.86000061035156,18.0,18.57999992370605,12.792171478271484,53300
18.61000061035156,18.61000061035156,18.51000022888184,18.59000015258789,12.799057006835938,4100
18.450000762939453,18.979999542236328,18.350000381469727,18.350000381469727,12.633819580078123,11000
18.559999465942383,18.56999969482422,18.049999237060547,18.530000686645508,12.757747650146484,32400
18.32999992370605,18.61000061035156,18.170000076293945,18.489999771118164,12.730207443237305,9400
18.690000534057617,18.690000534057617,18.51000022888184,18.51000022888184,12.743977546691896,9500
18.739999771118164,18.739999771118164,18.5,18.549999237060547,12.771516799926758,38500
18.38999938964844,18.625,18.059999465942383,18.200000762939453,12.530546188354492,70800
18.299999237060547,18.399999618530277,18.15999984741211,18.299999237060547,12.599393844604492,6800
18.299999237060547,18.600000381469727,18.299999237060547,18.57999992370605,12.792171478271484,23300
18.979999542236328,18.989999771118164,18.299999237060547,18.299999237060547,12.599393844604492,49400
18.36000061035156,18.600000381469727,18.36000061035156,18.40999984741211,12.675128936767578,12300
18.440000534057617,18.63999938964844,18.43000030517578,18.559999465942383,12.778402328491213,1500
18.96999931335449,19.0,18.799999237060547,19.0,13.081338882446287,30200
18.5,19.0,18.5,18.709999084472656,12.881674766540527,42000
18.950000762939453,18.97900009155273,18.75,18.82999992370605,12.96429443359375,8700
18.84000015258789,19.020000457763672,18.84000015258789,19.0,13.081338882446287,66900
19.0,19.01000022888184,18.600000381469727,18.979999542236328,13.067567825317385,38000
19.100000381469727,19.940000534057617,18.450000762939453,18.46999931335449,12.716436386108398,187700
18.690000534057617,19.150999069213867,16.299999237060547,16.559999465942383,11.401418685913086,148800
16.0,17.799999237060547,15.68000030517578,17.309999465942383,11.917787551879885,245900
17.0,17.90999984741211,17.0,17.770000457763672,12.23449420928955,65200
17.6299991607666,17.6299991607666,17.114999771118164,17.1299991607666,11.793858528137209,77800
17.0,17.610000610351562,17.0,17.549999237060547,12.083024978637695,38100
17.600000381469727,17.600000381469727,17.200000762939453,17.219999313354492,11.855822563171388,40700
17.799999237060547,18.0,17.59000015258789,17.979999542236328,12.37907600402832,111700
17.459999084472656,17.920000076293945,17.459999084472656,17.540000915527344,12.076142311096191,32000
17.350000381469727,17.90999984741211,17.299999237060547,17.649999618530273,12.151874542236328,33100
17.559999465942383,17.8700008392334,17.469999313354492,17.5,12.04860019683838,24000
17.639999389648438,17.889999389648438,17.520000457763672,17.760000228881836,12.227608680725098,48500
17.600000381469727,17.81999969482422,17.5,17.520000457763672,12.062371253967283,26700
17.5,17.65999984741211,17.299999237060547,17.5,12.04860019683838,41700
17.3799991607666,17.579999923706055,17.299999237060547,17.549999237060547,12.083024978637695,57900
17.450000762939453,17.540000915527344,17.360000610351562,17.5,12.04860019683838,19700
17.440000534057617,17.540000915527344,17.399999618530273,17.489999771118164,12.04171657562256,22000
17.40999984741211,17.510000228881836,17.350000381469727,17.479999542236328,12.034830093383787,19900
17.299999237060547,17.389999389648438,17.200000762939453,17.389999389648438,11.972867012023926,118800
17.299999237060547,17.68000030517578,17.299999237060547,17.559999465942383,12.089910507202148,79800
17.479999542236328,17.56999969482422,17.420000076293945,17.450000762939453,12.01417636871338,25400
17.391000747680664,17.391000747680664,17.100000381469727,17.100000381469727,11.773204803466797,45800
16.93000030517578,17.020000457763672,16.530000686645508,16.579999923706055,11.415189743041992,48300
16.709999084472656,16.81999969482422,16.520000457763672,16.520000457763672,11.373879432678224,28400
16.709999084472656,16.729000091552734,16.5,16.520000457763672,11.373879432678224,39900
16.5,16.690000534057617,16.5,16.56999969482422,11.40830421447754,15300
16.670000076293945,16.790000915527344,16.510000228881836,16.540000915527344,11.387649536132812,23000
16.5,16.6299991607666,16.360000610351562,16.399999618530273,11.291259765625,30000
16.389999389648438,16.540000915527344,16.299999237060547,16.440000534057617,11.31879997253418,13600
16.459999084472656,16.479999542236328,16.200000762939453,16.25,11.187986373901367,44000
16.170000076293945,16.5,16.170000076293945,16.299999237060547,11.222410202026367,43800
16.3799991607666,16.399999618530273,16.200000762939453,16.399999618530273,11.291259765625,11800
16.18000030517578,16.489999771118164,16.18000030517578,16.450000762939453,11.325685501098633,20400
16.100000381469727,16.389999389648438,16.100000381469727,16.239999771118164,11.18110179901123,42700
16.139999389648438,16.90999984741211,16.139999389648438,16.889999389648438,11.628620147705078,38000
16.510000228881836,17.299999237060547,16.510000228881836,16.899999618530273,11.635505676269531,403600
16.850000381469727,16.860000610351562,16.780000686645508,16.780000686645508,11.55288791656494,14700
16.979999542236328,18.332000732421875,16.969999313354492,18.040000915527344,12.420387268066406,521800
17.979999542236328,17.979999542236328,16.690000534057617,17.270000457763672,11.89024829864502,126500
17.170000076293945,17.2810001373291,16.860000610351562,17.190000534057617,11.835168838500977,41100
17.190000534057617,17.600000381469727,17.190000534057617,17.399999618530273,11.979750633239746,45800
17.030000686645508,17.469999313354492,16.628000259399414,17.280000686645508,11.897133827209473,67500
17.280000686645508,17.35099983215332,17.030000686645508,17.15999984741211,11.81451416015625,26000
17.149999618530273,17.152999877929688,16.31100082397461,16.790000915527344,11.559772491455078,78600
16.600000381469727,16.77899932861328,16.0,16.350000381469727,11.2568359375,77100
16.350000381469727,16.739999771118164,16.0,16.719999313354492,11.511577606201172,74300
16.579999923706055,16.989999771118164,16.399999618530273,16.90999984741211,11.642391204833984,84000
16.93000030517578,17.239999771118164,16.559999465942383,17.219999313354492,11.855822563171388,48200
16.93000030517578,17.399999618530273,16.920000076293945,17.260000228881836,11.883362770080566,45900
16.979999542236328,17.65999984741211,16.979999542236328,17.34000015258789,11.93844223022461,29700
17.149999618530273,17.231000900268555,16.610000610351562,16.6299991607666,11.449612617492676,17900
16.6299991607666,17.299999237060547,16.5,17.290000915527344,11.904019355773926,21300
17.299999237060547,17.299999237060547,16.799999237060547,17.190000534057617,11.835168838500977,12300
17.170000076293945,17.270000457763672,16.910999298095703,16.920000076293945,11.64927577972412,12700
16.670000076293945,17.15399932861328,16.670000076293945,16.719999313354492,11.511577606201172,26100
16.729999542236328,16.913000106811523,16.510000228881836,16.8700008392334,11.61485195159912,53900
16.93000030517578,16.93000030517578,16.559999465942383,16.709999084472656,11.50469207763672,36800
16.600000381469727,16.6299991607666,16.5,16.6299991607666,11.449612617492676,70700
16.520000457763672,16.549999237060547,16.309999465942383,16.309999465942383,11.229296684265137,25100
16.329999923706055,16.780000686645508,16.329999923706055,16.770000457763672,11.546002388000488,27000
16.799999237060547,16.799999237060547,16.399999618530273,16.6200008392334,11.442729949951172,35100
16.540000915527344,16.940000534057617,16.540000915527344,16.719999313354492,11.511577606201172,17100
16.700000762939453,17.040000915527344,16.700000762939453,16.8700008392334,11.61485195159912,47600
16.8700008392334,17.239999771118164,16.8700008392334,17.1200008392334,11.786974906921388,47400
17.1299991607666,17.299999237060547,17.1299991607666,17.229999542236328,11.86270809173584,24900
17.18000030517578,17.290000915527344,17.010000228881836,17.049999237060547,11.738779067993164,43700
17.1200008392334,17.290000915527344,17.010000228881836,17.270000457763672,11.89024829864502,38700
17.299999237060547,17.299999237060547,17.100000381469727,17.18000030517578,11.82828426361084,26400
16.780000686645508,17.204999923706055,16.58300018310547,17.149999618530273,11.80762767791748,36700
17.209999084472656,18.780000686645508,17.128999710083008,18.479999542236328,12.723321914672852,231600
18.38999938964844,18.440000534057617,18.299999237060547,18.36000061035156,12.640704154968262,75800
18.31999969482422,18.68000030517578,18.31999969482422,18.600000381469727,12.80594253540039,46500
18.459999084472656,18.51000022888184,18.299999237060547,18.299999237060547,12.599393844604492,56900
18.299999237060547,18.57999992370605,18.25,18.450000762939453,12.702669143676758,55000
18.450000762939453,18.96999931335449,18.450000762939453,18.56999969482422,12.785285949707031,253400
18.600000381469727,19.440000534057617,18.5,19.229999542236328,13.239691734313965,120800
19.920000076293945,19.950000762939453,18.61000061035156,18.86000061035156,12.984950065612791,245200
18.57999992370605,18.93000030517578,18.559999465942383,18.670000076293945,12.85413646697998,87500
18.549999237060547,18.88999938964844,18.549999237060547,18.729999542236328,12.895444869995115,100000
18.729999542236328,18.989999771118164,18.56999969482422,18.8799991607666,12.99871826171875,82400
18.8700008392334,18.8799991607666,18.51000022888184,18.8700008392334,12.991835594177246,71100
18.739999771118164,19.25,18.61100006103516,19.01000022888184,13.088223457336426,184300
19.200000762939453,21.450000762939453,19.200000762939453,20.76000022888184,14.293083190917969,388600
20.38999938964844,21.46999931335449,20.21999931335449,20.6299991607666,14.203577995300291,271900
20.799999237060547,22.96999931335449,20.799999237060547,22.780000686645508,15.683836936950684,402800
21.790000915527344,22.440000534057617,20.530000686645508,20.61000061035156,18.732257843017575,295000
20.01000022888184,20.93000030517578,20.0,20.600000381469727,18.72317123413086,394700
20.65999984741211,20.71999931335449,19.600000381469727,20.149999618530277,18.31416702270508,216400
19.86000061035156,20.11000061035156,19.38999938964844,19.96999931335449,18.15056800842285,157600
20.0,20.867000579833984,20.0,20.82999992370605,18.93221473693848,153700
20.799999237060547,21.190000534057617,20.642000198364254,20.899999618530277,18.99583625793457,103400
20.850000381469727,21.06999969482422,20.76300048828125,20.88999938964844,18.98674774169922,64600
20.850000381469727,20.950000762939453,20.51000022888184,20.65999984741211,18.77770233154297,43200
20.65999984741211,21.5,20.5,21.020000457763672,19.104904174804688,322100
20.57999992370605,21.25,20.57999992370605,21.040000915527344,19.123083114624023,82600
21.030000686645508,21.790000915527344,21.027999877929688,21.200000762939453,19.268505096435547,207300
21.13999938964844,21.36000061035156,20.0,20.0,18.17783546447754,299400
20.07999992370605,20.239999771118164,20.01000022888184,20.040000915527344,18.214191436767575,91500
20.0,20.200000762939453,19.989999771118164,20.01000022888184,18.18692398071289,145800
20.0,20.700000762939453,20.0,20.270000457763672,18.423234939575195,250200
20.309999465942383,20.61000061035156,19.989999771118164,20.01000022888184,18.18692398071289,191500
19.959999084472656,20.020000457763672,19.07099914550781,19.57999992370605,17.796100616455078,125800
19.51000022888184,19.790000915527344,19.40999984741211,19.440000534057617,17.668855667114258,41100
19.399999618530277,19.61000061035156,19.18000030517578,19.549999237060547,17.76883316040039,42100
19.520000457763672,19.68000030517578,19.3700008392334,19.59000015258789,17.80518913269043,34500
19.46999931335449,19.690000534057617,19.46999931335449,19.56999969482422,17.787012100219727,45400
19.479999542236328,19.559999465942383,18.15999984741211,18.200000762939453,16.54183006286621,265900
18.100000381469727,18.46999931335449,17.020000457763672,18.190000534057617,16.532739639282227,167600
17.540000915527344,17.700000762939453,15.770000457763672,16.520000457763672,15.014891624450684,434100
16.1200008392334,16.79199981689453,16.049999237060547,16.5,14.996713638305664,233000
16.489999771118164,16.489999771118164,15.050000190734863,15.270000457763672,13.878776550292969,230300
15.1899995803833,15.6899995803833,15.020999908447266,15.390000343322754,13.98784351348877,190700
15.239999771118164,16.089000701904297,15.100000381469728,15.760000228881836,14.32413387298584,154100
15.739999771118164,15.93000030517578,15.399999618530272,15.59000015258789,14.169622421264648,120900
15.470000267028809,15.5,15.119999885559082,15.229999542236328,13.84242057800293,143100
15.109999656677246,15.1899995803833,14.960000038146973,15.140000343322754,13.760621070861816,153600
15.0,15.0,13.899999618530272,14.390000343322754,13.07895278930664,176400
14.149999618530272,14.149999618530272,12.850000381469728,13.710000038146973,12.460905075073242,229000
13.699999809265137,13.829999923706056,12.913000106811523,13.0600004196167,11.870125770568848,260800
12.479999542236328,12.739999771118164,11.710000038146973,12.029999732971191,10.933966636657717,291500
11.40999984741211,12.880000114440918,11.40999984741211,12.68000030517578,11.524747848510742,203000
12.5600004196167,13.6899995803833,12.220000267028809,12.5600004196167,11.415679931640623,304700
12.619999885559082,13.239999771118164,12.619999885559082,12.81999969482422,11.651991844177246,144800
12.850000381469728,12.850000381469728,12.229999542236328,12.350000381469728,11.224813461303713,175400
12.15999984741211,12.479999542236328,12.010000228881836,12.270000457763672,11.152101516723633,198100
12.25,12.289999961853027,12.029999732971191,12.100000381469728,10.99759006500244,149100
12.029999732971191,12.460000038146973,11.93000030517578,12.279999732971191,11.161190032958984,158500
12.25,12.43000030517578,12.0600004196167,12.06999969482422,10.970322608947754,141800
12.109999656677246,12.5,12.010000228881836,12.470000267028809,11.333880424499512,145500
12.380000114440918,12.741000175476074,11.90999984741211,12.020000457763672,10.924878120422363,200700
11.789999961853027,11.91100025177002,11.15999984741211,11.420000076293944,10.37954330444336,180300
11.25,11.25,9.699999809265137,10.050000190734863,9.13436222076416,569800
9.890000343322754,10.800000190734863,9.640000343322754,10.510000228881836,9.552452087402344,475000
10.460000038146973,10.510000228881836,9.960000038146973,10.279999732971191,9.343406677246094,111600
10.25,10.380000114440918,9.8100004196167,10.039999961853027,9.125272750854492,183500
10.010000228881836,10.479999542236328,10.010000228881836,10.140000343322754,9.21616268157959,130100
10.0,10.774999618530272,8.529999732971191,10.149999618530272,9.225250244140623,1523600
10.100000381469728,10.852999687194824,9.989999771118164,10.380000114440918,9.434295654296877,208900
10.369999885559082,10.720000267028809,10.270000457763672,10.460000038146973,9.507007598876951,75100
10.449999809265137,10.9399995803833,10.449999809265137,10.649999618530272,9.679696083068848,117600
10.68000030517578,10.859999656677246,10.3100004196167,10.40999984741211,9.461562156677246,89100
10.479999542236328,10.689000129699709,10.350000381469728,10.380000114440918,9.434295654296877,46500
10.399999618530272,10.555999755859377,10.060999870300291,10.140000343322754,9.21616268157959,100000
10.18000030517578,10.3100004196167,9.970000267028809,10.039999961853027,9.125272750854492,153200
10.029999732971191,10.210000038146973,9.989999771118164,10.079999923706056,9.161627769470217,60000
10.029999732971191,10.130000114440918,9.899999618530272,9.989999771118164,9.079828262329102,50400
10.020000457763672,10.399999618530272,9.989999771118164,10.380000114440918,9.434295654296877,88300
10.369999885559082,10.699999809265137,10.350000381469728,10.609999656677246,9.643341064453123,67600
10.619999885559082,10.62399959564209,10.380000114440918,10.470000267028809,9.51609706878662,68800
10.5,10.600000381469728,10.390000343322754,10.4399995803833,9.488829612731934,35900
10.43000030517578,10.520000457763672,9.949999809265137,10.06999969482422,9.152539253234863,155600
10.06999969482422,10.199999809265137,9.920000076293944,9.920000076293944,9.016205787658691,109700
9.949999809265137,10.140000343322754,9.899999618530272,9.920000076293944,9.016205787658691,51300
9.93000030517578,10.149999618530272,9.93000030517578,10.09000015258789,9.170717239379885,39600
9.979999542236328,10.0600004196167,9.600000381469728,9.65999984741211,8.77989387512207,74400
9.65999984741211,9.904999732971191,9.649999618530272,9.8100004196167,8.916228294372559,47100
9.829999923706056,10.119999885559082,9.800000190734863,10.0,9.08891773223877,50100
10.09000015258789,10.470000267028809,10.09000015258789,10.350000381469728,9.407029151916504,69400
9.8100004196167,10.300000190734863,9.789999961853027,10.050000190734863,9.13436222076416,85700
10.0,10.300000190734863,9.760000228881836,10.18000030517578,9.252517700195312,65200
10.260000228881836,10.779999732971191,9.989999771118164,10.140000343322754,9.21616268157959,191000
10.09000015258789,10.399999618530272,10.010000228881836,10.229999542236328,9.297962188720703,91300
10.260000228881836,10.399999618530272,10.0600004196167,10.380000114440918,9.434295654296877,50400
10.420000076293944,10.420000076293944,10.210000038146973,10.25,9.316140174865724,46900
10.359999656677246,10.479999542236328,10.260000228881836,10.31999969482422,9.379761695861816,45200
10.300000190734863,10.420000076293944,10.220000267028809,10.3100004196167,9.370673179626465,34400
10.239999771118164,10.369999885559082,10.239999771118164,10.25,9.316140174865724,16000
10.260000228881836,10.31999969482422,10.09000015258789,10.09000015258789,9.170717239379885,57700
10.109999656677246,10.140000343322754,9.979999542236328,9.989999771118164,9.079828262329102,75900
10.020000457763672,10.130000114440918,9.970000267028809,10.0600004196167,9.143450736999512,26900
10.09000015258789,10.09000015258789,9.960000038146973,9.989999771118164,9.079828262329102,46100
10.029999732971191,10.07900047302246,9.850000381469728,9.869999885559082,8.9707612991333,68400
9.970000267028809,10.18000030517578,9.970000267028809,10.0,9.08891773223877,26200
9.5,9.890000343322754,9.25,9.628999710083008,8.751718521118164,201600
9.649999618530272,9.869999885559082,9.649999618530272,9.829999923706056,8.934405326843262,38300
9.8100004196167,9.890000343322754,9.68000030517578,9.75,8.8616943359375,30200
9.75,9.890000343322754,9.699999809265137,9.800000190734863,8.907139778137207,48400
9.75,10.184000015258787,9.75,9.979999542236328,9.070738792419434,50600
9.979999542236328,10.083000183105469,9.609999656677246,9.710000038146973,8.825338363647461,59700
9.770000457763672,10.0,9.770000457763672,9.989999771118164,9.079828262329102,32700
9.949999809265137,10.038000106811523,9.800000190734863,9.84000015258789,8.943493843078613,21100
9.829999923706056,10.0,9.720000267028809,9.890000343322754,8.98893928527832,46600
9.81999969482422,10.109999656677246,9.81999969482422,9.899999618530272,8.998027801513672,37100
9.979999542236328,10.06999969482422,9.9399995803833,9.989999771118164,9.079828262329102,18900
10.050000190734863,10.050000190734863,9.8100004196167,9.84000015258789,8.943493843078613,37900
9.640000343322754,10.020000457763672,9.640000343322754,9.90999984741211,9.007116317749023,45300
9.84000015258789,10.100000381469728,9.84000015258789,10.0600004196167,9.143450736999512,41900
10.020000457763672,10.06999969482422,9.899999618530272,10.06999969482422,9.152539253234863,17900
10.09000015258789,10.09000015258789,9.989999771118164,9.989999771118164,9.079828262329102,12600
10.029999732971191,10.09000015258789,9.899999618530272,9.90999984741211,9.007116317749023,47600
9.90999984741211,10.079999923706056,9.899999618530272,10.050000190734863,9.13436222076416,41100
9.970000267028809,10.050000190734863,9.970000267028809,10.020000457763672,9.107095718383787,35100
9.970000267028809,10.100000381469728,9.970000267028809,10.039999961853027,9.125272750854492,47300
10.050000190734863,10.100000381469728,10.010000228881836,10.09000015258789,9.170717239379885,30600
10.06999969482422,10.06999969482422,9.859999656677246,10.020000457763672,9.107095718383787,21800
10.010000228881836,10.010000228881836,9.779999732971191,9.890000343322754,8.98893928527832,16700
9.859999656677246,10.010000228881836,9.600000381469728,9.65999984741211,8.77989387512207,39300
9.949000358581545,9.949000358581545,9.130999565124512,9.670000076293944,8.788983345031738,41900
9.609999656677246,10.050000190734863,9.239999771118164,9.93000030517578,9.02529525756836,41100
10.039999961853027,10.039999961853027,9.880000114440918,9.9399995803833,9.034383773803713,23200
10.0,10.0,9.800000190734863,9.869999885559082,8.9707612991333,12300
9.93000030517578,9.93000030517578,9.65999984741211,9.880000114440918,8.979849815368652,40100
9.81999969482422,9.859999656677246,9.260000228881836,9.619999885559082,8.743537902832031,47500
9.5600004196167,9.890000343322754,9.5600004196167,9.880000114440918,8.979849815368652,29800
9.829999923706056,9.9399995803833,9.829999923706056,9.880000114440918,8.979849815368652,14400
9.869999885559082,9.9399995803833,9.730999946594238,9.829999923706056,8.934405326843262,23300
9.789999961853027,9.920000076293944,9.789999961853027,9.90999984741211,9.007116317749023,26000
9.927000045776367,9.949999809265137,9.8100004196167,9.850000381469728,8.952583312988281,15600
9.899999618530272,9.899999618530272,9.84000015258789,9.859999656677246,8.961671829223633,9300
9.84000015258789,9.899999618530272,9.800000190734863,9.800000190734863,8.907139778137207,14100
9.869999885559082,9.920000076293944,9.8100004196167,9.90999984741211,9.007116317749023,29400
9.897000312805176,9.897000312805176,9.81999969482422,9.84000015258789,8.943493843078613,13600
9.859999656677246,9.899999618530272,9.80500030517578,9.81999969482422,8.92531681060791,7200
9.829999923706056,9.890000343322754,9.81999969482422,9.81999969482422,8.92531681060791,13900
9.800000190734863,9.93000030517578,9.800000190734863,9.920000076293944,9.016205787658691,39400
9.880000114440918,9.9399995803833,9.850000381469728,9.9399995803833,9.034383773803713,59200
9.91800022125244,10.09000015258789,9.91800022125244,9.970000267028809,9.061651229858398,28700
9.970000267028809,10.449999809265137,9.970000267028809,10.3100004196167,9.370673179626465,133400
10.350000381469728,10.5600004196167,10.31999969482422,10.420000076293944,9.470651626586914,79500
10.54699993133545,11.359999656677246,10.449999809265137,11.050000190734863,10.043252944946287,138100
11.100000381469728,11.9399995803833,11.100000381469728,11.529999732971191,10.479520797729492,98300
11.6899995803833,12.329999923706056,10.979999542236328,11.170000076293944,10.152320861816406,117700
11.199999809265137,11.640000343322754,11.199999809265137,11.460000038146973,10.415899276733398,59900
11.550000190734863,11.649999618530272,11.18000030517578,11.329999923706056,10.29774284362793,25200
11.43000030517578,11.43000030517578,11.199999809265137,11.229999542236328,10.206853866577148,27500
11.199999809265137,11.59000015258789,11.119999885559082,11.579999923706056,10.5249662399292,50600
11.579999923706056,11.979999542236328,11.43000030517578,11.960000038146973,10.87034511566162,67200
12.079999923706056,12.25,11.6899995803833,12.0,10.906700134277344,138700
11.890000343322754,12.449999809265137,11.890000343322754,12.279999732971191,11.161190032958984,160700
12.170000076293944,12.8100004196167,12.170000076293944,12.6899995803833,11.533835411071776,119800
12.720000267028809,13.5,12.5,13.5,12.270037651062012,198500
13.1899995803833,14.8100004196167,13.130000114440918,14.710000038146973,13.369796752929688,652400
14.5,14.619999885559082,14.229999542236328,14.3100004196167,13.006240844726562,662700
14.220000267028809,14.289999961853027,13.300999641418455,13.550000190734863,12.31548309326172,482900
13.600000381469728,14.600000381469728,13.600000381469728,14.5,13.178929328918455,580900
14.640000343322754,14.760000228881836,13.010000228881836,13.010000228881836,11.824681282043455,312500
13.0600004196167,13.8100004196167,12.829999923706056,12.869999885559082,11.697436332702637,169900
12.859999656677246,13.185999870300291,12.289999961853027,12.970000267028809,11.788325309753418,136800
13.0,13.5600004196167,13.0,13.130000114440918,11.933748245239258,181400
13.010000228881836,14.232000350952148,12.760000228881836,12.970000267028809,11.788325309753418,192700
12.770000457763672,12.979999542236328,12.239999771118164,12.460000038146973,11.324790954589844,97000
12.3100004196167,12.399999618530272,11.489999771118164,12.210000038146973,11.09756851196289,314000
12.100000381469728,12.598999977111816,11.880000114440918,12.390000343322754,11.261168479919434,182300
12.43000030517578,13.329999923706056,11.970000267028809,12.710000038146973,11.552014350891112,258200
12.619999885559082,13.1899995803833,12.289999961853027,12.949999809265137,11.770148277282717,269500
12.949999809265137,13.18000030517578,12.59000015258789,12.760000228881836,11.597457885742188,187900
12.84000015258789,13.067999839782717,12.40999984741211,12.859999656677246,11.688346862792969,132400
12.81999969482422,13.149999618530272,12.619999885559082,12.880000114440918,11.706525802612305,160600
12.789999961853027,13.02299976348877,12.720000267028809,12.93000030517578,11.751970291137695,107200
12.84000015258789,13.149999618530272,11.350000381469728,11.43000030517578,10.388632774353027,357100
11.43000030517578,12.288999557495115,11.25,12.130000114440918,11.024856567382812,180600
12.020000457763672,12.3100004196167,11.710000038146973,12.09000015258789,10.988500595092772,186600
11.979999542236328,12.460000038146973,11.779999732971191,12.170000076293944,11.061212539672852,103800
12.050000190734863,12.270000457763672,12.0,12.135000228881836,11.029400825500488,82900
12.130000114440918,12.15999984741211,11.875,12.039999961853027,10.943056106567385,53000
12.020000457763672,12.279999732971191,11.51099967956543,12.18000030517578,11.07030200958252,87900
12.100000381469728,12.100000381469728,11.710000038146973,12.06999969482422,10.970322608947754,61700
11.90999984741211,12.0,11.5,11.800000190734863,10.72492218017578,81500
11.81999969482422,11.81999969482422,11.25,11.520000457763672,10.47043228149414,38700
11.199999809265137,11.449999809265137,10.220000267028809,10.710000038146973,9.734230995178224,183800
10.850000381469728,11.350000381469728,10.649999618530272,11.149999618530272,10.13414192199707,140200
10.100000381469728,11.140000343322754,10.0,10.479999542236328,9.525184631347656,152700
10.369999885559082,10.43000030517578,9.800000190734863,9.920000076293944,9.016205787658691,149700
9.90999984741211,10.140000343322754,9.730999946594238,9.989999771118164,9.079828262329102,97200
9.970000267028809,9.970000267028809,8.979999542236328,9.260000228881836,8.416337966918945,164200
9.149999618530272,9.170000076293944,8.550000190734863,8.550000190734863,7.771024703979492,73000
8.539999961853027,9.449999809265137,8.539999961853027,9.34000015258789,8.48904800415039,164000
9.25,9.890000343322754,9.130000114440918,9.68000030517578,8.79807186126709,141600
9.720000267028809,10.130000114440918,9.420000076293944,9.550000190734863,8.679916381835938,174100
9.510000228881836,10.0600004196167,9.270000457763672,9.789999961853027,8.898050308227539,80900
9.829999923706056,9.899999618530272,9.489999771118164,9.489999771118164,8.625382423400879,42100
9.460000038146973,9.579999923706056,9.3100004196167,9.4399995803833,8.579936981201172,54700
9.5,9.619999885559082,9.390000343322754,9.4399995803833,8.579936981201172,27200
9.489999771118164,9.638999938964844,9.350000381469728,9.489999771118164,8.625382423400879,54900
9.520000457763672,9.899999618530272,9.5,9.720000267028809,8.834427833557129,50800
9.75,9.880000114440918,9.510000228881836,9.609999656677246,8.734448432922363,20900
9.6899995803833,9.699999809265137,9.520000457763672,9.59000015258789,8.71627140045166,26500
9.579999923706056,9.640000343322754,9.5,9.539999961853027,8.67082691192627,15700
9.4399995803833,9.609999656677246,9.4399995803833,9.520000457763672,8.652649879455566,29100
9.520000457763672,9.6899995803833,9.520000457763672,9.619999885559082,8.743537902832031,23600
9.56999969482422,9.850000381469728,9.550000190734863,9.5600004196167,8.689005851745605,39500
9.56999969482422,9.6899995803833,9.539999961853027,9.56999969482422,8.698094367980957,15100
9.539999961853027,9.65999984741211,9.529999732971191,9.5600004196167,8.689005851745605,16600
9.479999542236328,9.621000289916992,9.149999618530272,9.40999984741211,8.5526704788208,62900
9.239999771118164,9.600000381469728,9.15999984741211,9.489999771118164,8.625382423400879,35600
9.359999656677246,9.59000015258789,9.199999809265137,9.479999542236328,8.616292953491211,58800
9.470000267028809,9.68000030517578,9.449999809265137,9.600000381469728,8.725360870361328,64400
9.359999656677246,9.49899959564209,9.279999732971191,9.300000190734863,8.452693939208984,58400
9.25,9.479999542236328,9.130000114440918,9.270000457763672,8.425426483154297,56300
9.229999542236328,9.390000343322754,9.18000030517578,9.279999732971191,8.434514999389648,46600
9.239999771118164,9.425000190734863,9.1899995803833,9.34000015258789,8.48904800415039,55800
9.25,9.380000114440918,9.1899995803833,9.239999771118164,8.39815902709961,48800
9.229999542236328,9.329999923706056,9.1899995803833,9.220000267028809,8.379981994628906,40500
9.199999809265137,9.199999809265137,9.0,9.100000381469728,8.270915031433105,60800
9.0,9.170000076293944,9.0,9.010000228881836,8.189114570617676,66500
8.869999885559082,9.159000396728516,8.680000305175781,8.989999771118164,8.170936584472656,91100
8.890000343322754,8.958999633789062,8.579999923706055,8.800000190734863,7.9982476234436035,94300
8.6899995803833,8.949999809265137,8.579999923706055,8.899999618530273,8.089136123657227,82800
8.779999732971191,9.449999809265137,8.779999732971191,9.4399995803833,8.579936981201172,190600
9.470000267028809,10.23900032043457,9.359999656677246,10.06999969482422,9.152539253234863,133700
10.06999969482422,10.1899995803833,9.520000457763672,9.710000038146973,8.825338363647461,102600
9.65999984741211,9.90999984741211,9.576000213623049,9.84000015258789,8.943493843078613,67200
9.75,9.81999969482422,9.5600004196167,9.600000381469728,8.725360870361328,33600
9.59000015258789,9.9399995803833,9.59000015258789,9.81999969482422,8.92531681060791,31700
9.729999542236328,9.789999961853027,9.479999542236328,9.609999656677246,8.734448432922363,38600
9.520000457763672,9.729999542236328,9.520000457763672,9.609999656677246,8.734448432922363,54700
9.399999618530272,9.399999618530272,8.75,9.100000381469728,8.270915031433105,101600
8.510000228881836,8.989999771118164,8.510000228881836,8.569999694824219,7.7892022132873535,137700
8.5600004196167,8.989999771118164,8.539999961853027,8.819999694824219,8.016425132751465,155900
8.850000381469727,9.270000457763672,8.789999961853027,9.079999923706056,8.252737045288086,151900
9.0,9.239999771118164,8.600000381469727,9.170000076293944,8.3345365524292,142100
9.0,9.350000381469728,9.0,9.1899995803833,8.352714538574219,61300
8.829999923706055,9.739999771118164,8.5600004196167,9.59000015258789,8.71627140045166,267600
9.579999923706056,10.300000190734863,9.239999771118164,10.289999961853027,9.352496147155762,296800
10.300000190734863,10.529999732971191,10.149999618530272,10.239999771118164,9.307051658630373,73800
10.289999961853027,10.529999732971191,10.260000228881836,10.460000038146973,9.507007598876951,81900
10.449999809265137,10.859999656677246,10.31999969482422,10.470000267028809,9.51609706878662,44000
10.291999816894531,10.539999961853027,9.899999618530272,10.149999618530272,9.225250244140623,56500
9.65999984741211,10.300000190734863,9.65999984741211,9.829999923706056,8.934405326843262,48200
9.5600004196167,9.82800006866455,9.329999923706056,9.460000038146973,8.598115921020508,29000
9.479999542236328,9.90999984741211,9.479999542236328,9.550000190734863,8.679916381835938,54800
9.479999542236328,9.904000282287598,9.479999542236328,9.56999969482422,8.698094367980957,49600
9.56999969482422,9.770000457763672,9.18000030517578,9.25,8.407248497009277,18600
9.270000457763672,9.800000190734863,9.270000457763672,9.479999542236328,8.616292953491211,58500
9.4399995803833,9.67199993133545,9.289999961853027,9.43000030517578,8.570849418640137,19100
9.40999984741211,9.640000343322754,9.31999969482422,9.510000228881836,8.643560409545898,26400
9.649999618530272,9.859999656677246,9.5,9.68000030517578,8.79807186126709,44400
9.609999656677246,9.75,9.5,9.609999656677246,8.734448432922363,18600
9.649999618530272,9.79800033569336,9.609999656677246,9.670000076293944,8.788983345031738,18300
9.619999885559082,10.199999809265137,9.619999885559082,9.81999969482422,8.92531681060791,86500
9.81999969482422,10.279999732971191,9.81999969482422,10.079999923706056,9.161627769470217,69300
9.81999969482422,10.279999732971191,9.329999923706056,9.34000015258789,8.48904800415039,86300
9.15999984741211,9.729999542236328,9.140000343322754,9.529999732971191,8.661738395690918,29600
9.539999961853027,9.789999961853027,9.489999771118164,9.770000457763672,8.879873275756836,43900
9.710000038146973,9.850000381469728,9.300000190734863,9.350000381469728,8.498137474060059,96400
9.229999542236328,9.59000015258789,9.229999542236328,9.43000030517578,8.570849418640137,19100
9.449999809265137,9.710000038146973,9.260000228881836,9.68000030517578,8.79807186126709,66400
9.489999771118164,9.689000129699709,9.18000030517578,9.329999923706056,8.479960441589355,50900
9.270000457763672,9.779999732971191,9.270000457763672,9.770000457763672,8.879873275756836,79900
9.800000190734863,9.887999534606934,9.239999771118164,9.279999732971191,8.434514999389648,72200
9.020000457763672,9.475000381469728,9.020000457763672,9.279999732971191,8.814448356628418,48500
9.279999732971191,9.279999732971191,9.020000457763672,9.020000457763672,8.567492485046387,23600
9.0600004196167,9.350000381469728,9.038999557495115,9.289999961853027,8.823946952819824,39000
9.329999923706056,9.470000267028809,9.050000190734863,9.470000267028809,8.994916915893555,89700
9.369999885559082,9.5,9.260000228881836,9.289999961853027,8.823946952819824,22300
9.350000381469728,9.350000381469728,9.029999732971191,9.229999542236328,8.766956329345703,30200
9.130000114440918,9.300000190734863,9.130000114440918,9.239999771118164,8.77645492553711,28200
9.25,9.300000190734863,9.020000457763672,9.1899995803833,8.728962898254395,28500
9.199999809265137,9.390000343322754,9.100000381469728,9.170000076293944,8.709966659545898,27500
9.149999618530272,9.329999923706056,9.050000190734863,9.1899995803833,8.728962898254395,41600
9.140000343322754,9.300000190734863,9.0600004196167,9.199999809265137,8.7384614944458,53400
9.220000267028809,9.399999618530272,9.220000267028809,9.239999771118164,8.77645492553711,31600
9.149999618530272,9.279999732971191,9.149999618530272,9.15999984741211,8.700468063354492,23400
9.18000030517578,9.210000038146973,9.0600004196167,9.09000015258789,8.633979797363281,21300
9.130000114440918,9.145000457763672,8.680000305175781,8.930000305175781,8.482007026672363,46800
8.899999618530273,9.279999732971191,8.75,8.859999656677246,8.415517807006836,64500
8.920000076293945,9.184000015258787,8.880000114440918,9.18000030517578,8.719465255737305,36500
9.119999885559082,9.25,9.119999885559082,9.25,8.785953521728516,25500
9.239999771118164,9.239999771118164,9.09000015258789,9.18000030517578,8.719465255737305,19400
9.149999618530272,9.390000343322754,9.029999732971191,9.109999656677246,8.652976036071777,57800
8.819999694824219,9.1899995803833,8.819999694824219,8.979999542236328,8.529498100280762,52600
8.899999618530273,9.079999923706056,8.829999923706055,8.899999618530273,8.453511238098145,9800
8.899999618530273,9.085000038146973,8.859999656677246,9.0600004196167,8.605485916137695,20200
9.09000015258789,9.220000267028809,9.069000244140623,9.100000381469728,8.643478393554688,28300
9.029999732971191,9.029999732971191,8.5,8.859999656677246,8.415517807006836,134400
8.850000381469727,8.90999984741211,8.819999694824219,8.829999923706055,8.38702392578125,11400
8.800000190734863,8.859999656677246,8.680000305175781,8.760000228881836,8.320535659790039,46000
8.6899995803833,8.779999732971191,8.510000228881836,8.619999885559082,8.1875581741333,55100
8.640000343322754,8.920000076293945,8.5600004196167,8.760000228881836,8.320535659790039,29800
8.760000228881836,8.920000076293945,8.760000228881836,8.84000015258789,8.396522521972656,30400
8.789999961853027,8.84000015258789,8.760000228881836,8.779999732971191,8.339531898498535,14200
8.779999732971191,8.9399995803833,8.739999771118164,8.869999885559082,8.425016403198242,32200
8.819999694824219,9.170000076293944,8.819999694824219,9.0600004196167,8.605485916137695,22500
8.989999771118164,9.100000381469728,8.710000038146973,8.930000305175781,8.482007026672363,23200
8.960000038146973,9.09000015258789,8.960000038146973,9.020000457763672,8.567492485046387,20800
9.0,9.329999923706056,8.899999618530273,9.260000228881836,8.795452117919922,44400
9.31999969482422,9.779999732971191,9.3100004196167,9.699999809265137,9.213377952575684,149800
9.600000381469728,9.800000190734863,9.34000015258789,9.579999923706056,9.099397659301758,30800
9.420000076293944,9.710000038146973,9.390000343322754,9.59000015258789,9.108896255493164,19900
9.670000076293944,9.869999885559082,9.630000114440918,9.779999732971191,9.2893648147583,30400
9.800000190734863,9.880000114440918,9.760000228881836,9.859999656677246,9.365350723266602,34200
9.75,9.920000076293944,8.979999542236328,9.770000457763672,9.279867172241213,44700
9.5,9.859999656677246,9.5,9.770000457763672,9.279867172241213,40000
9.75,9.850000381469728,9.75,9.829999923706056,9.3368558883667,27400
9.449999809265137,9.779999732971191,9.289999961853027,9.3100004196167,8.842944145202637,45200
8.899999618530273,9.5,8.899999618530273,9.119999885559082,8.662474632263184,93000
9.130000114440918,9.380000114440918,8.850000381469727,8.970000267028809,8.520000457763672,274300
9.050000190734863,9.130000114440918,9.0,9.0,8.548495292663574,24400
9.0,9.100000381469728,8.9399995803833,8.970000267028809,8.520000457763672,44600
8.989999771118164,9.380000114440918,8.979999542236328,9.0600004196167,8.605485916137695,50700
9.130000114440918,9.4399995803833,9.050000190734863,9.43000030517578,8.956923484802246,43500
9.3100004196167,9.40999984741211,9.0,9.119999885559082,8.662474632263184,55200
9.15999984741211,9.229999542236328,9.085000038146973,9.199999809265137,8.7384614944458,11600
9.260000228881836,9.399999618530272,9.09000015258789,9.18000030517578,8.719465255737305,20100
9.149999618530272,9.279999732971191,9.149999618530272,9.220000267028809,8.757458686828613,18100
9.270000457763672,9.289999961853027,9.04800033569336,9.210000038146973,8.747960090637207,22600
9.170000076293944,9.170000076293944,8.819999694824219,8.819999694824219,8.377525329589844,36400
8.859999656677246,9.104999542236328,7.889999866485596,7.980000019073486,7.579665660858154,166600
7.949999809265137,8.430000305175781,7.949999809265137,8.100000381469727,7.69364595413208,90600
8.100000381469727,8.100000381469727,7.60099983215332,7.829999923706055,7.437190532684326,64300
7.75,8.359999656677246,7.53000020980835,8.010000228881836,7.608160972595215,104000
7.53000020980835,7.929999828338623,7.210000038146973,7.739999771118164,7.351705551147461,94600
7.670000076293945,8.09000015258789,7.53000020980835,7.869999885559082,7.475183963775635,64600
7.809999942779541,8.260000228881836,7.460000038146973,8.0600004196167,7.6556525230407715,77200
8.0600004196167,8.390000343322754,8.0600004196167,8.270000457763672,7.855117797851562,33700
8.289999961853027,8.300000190734863,7.980000019073486,8.020000457763672,7.617659568786621,36100
7.989999771118164,8.380000114440918,7.863999843597412,8.09000015258789,7.684147357940674,34100
8.180000305175781,8.449999809265137,8.149999618530273,8.369999885559082,7.950100421905518,29400
8.289999961853027,8.47700023651123,8.142999649047852,8.430000305175781,8.00709056854248,24900
8.449999809265137,8.539999961853027,7.943999767303467,8.479999542236328,8.054581642150879,21900
8.239999771118164,8.404999732971191,8.083000183105469,8.119999885559082,7.712642192840576,31400
8.050000190734863,8.329999923706055,8.050000190734863,8.15999984741211,7.750635623931885,46500
8.119999885559082,8.329999923706055,8.100000381469727,8.260000228881836,7.845619201660156,31900
8.25,8.3100004196167,8.029999732971191,8.079999923706055,7.674648761749268,23500
8.0,8.262999534606934,7.90500020980835,8.079999923706055,7.674648761749268,32300
8.170000076293945,8.180000305175781,7.960000038146973,7.960000038146973,7.5606689453125,28400
7.809999942779541,8.180000305175781,7.809999942779541,7.909999847412109,7.513177394866943,45400
7.960000038146973,8.149999618530273,7.909999847412109,7.920000076293945,7.52267599105835,23900
7.900000095367432,8.069999694824219,7.889999866485596,7.929999828338623,7.532174110412598,29600
7.71999979019165,8.050000190734863,7.71999979019165,7.900000095367432,7.503679275512695,39600
7.960000038146973,8.15999984741211,7.699999809265137,7.699999809265137,7.313712120056152,30300
7.809999942779541,8.100000381469727,7.809999942779541,7.989999771118164,7.589163780212402,30400
8.029999732971191,8.109999656677246,7.760000228881836,7.760000228881836,7.370702743530273,18000
7.579999923706055,8.109999656677246,7.579999923706055,7.800000190734863,7.408696174621582,29800
7.599999904632568,8.020000457763672,7.599999904632568,7.800000190734863,7.408696174621582,31300
7.829999923706055,8.069999694824219,7.789999961853027,7.940000057220459,7.541672229766846,21500
7.889999866485596,8.130000114440918,7.889999866485596,7.980000019073486,7.579665660858154,22700
7.949999809265137,7.96999979019165,7.699999809265137,7.739999771118164,7.351705551147461,13700
7.650000095367432,7.889999866485596,7.400000095367432,7.400000095367432,7.0287628173828125,38600
7.420000076293945,7.559000015258789,7.260000228881836,7.28000020980835,6.914783000946045,51700
7.199999809265137,7.449999809265137,7.039999961853027,7.079999923706055,6.72481632232666,25100
7.199999809265137,7.400000095367432,7.039999961853027,7.309999942779541,6.943277835845947,13900
7.329999923706055,7.710000038146973,7.239999771118164,7.46999979019165,7.095250606536865,31700
7.53000020980835,7.789999961853027,7.519999980926514,7.639999866485596,7.256722450256348,31300
7.639999866485596,7.940000057220459,7.369999885559082,7.369999885559082,7.000267505645752,18500
7.360000133514404,7.920000076293945,7.360000133514404,7.710000038146973,7.323210716247559,42800
7.710000038146973,7.980000019073486,7.460000038146973,7.78000020980835,7.389699459075928,19100
7.75,8.0,7.300000190734863,7.300000190734863,6.933779716491699,31200
7.409999847412109,7.800000190734863,7.360000133514404,7.360000133514404,6.990769386291504,23400
7.389999866485596,7.670000076293945,7.098999977111816,7.400000095367432,7.0287628173828125,84600
7.440000057220459,7.630000114440918,7.25,7.25,6.886287689208984,13700
7.260000228881836,7.389999866485596,7.21999979019165,7.260000228881836,6.895786285400391,16800
7.21999979019165,7.340000152587891,7.070000171661377,7.309999942779541,6.943277835845947,21800
7.300000190734863,7.400000095367432,7.130000114440918,7.300000190734863,6.933779716491699,22200
7.239999771118164,7.263999938964844,6.860000133514404,6.940000057220459,6.591839790344238,33600
6.940000057220459,7.210000038146973,6.940000057220459,7.0,6.648829460144043,23400
7.079999923706055,7.090000152587891,6.843999862670898,6.940000057220459,6.591839790344238,23700
7.039999961853027,7.090000152587891,7.0,7.039999961853027,6.686822891235352,22800
6.96999979019165,7.150000095367432,6.96999979019165,7.039999961853027,6.686822891235352,21700
6.989999771118164,7.079999923706055,6.889999866485596,7.010000228881836,6.658328056335449,15300
7.0,7.380000114440918,7.0,7.380000114440918,7.009766101837158,33000
7.320000171661377,7.460000038146973,7.289999961853027,7.300000190734863,6.933779716491699,15900
7.559999942779541,7.570000171661377,7.300000190734863,7.400000095367432,7.0287628173828125,7500
7.489999771118164,7.489999771118164,7.300000190734863,7.329999923706055,6.962274551391602,6600
7.480000019073486,7.480000019073486,7.300000190734863,7.300000190734863,6.933779716491699,10800
7.303999900817871,7.403999805450439,7.300000190734863,7.400000095367432,7.0287628173828125,9400
7.349999904632568,7.349999904632568,6.869999885559082,6.869999885559082,6.525351047515869,27600
6.880000114440918,7.190000057220459,6.880000114440918,7.190000057220459,6.82929801940918,11600
7.059999942779541,7.099999904632568,6.900000095367432,7.099999904632568,6.743812561035156,11100
7.119999885559082,7.170000076293945,6.860000133514404,6.860000133514404,6.515852928161621,5300
7.019999980926514,7.03000020980835,6.880000114440918,6.960000038146973,6.610836505889893,3800
6.889999866485596,7.019999980926514,6.800000190734863,6.880000114440918,6.534849643707275,14500
6.900000095367432,6.900000095367432,6.840000152587891,6.840000152587891,6.496856689453125,5900
6.800000190734863,6.849999904632568,5.980000019073486,6.539999961853027,6.211906433105469,29100
6.420000076293945,6.71999979019165,6.400000095367432,6.510000228881836,6.183411598205566,10100
6.46999979019165,6.46999979019165,6.150000095367432,6.28000020980835,5.964950084686279,19700
6.349999904632568,6.349999904632568,6.139999866485596,6.139999866485596,5.831973075866699,4800
6.130000114440918,6.210000038146973,5.71999979019165,5.96999979019165,5.670501708984375,24800
5.78000020980835,6.119999885559082,5.25,5.260000228881836,4.996120929718018,66100
5.039999961853027,5.400000095367432,5.039999961853027,5.090000152587891,4.834649085998535,60100
5.039999961853027,5.300000190734863,5.010000228881836,5.010000228881836,4.758662700653076,78900
4.980000019073486,5.130000114440918,4.920000076293945,4.96999979019165,4.720668792724609,24000
4.900000095367432,4.989999771118164,3.9700000286102295,4.0,3.799331188201904,122800
4.0,4.760000228881836,4.0,4.590000152587891,4.359732627868652,278700
4.590000152587891,4.880000114440918,4.510000228881836,4.860000133514404,4.616187572479248,48000
4.840000152587891,4.880000114440918,4.579999923706055,4.75,4.5117058753967285,32700
4.730000019073486,5.5,4.579999923706055,5.199999809265137,4.9391303062438965,88900
5.210000038146973,5.489999771118164,4.816999912261963,4.829999923706055,4.587692260742188,44700
4.789999961853027,5.179999828338623,4.789999961853027,4.920000076293945,4.673177242279053,31100
4.960000038146973,5.389999866485596,4.940000057220459,5.329999923706055,5.06260871887207,58400
5.239999771118164,5.5,5.199999809265137,5.199999809265137,4.9391303062438965,33800
5.150000095367432,5.777999877929688,5.150000095367432,5.650000095367432,5.366555213928223,62400
5.679999828338623,5.769999980926514,5.400000095367432,5.400000095367432,5.129096984863281,29700
5.360000133514404,5.800000190734863,5.360000133514404,5.760000228881836,5.471036911010742,49600
5.800000190734863,5.800000190734863,5.400000095367432,5.769999980926514,5.48053503036499,61000
5.690000057220459,5.860000133514404,5.624000072479248,5.710000038146973,5.4235453605651855,32600
5.796999931335449,6.420000076293945,5.769999980926514,6.230000019073486,5.917458534240723,63700
6.159999847412109,6.550000190734863,5.599999904632568,5.929999828338623,5.632508277893066,88400
5.960000038146973,6.409999847412109,5.960000038146973,5.960000038146973,5.661003589630127,40000
5.949999809265137,6.210000038146973,5.800000190734863,6.019999980926514,5.717993259429932,62300
6.0,6.14300012588501,5.849999904632568,5.960000038146973,5.661003589630127,69600
5.699999809265137,6.0,5.349999904632568,5.960000038146973,5.661003589630127,109000
5.75,5.900000095367432,5.409999847412109,5.659999847412109,5.376053333282471,30600
5.5,6.179999828338623,5.5,5.809999942779541,5.518528461456299,50400
5.800000190734863,6.199999809265137,5.630000114440918,5.940000057220459,5.642006874084473,76700
5.800000190734863,6.5,5.800000190734863,6.269999980926514,5.955451488494873,73200
6.03000020980835,6.5,6.03000020980835,6.300000190734863,5.983946800231934,32700
6.300000190734863,6.400000095367432,6.300000190734863,6.360000133514404,6.0409369468688965,9200
6.400000095367432,6.760000228881836,6.340000152587891,6.46999979019165,6.145418167114258,26300
6.5,6.659999847412109,6.400000095367432,6.639999866485596,6.306889533996582,23300
6.539999961853027,6.659999847412109,6.400000095367432,6.639999866485596,6.306889533996582,17000
6.46999979019165,6.599999904632568,6.199999809265137,6.449999809265137,6.126421451568604,47900
6.349999904632568,6.429999828338623,6.119999885559082,6.119999885559082,5.812976837158203,14700
6.25,6.590000152587891,6.130000114440918,6.579999923706055,6.249899864196777,120500
6.409999847412109,6.800000190734863,6.409999847412109,6.53000020980835,6.202408313751221,29700
6.5,6.690000057220459,6.5,6.679999828338623,6.344882965087891,19400
6.539999961853027,7.0,6.519999980926514,6.989999771118164,6.639330863952637,16600
6.599999904632568,6.989999771118164,6.599999904632568,6.880000114440918,6.534849643707275,28700
6.909999847412109,7.0,6.840000152587891,6.900000095367432,6.55384635925293,18100
6.789999961853027,7.0,6.769999980926514,6.980000019073486,6.629832744598389,23300
6.829999923706055,7.389999866485596,6.820000171661377,6.849999904632568,6.506354331970215,130700
6.800000190734863,7.190000057220459,6.46999979019165,7.190000057220459,6.82929801940918,48800
6.900000095367432,7.179999828338623,6.75,6.900000095367432,6.55384635925293,50700
6.900000095367432,7.46999979019165,6.866000175476074,7.409999847412109,7.0382609367370605,28100
7.340000152587891,7.340000152587891,6.809999942779541,7.0,6.648829460144043,43300
7.0,7.045000076293945,6.986999988555908,7.0,6.648829460144043,49500
7.019999980926514,7.019999980926514,6.710000038146973,6.949999809265137,6.601337909698486,33100
6.760000228881836,7.179999828338623,6.730000019073486,6.800000190734863,6.458863258361816,330600
6.800000190734863,6.909999847412109,6.130000114440918,6.150000095367432,5.8414716720581055,19300
6.090000152587891,6.800000190734863,6.090000152587891,6.420000076293945,6.097926616668701,23100
6.429999828338623,6.880000114440918,6.394999980926514,6.599999904632568,6.268896579742432,40600
6.639999866485596,7.099999904632568,6.497000217437744,7.010000228881836,6.658328056335449,28400
7.0,7.199999809265137,6.810999870300293,7.090000152587891,6.734314441680908,37200
6.900000095367432,7.199999809265137,6.630000114440918,7.099999904632568,6.743812561035156,49900
6.980000019073486,7.190000057220459,6.760000228881836,7.010000228881836,6.658328056335449,29100
7.070000171661377,7.119999885559082,6.849999904632568,6.849999904632568,6.506354331970215,8200
6.849999904632568,7.449999809265137,6.78000020980835,7.449999809265137,7.076254367828369,56100
7.5,7.5,7.110000133514404,7.429999828338623,7.057257652282715,36900
7.130000114440918,7.320000171661377,6.590000152587891,6.590000152587891,6.259398460388184,50000
6.46999979019165,6.820000171661377,6.349999904632568,6.579999923706055,6.249899864196777,6500
6.5,6.739999771118164,6.400000095367432,6.400000095367432,6.078929901123047,9200
5.96999979019165,6.5,5.96999979019165,6.119999885559082,5.812976837158203,44800
5.920000076293945,6.429999828338623,5.920000076293945,6.199999809265137,5.888963222503662,19500
6.172999858856201,6.309999942779541,6.070000171661377,6.099999904632568,5.793980121612549,17100
5.860000133514404,6.090000152587891,4.900000095367432,5.909999847412109,5.613511562347412,101100
5.550000190734863,6.329999923706055,5.550000190734863,6.150000095367432,5.8414716720581055,244800
6.059999942779541,6.099999904632568,5.059999942779541,6.079999923706055,5.774983406066895,59600
5.849999904632568,6.099999904632568,5.849999904632568,6.079999923706055,5.774983406066895,16800
5.789999961853027,6.099999904632568,5.789999961853027,5.949999809265137,5.651504993438721,64100
5.96999979019165,6.570000171661377,5.96999979019165,6.429999828338623,6.107424736022949,127000
6.239999771118164,6.349999904632568,6.099999904632568,6.340000152587891,6.021940231323242,82900
6.300000190734863,6.610000133514404,6.0329999923706055,6.454999923706055,6.131170749664307,85900
6.369999885559082,6.670000076293945,6.130000114440918,6.510000228881836,6.183411598205566,26400
6.489999771118164,6.960000038146973,6.360000133514404,6.670000076293945,6.335384845733643,40400
6.552999973297119,6.800000190734863,6.552999973297119,6.75,6.411371231079102,11600
6.699999809265137,6.739999771118164,6.550000190734863,6.550000190734863,6.221405029296875,17400
6.269999980926514,6.920000076293945,6.269999980926514,6.840000152587891,6.496856689453125,355600
6.449999809265137,6.980000019073486,6.449999809265137,6.699999809265137,6.363879680633545,48100
6.710000038146973,7.050000190734863,6.619999885559082,6.849999904632568,6.506354331970215,31200
6.800000190734863,7.070000171661377,6.800000190734863,6.909999847412109,6.563344478607178,27300
6.809999942779541,7.190000057220459,6.809999942779541,7.039999961853027,6.686822891235352,52900
6.900000095367432,7.090000152587891,6.900000095367432,7.0,6.648829460144043,23100
7.079999923706055,7.079999923706055,6.940000057220459,7.079999923706055,6.72481632232666,41800
7.010000228881836,7.070000171661377,6.889999866485596,7.070000171661377,6.715318202972412,123300
6.869999885559082,7.449999809265137,6.75,6.960000038146973,6.610836505889893,165800
6.960000038146973,7.355000019073486,6.960000038146973,7.289999961853027,6.924281120300293,63600
7.329999923706055,7.449999809265137,7.179999828338623,7.409999847412109,7.0382609367370605,9000
7.380000114440918,7.409999847412109,7.139999866485596,7.369999885559082,7.000267505645752,19600
7.440000057220459,7.440000057220459,6.96999979019165,7.010000228881836,6.658328056335449,13800
7.260000228881836,7.260000228881836,6.730000019073486,6.769999980926514,6.430367946624756,14500
7.039999961853027,7.199999809265137,6.699999809265137,6.699999809265137,6.363879680633545,27400
7.019999980926514,7.170000076293945,6.920000076293945,7.039999961853027,6.686822891235352,20700
7.139999866485596,7.139999866485596,6.800000190734863,6.800000190734863,6.458863258361816,21100
6.690000057220459,6.980000019073486,6.670000076293945,6.75,6.411371231079102,53100
6.659999847412109,7.0229997634887695,6.659999847412109,7.0,6.648829460144043,52700
6.869999885559082,6.920000076293945,6.619999885559082,6.630000114440918,6.297391414642334,13200
6.489999771118164,6.989999771118164,6.489999771118164,6.820000171661377,6.477859973907471,85300
6.71999979019165,6.849999904632568,6.71999979019165,6.809999942779541,6.4683613777160645,9400
6.610000133514404,6.900000095367432,6.610000133514404,6.800000190734863,6.458863258361816,7200
6.940000057220459,6.988999843597412,6.741000175476074,6.960000038146973,6.610836505889893,7900
6.630000114440918,7.159999847412109,6.630000114440918,6.889999866485596,6.544347763061523,17000
6.763000011444092,6.840000152587891,6.400000095367432,6.710000038146973,6.373378276824951,59800
6.510000228881836,6.829999923706055,6.380000114440918,6.699999809265137,6.363879680633545,41500
6.900000095367432,6.909999847412109,6.519999980926514,6.639999866485596,6.306889533996582,37500
6.679999828338623,6.880000114440918,6.539999961853027,6.539999961853027,6.211906433105469,6800
6.389999866485596,6.889999866485596,6.389999866485596,6.619999885559082,6.287892818450928,33200
6.519999980926514,6.730000019073486,6.5,6.510000228881836,6.183411598205566,24600
6.510000228881836,6.75,6.510000228881836,6.679999828338623,6.344882965087891,7400
6.504000186920166,6.75,6.25,6.75,6.411371231079102,36400
6.679999828338623,6.679999828338623,6.300000190734863,6.460000038146973,6.13592004776001,15700
6.309999942779541,6.679999828338623,6.309999942779541,6.599999904632568,6.268896579742432,9800
6.599999904632568,6.730000019073486,6.380000114440918,6.550000190734863,6.221405029296875,17800
6.480000019073486,6.730000019073486,6.480000019073486,6.650000095367432,6.316388130187988,29100
6.570000171661377,6.570000171661377,6.402999877929688,6.460000038146973,6.13592004776001,25900
6.389999866485596,6.800000190734863,6.389999866485596,6.800000190734863,6.458863258361816,47600
6.510000228881836,6.699999809265137,5.980000019073486,6.699999809265137,6.363879680633545,63500
6.690000057220459,6.690000057220459,6.260000228881836,6.519999980926514,6.192909717559815,9700
6.5,6.619999885559082,6.349999904632568,6.349999904632568,6.03143835067749,29500
6.360000133514404,6.789999961853027,6.099999904632568,6.639999866485596,6.306889533996582,65000
6.510000228881836,6.599999904632568,6.372000217437744,6.449999809265137,6.126421451568604,17400
6.369999885559082,6.5,6.369999885559082,6.46999979019165,6.145418167114258,7700
6.46999979019165,6.550000190734863,6.440000057220459,6.449999809265137,6.126421451568604,9000
6.5,6.550000190734863,6.2129998207092285,6.349999904632568,6.03143835067749,9600
6.468999862670898,6.468999862670898,6.309999942779541,6.400000095367432,6.078929901123047,9600
6.420000076293945,6.46999979019165,6.010000228881836,6.300000190734863,5.983946800231934,32900
6.21999979019165,6.420000076293945,6.10099983215332,6.300000190734863,5.983946800231934,22800
6.230000019073486,6.369999885559082,6.230000019073486,6.289999961853027,5.974448204040527,12900
6.380000114440918,6.380000114440918,6.15500020980835,6.28000020980835,5.964950084686279,12200
6.113999843597412,6.547999858856201,6.11299991607666,6.309999942779541,5.993444919586182,9600
6.320000171661377,6.329999923706055,6.090000152587891,6.090000152587891,5.784482002258301,20500
6.139999866485596,6.210000038146973,6.119999885559082,6.150000095367432,5.8414716720581055,10200
6.090000152587891,6.420000076293945,6.019999980926514,6.019999980926514,5.717993259429932,13200
6.019999980926514,6.110000133514404,6.019999980926514,6.050000190734863,5.746488571166992,20200
6.019999980926514,6.099999904632568,6.019999980926514,6.03000020980835,5.727491855621338,12500
6.110000133514404,6.420000076293945,6.010000228881836,6.010000228881836,5.708495140075684,11000
6.050000190734863,6.199999809265137,6.0,6.199999809265137,5.888963222503662,26000
6.210000038146973,6.300000190734863,6.150000095367432,6.179999828338623,5.869966506958008,6900
6.21999979019165,6.21999979019165,6.099999904632568,6.099999904632568,5.793980121612549,7600
6.03000020980835,6.099999904632568,5.96999979019165,6.079999923706055,5.774983406066895,34600
6.03000020980835,6.150000095367432,6.03000020980835,6.150000095367432,5.8414716720581055,9700
6.039999961853027,6.139999866485596,6.039999961853027,6.059999942779541,5.75598669052124,2400
6.119999885559082,6.150000095367432,6.070000171661377,6.139999866485596,5.831973075866699,7500
6.03000020980835,6.449999809265137,6.03000020980835,6.449999809265137,6.126421451568604,9600
6.210000038146973,6.449999809265137,6.150000095367432,6.179999828338623,5.869966506958008,9400
6.090000152587891,6.119999885559082,5.190000057220459,5.75,5.461538791656494,26200
5.75,5.940000057220459,5.75,5.940000057220459,5.642006874084473,700
5.901000022888184,5.901000022888184,5.539999961853027,5.690000057220459,5.404548645019531,9600
5.590000152587891,5.742000102996826,5.465000152587891,5.510000228881836,5.233579158782959,6100
5.630000114440918,5.730000019073486,5.275000095367432,5.679999828338623,5.395050048828125,3600
5.699999809265137,5.699999809265137,5.400000095367432,5.400000095367432,5.129096984863281,16200
5.360000133514404,5.369999885559082,5.190000057220459,5.190000057220459,4.929632186889648,3700
5.199999809265137,5.46999979019165,5.199999809265137,5.300000190734863,5.034113883972168,26000
5.260000228881836,5.28000020980835,5.0,5.28000020980835,5.015117168426514,15000
5.079999923706055,5.145999908447266,4.800000190734863,4.800000190734863,4.559197425842285,20500
4.710000038146973,4.820000171661377,4.320000171661377,4.78000020980835,4.540201187133789,31200
4.730000019073486,4.880000114440918,4.730000019073486,4.880000114440918,4.635184288024902,5100
4.869999885559082,4.932000160217285,4.869999885559082,4.929999828338623,4.682675361633301,2700
4.860000133514404,5.190000057220459,4.480000019073486,5.190000057220459,4.929632186889648,11400
5.039999961853027,5.064000129699707,4.900000095367432,4.949999809265137,4.701672077178955,9200
4.909999847412109,5.004000186920166,4.730000019073486,4.809999942779541,4.568695545196533,8400
4.820000171661377,5.159999847412109,4.367000102996826,4.849999904632568,4.606688976287842,12200
4.849999904632568,4.880000114440918,4.670000076293945,4.670000076293945,4.435719013214111,8000
4.730000019073486,4.829999923706055,4.699999809265137,4.699999809265137,4.464213848114014,6900
4.521999835968018,4.670000076293945,4.521999835968018,4.659999847412109,4.426220893859863,1900
4.71999979019165,6.349999904632568,4.71999979019165,6.349999904632568,6.03143835067749,59600
6.179999828338623,6.179999828338623,5.349999904632568,5.349999904632568,5.081605434417725,20600
5.360000133514404,5.5,5.175000190734863,5.309999942779541,5.043612003326416,17400
5.380000114440918,5.789999961853027,4.639999866485596,4.639999866485596,4.407224178314209,25600
4.769999980926514,5.241000175476074,4.75,4.900000095367432,4.654181003570557,16300
4.900000095367432,5.072999954223633,4.809999942779541,4.809999942779541,4.568695545196533,5500
4.840000152587891,4.945000171661377,4.590000152587891,4.940000057220459,4.692173957824707,27600
4.840000152587891,4.840000152587891,4.659999847412109,4.760000228881836,4.521204471588135,10300
4.760000228881836,4.829999923706055,4.519999980926514,4.699999809265137,4.464213848114014,11700
4.699999809265137,4.929999828338623,4.699999809265137,4.929999828338623,4.682675361633301,9200
4.929999828338623,4.929999828338623,4.559999942779541,4.690000057220459,4.454715728759766,47000
4.550000190734863,4.90500020980835,4.300000190734863,4.610000133514404,4.378729343414307,33700
4.599999904632568,4.760000228881836,4.599999904632568,4.633999824523926,4.401525020599365,2700
4.519999980926514,4.800000190734863,4.420000076293945,4.420000076293945,4.198261260986328,13600
4.480000019073486,4.659999847412109,4.360000133514404,4.360000133514404,4.141271114349365,25400
4.380000114440918,4.710000038146973,4.380000114440918,4.389999866485596,4.169765949249268,23800
4.5,4.730000019073486,4.5,4.5,4.274247646331787,9600
4.510000228881836,4.544000148773193,4.199999809265137,4.440000057220459,4.217257499694824,14000
4.360000133514404,4.53000020980835,4.260000228881836,4.269999980926514,4.0557861328125,41200
4.510000228881836,4.510000228881836,3.660000085830689,4.429999828338623,4.207758903503418,447100
4.320000171661377,4.429999828338623,4.059999942779541,4.119999885559082,3.913311004638672,56200
4.21999979019165,4.46999979019165,4.199999809265137,4.360000133514404,4.141271114349365,41600
4.380000114440918,4.400000095367432,4.25,4.369999885559082,4.150769233703613,460400
4.400000095367432,4.699999809265137,4.400000095367432,4.699999809265137,4.464213848114014,11800
4.699999809265137,4.934999942779541,4.400000095367432,4.619999885559082,4.388227462768555,38900
4.659999847412109,4.659999847412109,4.300000190734863,4.480000019073486,4.255250930786133,18300
4.420000076293945,4.429999828338623,4.340000152587891,4.389999866485596,4.169765949249268,5600
4.400000095367432,4.400000095367432,4.099999904632568,4.099999904632568,3.8943142890930176,19900
4.210000038146973,4.659999847412109,4.14900016784668,4.360000133514404,4.141271114349365,50600
4.400000095367432,4.71999979019165,4.300000190734863,4.5,4.274247646331787,327000
4.559999942779541,4.739999771118164,4.349999904632568,4.610000133514404,4.378729343414307,70300
4.650000095367432,4.71999979019165,4.544000148773193,4.679999828338623,4.445217132568359,50700
4.650000095367432,4.980000019073486,4.543000221252441,4.920000076293945,4.673177242279053,52400
4.800000190734863,4.840000152587891,4.400000095367432,4.400000095367432,4.179264545440674,27800
4.423999786376953,4.679999828338623,4.420000076293945,4.449999809265137,4.226755619049072,9100
4.409999847412109,4.690000057220459,4.25,4.460000038146973,4.236254215240479,12800
4.440000057220459,4.539999961853027,4.2230000495910645,4.53000020980835,4.302742958068848,19200
4.539999961853027,4.539999961853027,4.420000076293945,4.420000076293945,4.198261260986328,2100
4.434000015258789,4.619999885559082,4.429999828338623,4.480000019073486,4.255250930786133,5400
4.480000019073486,4.599999904632568,4.400000095367432,4.5,4.274247646331787,18200
4.440000057220459,4.440000057220459,4.260000228881836,4.260000228881836,4.046288013458252,7700
4.281000137329102,4.540999889373779,4.28000020980835,4.440000057220459,4.217257499694824,35700
4.480000019073486,4.59499979019165,4.429999828338623,4.53000020980835,4.302742958068848,15300
4.510000228881836,4.690000057220459,4.489999771118164,4.489999771118164,4.264749050140381,2700
4.504000186920166,4.690000057220459,4.500999927520752,4.639999866485596,4.407224178314209,33100
4.690000057220459,5.090000152587891,4.635000228881836,4.739999771118164,4.502207279205322,36400
4.630000114440918,4.949999809265137,4.630000114440918,4.949999809265137,4.701672077178955,15400
4.860000133514404,5.09499979019165,4.730000019073486,4.730000019073486,4.492709159851074,2400
4.623000144958496,4.869999885559082,4.619999885559082,4.699999809265137,4.464213848114014,3000
4.690000057220459,4.989999771118164,4.619999885559082,4.989999771118164,4.739665508270264,8500
4.909999847412109,4.989999771118164,4.75,4.75,4.5117058753967285,8500
4.800000190734863,5.063000202178955,4.800000190734863,4.849999904632568,4.606688976287842,19000
4.96999979019165,4.96999979019165,4.760000228881836,4.849999904632568,4.606688976287842,4800
4.840000152587891,5.019999980926514,4.829999923706055,4.96999979019165,4.720668792724609,11500
5.170000076293945,5.25,5.0,5.090000152587891,4.834649085998535,28200
5.03000020980835,5.09499979019165,5.019999980926514,5.059999942779541,4.806153774261475,4600
5.074999809265137,5.309999942779541,5.019999980926514,5.228000164031982,4.965725898742676,13900
5.159999847412109,5.46999979019165,5.159999847412109,5.260000228881836,4.996120929718018,10000
5.349999904632568,5.599999904632568,5.300000190734863,5.300000190734863,5.034113883972168,8500
5.349999904632568,5.480000019073486,5.139999866485596,5.289999961853027,5.024615287780762,6900
5.300000190734863,5.394999980926514,5.188000202178955,5.260000228881836,4.996120929718018,6300
5.230000019073486,5.460000038146973,5.2220001220703125,5.289999961853027,5.024615287780762,15000
5.300000190734863,5.460000038146973,5.210000038146973,5.300000190734863,5.034113883972168,11500
5.320000171661377,5.323999881744385,5.199999809265137,5.260000228881836,4.996120929718018,4600
5.28000020980835,5.340000152587891,4.690000057220459,4.800000190734863,4.559197425842285,409800
4.809999942779541,5.340000152587891,4.809999942779541,5.269999980926514,5.005619049072266,23000
5.300000190734863,5.300000190734863,4.900000095367432,5.019999980926514,4.768160820007324,179500
4.920000076293945,5.820000171661377,4.920000076293945,5.559999942779541,5.281070232391357,20500
5.480000019073486,5.539999961853027,5.287000179290772,5.400000095367432,5.129096984863281,32700
5.369999885559082,5.440000057220459,5.320000171661377,5.400000095367432,5.129096984863281,27100
5.369999885559082,5.489999771118164,5.295000076293945,5.300000190734863,5.034113883972168,33300
5.25,5.5,5.119999885559082,5.119999885559082,4.8631439208984375,28500
5.110000133514404,5.329999923706055,5.050000190734863,5.289999961853027,5.024615287780762,14800
5.110000133514404,5.349999904632568,5.079999923706055,5.139999866485596,4.882140636444092,25700
5.110000133514404,5.25,5.086999893188477,5.099999904632568,4.844147205352783,14700
5.130000114440918,5.239999771118164,5.010000228881836,5.159999847412109,4.901136875152588,16100
5.179999828338623,5.340000152587891,5.099999904632568,5.139999866485596,4.882140636444092,2600
5.159999847412109,5.159999847412109,4.96999979019165,5.119999885559082,4.8631439208984375,2000
4.900000095367432,5.039999961853027,4.78000020980835,4.949999809265137,4.701672077178955,12800
4.860000133514404,5.139999866485596,4.860000133514404,5.010000228881836,4.758662700653076,11000
4.889999866485596,5.110000133514404,4.889999866485596,5.059999942779541,4.806153774261475,5400
5.059999942779541,5.059999942779541,5.010000228881836,5.010000228881836,4.758662700653076,600
5.010000228881836,5.010000228881836,5.010000228881836,5.010000228881836,4.758662700653076,200
5.125,5.139999866485596,5.019999980926514,5.019999980926514,4.768160820007324,1200
5.026000022888184,5.026000022888184,5.026000022888184,5.026000022888184,4.77385950088501,300
5.010000228881836,5.150000095367432,4.997000217437744,5.0,4.74916410446167,18400
4.989999771118164,4.989999771118164,4.96999979019165,4.96999979019165,4.720668792724609,600
4.989999771118164,5.03000020980835,4.949999809265137,5.03000020980835,4.777658939361572,3400
4.949999809265137,5.03000020980835,4.949999809265137,5.03000020980835,4.777658939361572,1700
4.974999904632568,4.974999904632568,4.789999961853027,4.869999885559082,4.625685691833496,26100
4.860000133514404,5.0,4.699999809265137,4.800000190734863,4.559197425842285,8900
4.71999979019165,4.960000038146973,4.630000114440918,4.866000175476074,4.621886730194092,17100
4.78000020980835,4.849999904632568,4.599999904632568,4.710000038146973,4.47371244430542,17900
4.739999771118164,4.896999835968018,4.723999977111816,4.739999771118164,4.502207279205322,12900
4.73799991607666,4.869999885559082,4.639999866485596,4.639999866485596,4.407224178314209,16000
4.689000129699707,4.820000171661377,4.440000057220459,4.820000171661377,4.57819414138794,8400
4.079999923706055,4.880000114440918,4.079999923706055,4.880000114440918,4.635184288024902,2100
4.579999923706055,4.639999866485596,4.539999961853027,4.550000190734863,4.321739196777344,9100
4.639999866485596,4.739999771118164,4.369999885559082,4.739999771118164,4.502207279205322,19100
4.5,4.800000190734863,4.449999809265137,4.599999904632568,4.3692307472229,12400
4.640999794006348,4.640999794006348,4.640999794006348,4.640999794006348,4.40817403793335,500
4.525000095367432,4.758999824523926,4.480000019073486,4.578999996185303,4.3492841720581055,6400
4.570000171661377,4.861999988555908,4.570000171661377,4.590000152587891,4.359732627868652,8200
4.449999809265137,4.639999866485596,4.449999809265137,4.510000228881836,4.283746242523193,3300
4.510000228881836,4.681000232696533,4.5,4.5,4.274247646331787,8500
4.510000228881836,4.651999950408936,4.340000152587891,4.429999828338623,4.207758903503418,6700
4.389999866485596,4.389999866485596,4.256999969482422,4.349999904632568,4.131772518157959,10400
4.300000190734863,4.449999809265137,4.21999979019165,4.300000190734863,4.0842814445495605,3800
4.21999979019165,4.670000076293945,4.21999979019165,4.5,4.274247646331787,16400
4.429999828338623,4.599999904632568,4.28000020980835,4.28000020980835,4.065284729003906,6400
4.269999980926514,4.28000020980835,4.269999980926514,4.28000020980835,4.065284729003906,1200
4.28000020980835,4.329999923706055,4.199999809265137,4.199999809265137,3.98929762840271,1900
4.28000020980835,4.730000019073486,4.28000020980835,4.730000019073486,4.492709159851074,1500
4.504000186920166,4.71999979019165,4.5,4.630000114440918,4.397726058959961,2700
4.550000190734863,4.630000114440918,4.510000228881836,4.630000114440918,4.397726058959961,3300
4.590000152587891,4.739999771118164,4.552000045776367,4.710000038146973,4.47371244430542,2400
4.630000114440918,4.630000114440918,4.159999847412109,4.419000148773193,4.197311401367188,4400
4.420000076293945,4.739999771118164,4.320000171661377,4.730000019073486,4.492709159851074,7900
4.53000020980835,4.579999923706055,4.440000057220459,4.449999809265137,4.226755619049072,4600
4.320000171661377,4.449999809265137,4.302999973297119,4.389999866485596,4.169765949249268,5900
4.380000114440918,4.506999969482422,4.21999979019165,4.21999979019165,4.008294105529785,5700
4.369999885559082,4.460000038146973,4.320000171661377,4.449999809265137,4.226755619049072,1000
4.5,4.659999847412109,4.5,4.659999847412109,4.426220893859863,2600
4.510000228881836,4.670000076293945,4.510000228881836,4.670000076293945,4.435719013214111,1000
4.510000228881836,4.53000020980835,4.510000228881836,4.519999980926514,4.293244361877441,600
4.510000228881836,4.71999979019165,4.5,4.71999979019165,4.483210563659668,1900
4.570000171661377,4.570000171661377,4.5,4.5,4.274247646331787,600
4.544000148773193,4.625,4.544000148773193,4.625,4.392976760864258,700
4.599999904632568,4.75,4.599999904632568,4.75,4.5117058753967285,5700
4.611000061035156,4.660999774932861,4.611000061035156,4.660999774932861,4.427170276641846,1100
4.699999809265137,4.849999904632568,4.699999809265137,4.849999904632568,4.606688976287842,13500
5.28000020980835,5.5,4.599999904632568,5.5,5.224080562591553,133400
5.47599983215332,5.559999942779541,5.377999782562256,5.510000228881836,5.233579158782959,102900
5.369999885559082,5.570000171661377,5.21999979019165,5.5,5.224080562591553,137800
5.400000095367432,5.46999979019165,5.400000095367432,5.460000038146973,5.186087131500244,5100
5.440000057220459,5.460000038146973,5.260000228881836,5.260000228881836,4.996120929718018,15000
5.260000228881836,5.480000019073486,5.260000228881836,5.260000228881836,4.996120929718018,23600
5.300000190734863,5.300000190734863,5.160999774932861,5.281000137329102,5.016067028045654,11400
5.150000095367432,5.300000190734863,5.150000095367432,5.263000011444092,4.998970031738281,25300
5.179999828338623,5.260000228881836,5.150000095367432,5.260000228881836,4.996120929718018,20600
5.159999847412109,5.210000038146973,5.150000095367432,5.210000038146973,4.948628902435303,7000
5.150000095367432,5.199999809265137,5.150000095367432,5.199999809265137,4.9391303062438965,5000
5.150000095367432,5.400000095367432,5.150000095367432,5.340000152587891,5.072107315063477,47500
5.195000171661377,5.599999904632568,5.195000171661377,5.550000190734863,5.271572113037109,52900
5.367000102996826,5.5,5.309999942779541,5.449999809265137,5.176588535308838,6200
5.343999862670898,5.489999771118164,5.159999847412109,5.489999771118164,5.2145819664001465,28000
5.400000095367432,5.429999828338623,5.179999828338623,5.369999885559082,5.100602149963379,14600
5.443999767303467,5.443999767303467,5.369999885559082,5.369999885559082,5.100602149963379,2400
5.369999885559082,5.369999885559082,5.159999847412109,5.230999946594238,4.968575477600098,5400
5.190000057220459,5.260000228881836,5.159999847412109,5.159999847412109,4.901136875152588,12700
5.234000205993652,5.400000095367432,5.170000076293945,5.199999809265137,4.9391303062438965,8000
5.199999809265137,5.599999904632568,5.150000095367432,5.300000190734863,5.034113883972168,73400
5.210000038146973,5.449999809265137,5.190000057220459,5.380000114440918,5.110100746154785,58800
5.260000228881836,5.309999942779541,5.199999809265137,5.230000019073486,4.967625617980957,12600
5.210000038146973,5.599999904632568,5.150000095367432,5.320000171661377,5.053110599517822,73800
5.380000114440918,5.5,5.320000171661377,5.434999942779541,5.162341117858887,20400
5.5,5.659999847412109,5.449999809265137,5.639999866485596,5.357056617736816,177200
5.599999904632568,5.919000148773193,5.599999904632568,5.84499979019165,5.551772594451904,154200
5.699999809265137,5.980000019073486,5.636000156402588,5.949999809265137,5.651504993438721,71300
5.96999979019165,6.800000190734863,5.809999942779541,6.300000190734863,5.983946800231934,118600
6.199999809265137,6.599999904632568,6.074999809265137,6.210000038146973,5.898461818695068,66100
6.119999885559082,6.489999771118164,6.119999885559082,6.369999885559082,6.050434589385986,58900
6.380000114440918,6.480000019073486,5.949999809265137,6.400000095367432,6.078929901123047,37900
6.400000095367432,6.659999847412109,6.400000095367432,6.659999847412109,6.325886249542236,92500
6.639999866485596,6.639999866485596,6.070000171661377,6.139999866485596,5.831973075866699,32300
6.070000171661377,6.418000221252441,5.679999828338623,6.099999904632568,5.793980121612549,85900
6.079999923706055,6.570000171661377,6.059999942779541,6.170000076293945,5.86046838760376,61400
6.170000076293945,6.639999866485596,6.170000076293945,6.239999771118164,5.926956653594971,9200
6.070000171661377,6.210000038146973,5.980000019073486,6.010000228881836,5.708495140075684,5700
6.039999961853027,6.230000019073486,5.900000095367432,6.039999961853027,5.736989974975586,7800
6.059999942779541,6.059999942779541,5.800000190734863,5.829999923706055,5.537525177001953,6100
5.880000114440918,5.880000114440918,5.75,5.769999980926514,5.48053503036499,5600
5.760000228881836,5.760000228881836,5.489999771118164,5.489999771118164,5.2145819664001465,23700
5.5,5.800000190734863,5.5,5.75,5.461538791656494,10500
5.869999885559082,5.988999843597412,5.059999942779541,5.829999923706055,5.537525177001953,95600
5.73199987411499,5.789999961853027,5.672999858856201,5.78000020980835,5.4900336265563965,1600
5.78000020980835,5.84499979019165,5.650000095367432,5.650000095367432,5.366555213928223,6200
5.690000057220459,5.690000057220459,5.610000133514404,5.650000095367432,5.366555213928223,3700
5.619999885559082,5.949999809265137,5.590000152587891,5.590000152587891,5.309565544128418,6500
5.599999904632568,6.059999942779541,5.5,5.900000095367432,5.604013442993164,86400
5.949999809265137,6.869999885559082,5.920000076293945,6.460000038146973,6.13592004776001,111900
6.539999961853027,6.539999961853027,6.059999942779541,6.320000171661377,6.002943515777588,2700
6.0329999923706055,6.199999809265137,6.03000020980835,6.050000190734863,5.746488571166992,18100
6.050000190734863,6.230000019073486,6.050000190734863,6.059999942779541,5.75598669052124,3900
6.138999938964844,6.150000095367432,6.039999961853027,6.059999942779541,5.75598669052124,19700
6.059999942779541,6.179999828338623,6.059999942779541,6.150000095367432,5.8414716720581055,3000
6.150000095367432,6.22599983215332,5.880000114440918,6.099999904632568,5.793980121612549,12800
6.0,6.0,5.900000095367432,5.949999809265137,5.651504993438721,9500
6.001999855041504,6.001999855041504,6.001999855041504,6.001999855041504,5.700896263122559,300
5.960000038146973,5.960000038146973,5.070000171661377,5.920000076293945,5.623010158538818,36400
5.659999847412109,5.659999847412109,5.659999847412109,5.659999847412109,5.376053333282471,100
5.710000038146973,6.199999809265137,5.300000190734863,6.199999809265137,5.888963222503662,36100
6.099999904632568,6.239999771118164,5.946000099182129,6.159999847412109,5.8509697914123535,19200
6.159999847412109,6.159999847412109,6.0,6.099999904632568,5.793980121612549,8500
6.099999904632568,6.099999904632568,6.0,6.010000228881836,5.708495140075684,2200
5.940000057220459,6.300000190734863,5.650000095367432,6.144999980926514,5.836722373962402,15300
6.300000190734863,6.300000190734863,5.699999809265137,5.699999809265137,5.414046764373779,6200
5.639999866485596,5.980000019073486,5.639999866485596,5.949999809265137,5.651504993438721,4800
5.510000228881836,6.197999954223633,5.510000228881836,6.130000114440918,5.822474956512451,13000
5.670000076293945,6.0,5.664999961853027,6.0,5.698996543884277,17600
5.039999961853027,5.952000141143799,4.989999771118164,5.710000038146973,5.4235453605651855,10700
5.699999809265137,6.0,5.349999904632568,5.349999904632568,5.081605434417725,5300
5.070000171661377,5.5,4.909999847412109,5.5,5.224080562591553,9800
5.5,6.0,5.5,5.632999897003174,5.35040807723999,24400
5.130000114440918,5.980000019073486,4.630000114440918,5.460000038146973,5.186087131500244,23800
5.179999828338623,5.909999847412109,5.070000171661377,5.449999809265137,5.176588535308838,9600
5.307000160217285,5.900000095367432,5.307000160217285,5.889999866485596,5.594514846801758,16800
5.599999904632568,5.989999771118164,5.590000152587891,5.710000038146973,5.4235453605651855,30000
5.170000076293945,5.989999771118164,5.170000076293945,5.611999988555908,5.330461502075195,29300
5.570000171661377,5.989999771118164,5.400000095367432,5.989999771118164,5.689498424530029,12100
5.46999979019165,6.0,5.46999979019165,5.599999904632568,5.319063663482666,37900
5.5,5.980000019073486,5.309999942779541,5.980000019073486,5.680000305175781,33500
5.570000171661377,5.989999771118164,5.570000171661377,5.989999771118164,5.989999771118164,28800
5.960000038146973,5.989999771118164,5.860000133514404,5.96999979019165,5.96999979019165,7900
5.909999847412109,5.940000057220459,5.909999847412109,5.940000057220459,5.940000057220459,300
